Workbook

Sheet About
A1: BCEU BAU Components Energy Use
A3: Sources: | B3: Future Year Scaling and non-electricity values
B4: NITI Aayog
B5: 2023
B6: India Energy Security Scenarios
B7: http://indiaenergy.gov.in/iess/docs/IESS_Version2.2.xlsx
B8: Tables X.a and X.b
B10: Electricity Use in Residential and Commercial Buildings
B11: Government of India, Ministry of Statistics and Programme Implementation
B12: 2022
B13: Energy Statistics 2022
B14: Energy Statistics India 2022.pdf (mospi.gov.in)
B15: Table 6.8
B17: LPG and Kerosene Use in Buildings
B18: Ministry of Petroleum and Natural Gas
B19: 2021
B20: Indian Petroleum & Natural Gas Statistics 2021-22
B21: IPNG-2021-22_L.pdf (mopng.gov.in)
B22: Pages 110, 113 Tables: V.9, V.12
B24: Biomass and Coal Use
B25: IIASA
B26: 2018
B27: GAINS Model: South Asia
B28: http://gains.iiasa.ac.at/models/index.html
B29: Activity Data, Energy use in the domestic sector by device type, ECLIPSE_V5a_CLE_base scenario
B31: Energy in LPG and Kerosene
B32: TERI
B33: 2021
B34: TERI Energy and Environmental Data Diary and Yearbook 2021-22
B35: TERI Energy & Environment Data Diary and Yearbook (TEDDY) 2021-22 by A TERI Publication buy online
B36: Page 15, Table 6
A38: Notes:
A39: The "Start Year" is the year before the first simulated year.
A40: The start year can be updated using the following field:
A41: 2022
A43: This variable is based on bldgs/BCEU and uses the same data sources.
A44: We separate the start year values into their own variable so that
A45: we do not need to access data from a year outside of the model's
A46: run range from BCEU, which helps people avoid introducing
A47: bugs when they update model data.

Sheet Calculations - from BCEU
A1: Building Type | B1: Fuel Type | C1: Service | D1: 2021 | E1: 2022 | F1: 2023 | G1: 2024 | H1: 2025 | I1: 2026 | J1: 2027 | K1: 2028 | L1: 2029 | M1: 2030 | N1: 2031 | O1: 2032 | P1: 2033 | Q1: 2034 | R1: 2035 | S1: 2036 | T1: 2037 | U1: 2038 | V1: 2039 | W1: 2040 | X1: 2041 | Y1: 2042 | Z1: 2043 | AA1: 2044 | AB1: 2045 | AC1: 2046 | AD1: 2047 | AE1: 2048 | AF1: 2049 | AG1: 2050 | AH1: 2051 | AI1: 2052 | AJ1: 2053 | AK1: 2054 | AL1: 2055 | AM1: 2056 | AN1: 2057 | AO1: 2058 | AP1: 2059 | AQ1: 2060 | AR1: 2061 | AS1: 2062 | AT1: 2063 | AU1: 2064 | AV1: 2065 | AW1: 2066 | AX1: 2067 | AY1: 2068 | AZ1: 2069 | BA1: 2070
A2: Urban Residential | B2: electricity (BTU) | C2: Heating | D2: 0 | E2: 0 | F2: 0 | G2: 0 | H2: 0 | I2: 0 | J2: 0 | K2: 0 | L2: 0 | M2: 0 | N2: 0 | O2: 0 | P2: 0 | Q2: 0 | R2: 0 | S2: 0 | T2: 0 | U2: 0 | V2: 0 | W2: 0 | X2: 0 | Y2: 0 | Z2: 0 | AA2: 0 | AB2: 0 | AC2: 0 | AD2: 0
A3: Urban Residential | B3: electricity (BTU) | C3: cooling & ventilation | D3: 137000000000000 | E3: 153000000000000 | F3: 173000000000000 | G3: 193000000000000 | H3: 213000000000000 | I3: 234000000000000 | J3: 255000000000000 | K3: 285000000000000 | L3: 315000000000000 | M3: 346000000000000 | N3: 378000000000000 | O3: 409000000000000 | P3: 441000000000000 | Q3: 473000000000000 | R3: 505000000000000 | S3: 538000000000000 | T3: 571000000000000 | U3: 603000000000000 | V3: 635000000000000 | W3: 668000000000000 | X3: 701000000000000 | Y3: 735000000000000 | Z3: 768000000000000 | AA3: 802000000000000 | AB3: 836000000000000 | AC3: 870000000000000 | AD3: 905000000000000
A4: Urban Residential | B4: electricity (BTU) | C4: Lighting | D4: 54900000000000 | E4: 57700000000000 | F4: 58600000000000 | G4: 59600000000000 | H4: 60500000000000 | I4: 61400000000000 | J4: 62300000000000 | K4: 63000000000000 | L4: 63600000000000 | M4: 64300000000000 | N4: 64900000000000 | O4: 65500000000000 | P4: 66900000000000 | Q4: 68200000000000 | R4: 69600000000000 | S4: 70900000000000 | T4: 72200000000000 | U4: 73500000000000 | V4: 74800000000000 | W4: 76100000000000 | X4: 77300000000000 | Y4: 78600000000000 | Z4: 79600000000000 | AA4: 80700000000000 | AB4: 81700000000000 | AC4: 82700000000000 | AD4: 83700000000000
A5: Urban Residential | B5: electricity (BTU) | C5: Appliances | D5: 185000000000000 | E5: 198000000000000 | F5: 210000000000000 | G5: 221000000000000 | H5: 233000000000000 | I5: 245000000000000 | J5: 256000000000000 | K5: 268000000000000 | L5: 281000000000000 | M5: 293000000000000 | N5: 305000000000000 | O5: 317000000000000 | P5: 328000000000000 | Q5: 338000000000000 | R5: 349000000000000 | S5: 359000000000000 | T5: 370000000000000 | U5: 382000000000000 | V5: 394000000000000 | W5: 406000000000000 | X5: 419000000000000 | Y5: 431000000000000 | Z5: 443000000000000 | AA5: 455000000000000 | AB5: 467000000000000 | AC5: 479000000000000 | AD5: 491000000000000
A6: Urban Residential | B6: electricity (BTU) | C6: Other | D6: 38000000000000 | E6: 33500000000000 | F6: 38100000000000 | G6: 42700000000000 | H6: 47500000000000 | I6: 52300000000000 | J6: 57100000000000 | K6: 64600000000000 | L6: 72100000000000 | M6: 79800000000000 | N6: 87600000000000 | O6: 95500000000000 | P6: 107000000000000 | Q6: 119000000000000 | R6: 131000000000000 | S6: 143000000000000 | T6: 156000000000000 | U6: 170000000000000 | V6: 183000000000000 | W6: 197000000000000 | X6: 212000000000000 | Y6: 226000000000000 | Z6: 242000000000000 | AA6: 258000000000000 | AB6: 274000000000000 | AC6: 290000000000000 | AD6: 307000000000000
A7: Rural Residential | B7: electricity (BTU) | C7: Heating | D7: 0 | E7: 0 | F7: 0 | G7: 0 | H7: 0 | I7: 0 | J7: 0 | K7: 0 | L7: 0 | M7: 0 | N7: 0 | O7: 0 | P7: 0 | Q7: 0 | R7: 0 | S7: 0 | T7: 0 | U7: 0 | V7: 0 | W7: 0 | X7: 0 | Y7: 0 | Z7: 0 | AA7: 0 | AB7: 0 | AC7: 0
A8: Rural Residential | B8: electricity (BTU) | C8: cooling & ventilation | D8: 298000000000000 | E8: 286000000000000 | F8: 317000000000000 | G8: 348000000000000 | H8: 379000000000000 | I8: 409000000000000 | J8: 439000000000000 | K8: 483000000000000 | L8: 525000000000000 | M8: 568000000000000 | N8: 610000000000000 | O8: 651000000000000 | P8: 690000000000000 | Q8: 728000000000000 | R8: 767000000000000 | S8: 804000000000000 | T8: 842000000000000 | U8: 875000000000000 | V8: 908000000000000 | W8: 941000000000000 | X8: 974000000000000 | Y8: 1.01e+15 | Z8: 1.04e+15 | AA8: 1.07e+15 | AB8: 1.09e+15 | AC8: 1.12e+15 | AD8: 1.15e+15
A9: Rural Residential | B9: electricity (BTU) | C9: Lighting | D9: 120000000000000 | E9: 108000000000000 | F9: 108000000000000 | G9: 108000000000000 | H9: 108000000000000 | I9: 107000000000000 | J9: 107000000000000 | K9: 107000000000000 | L9: 106000000000000 | M9: 105000000000000 | N9: 105000000000000 | O9: 104000000000000 | P9: 105000000000000 | Q9: 105000000000000 | R9: 106000000000000 | S9: 106000000000000 | T9: 107000000000000 | U9: 107000000000000 | V9: 107000000000000 | W9: 107000000000000 | X9: 107000000000000 | Y9: 108000000000000 | Z9: 107000000000000 | AA9: 107000000000000 | AB9: 107000000000000 | AC9: 107000000000000 | AD9: 107000000000000
A10: Rural Residential | B10: electricity (BTU) | C10: Appliances | D10: 403700000000000 | E10: 424700000000000 | F10: 441500000000000 | G10: 458200000000000 | H10: 474800000000000 | I10: 491200000000000 | J10: 507500000000000 | K10: 522100000000000 | L10: 536500000000000 | M10: 550800000000000 | N10: 565100000000000 | O10: 579300000000000 | P10: 588800000000000 | Q10: 598300000000000 | R10: 607800000000000 | S10: 617200000000000 | T10: 626500000000000 | U10: 636800000000000 | V10: 647000000000000 | W10: 657100000000000 | X10: 667200000000000 | Y10: 677300000000000 | Z10: 685400000000000 | AA10: 693400000000000 | AB10: 701400000000000 | AC10: 709400000000000 | AD10: 717400000000000
A11: Rural Residential | B11: electricity (BTU) | C11: Other | D11: 38000000000000 | E11: 33500000000000 | F11: 38100000000000 | G11: 42700000000000 | H11: 47500000000000 | I11: 52300000000000 | J11: 57100000000000 | K11: 64600000000000 | L11: 72100000000000 | M11: 79800000000000 | N11: 87600000000000 | O11: 95500000000000 | P11: 107000000000000 | Q11: 119000000000000 | R11: 131000000000000 | S11: 143000000000000 | T11: 156000000000000 | U11: 170000000000000 | V11: 183000000000000 | W11: 197000000000000 | X11: 212000000000000 | Y11: 226000000000000 | Z11: 242000000000000 | AA11: 258000000000000 | AB11: 274000000000000 | AC11: 290000000000000 | AD11: 307000000000000
A12: Commercial | B12: electricity (BTU) | C12: Heating | D12: 0 | E12: 0 | F12: 0 | G12: 0 | H12: 0 | I12: 0 | J12: 0 | K12: 0 | L12: 0 | M12: 0 | N12: 0 | O12: 0 | P12: 0 | Q12: 0 | R12: 0 | S12: 0 | T12: 0 | U12: 0 | V12: 0 | W12: 0 | X12: 0 | Y12: 0 | Z12: 0 | AA12: 0 | AB12: 0 | AC12: 0 | AD12: 0
A13: Commercial | B13: electricity (BTU) | C13: cooling & ventilation | D13: 191000000000000 | E13: 224000000000000 | F13: 236000000000000 | G13: 249000000000000 | H13: 261000000000000 | I13: 274000000000000 | J13: 286000000000000 | K13: 304000000000000 | L13: 323000000000000 | M13: 341000000000000 | N13: 359000000000000 | O13: 378000000000000 | P13: 404000000000000 | Q13: 430000000000000 | R13: 456000000000000 | S13: 482000000000000 | T13: 508000000000000 | U13: 539000000000000 | V13: 569000000000000 | W13: 600000000000000 | X13: 630000000000000 | Y13: 661000000000000 | Z13: 697000000000000 | AA13: 734000000000000 | AB13: 770000000000000 | AC13: 806000000000000 | AD13: 843000000000000
A14: Commercial | B14: electricity (BTU) | C14: Lighting | D14: 38200000000000 | E14: 44100000000000 | F14: 45500000000000 | G14: 47000000000000 | H14: 48400000000000 | I14: 49800000000000 | J14: 51300000000000 | K14: 53400000000000 | L14: 55500000000000 | M14: 57700000000000 | N14: 59800000000000 | O14: 62000000000000 | P14: 66700000000000 | Q14: 71400000000000 | R14: 76100000000000 | S14: 80800000000000 | T14: 85600000000000 | U14: 91500000000000 | V14: 97400000000000 | W14: 103000000000000 | X14: 109000000000000 | Y14: 115000000000000 | Z14: 123000000000000 | AA14: 131000000000000 | AB14: 138000000000000 | AC14: 146000000000000 | AD14: 154000000000000
A15: Commercial | B15: electricity (BTU) | C15: Appliances | D15: 58800000000000 | E15: 68000000000000 | F15: 69500000000000 | G15: 70900000000000 | H15: 72300000000000 | I15: 73800000000000 | J15: 75200000000000 | K15: 76900000000000 | L15: 78500000000000 | M15: 80200000000000 | N15: 81800000000000 | O15: 83500000000000 | P15: 84900000000000 | Q15: 86400000000000 | R15: 87800000000000 | S15: 89200000000000 | T15: 90700000000000 | U15: 92300000000000 | V15: 93900000000000 | W15: 95500000000000 | X15: 97100000000000 | Y15: 98700000000000 | Z15: 100000000000000 | AA15: 102000000000000 | AB15: 103000000000000 | AC15: 104000000000000 | AD15: 106000000000000
A16: Commercial | B16: electricity (BTU) | C16: Other | D16: 30800000000000 | E16: 31700000000000 | F16: 32500000000000 | G16: 33300000000000 | H16: 34100000000000 | I16: 34900000000000 | J16: 35700000000000 | K16: 37200000000000 | L16: 38700000000000 | M16: 40200000000000 | N16: 41700000000000 | O16: 43200000000000 | P16: 46500000000000 | Q16: 49700000000000 | R16: 53000000000000 | S16: 56300000000000 | T16: 59600000000000 | U16: 66500000000000 | V16: 73400000000000 | W16: 80200000000000 | X16: 87100000000000 | Y16: 94000000000000 | Z16: 96600000000000 | AA16: 99200000000000 | AB16: 102000000000000 | AC16: 104000000000000 | AD16: 107000000000000
A17: Urban Residential | B17: coal (BTU) | C17: Heating | D17: 0 | E17: 0 | F17: 0 | G17: 0 | H17: 0 | I17: 0 | J17: 0 | K17: 0 | L17: 0 | M17: 0 | N17: 0 | O17: 0 | P17: 0 | Q17: 0 | R17: 0 | S17: 0 | T17: 0 | U17: 0 | V17: 0 | W17: 0 | X17: 0 | Y17: 0 | Z17: 0 | AA17: 0 | AB17: 0 | AC17: 0 | AD17: 0
A18: Urban Residential | B18: coal (BTU) | C18: cooling & ventilation | D18: 0 | E18: 0 | F18: 0 | G18: 0 | H18: 0 | I18: 0 | J18: 0 | K18: 0 | L18: 0 | M18: 0 | N18: 0 | O18: 0 | P18: 0 | Q18: 0 | R18: 0 | S18: 0 | T18: 0 | U18: 0 | V18: 0 | W18: 0 | X18: 0 | Y18: 0 | Z18: 0 | AA18: 0 | AB18: 0 | AC18: 0 | AD18: 0
A19: Urban Residential | B19: coal (BTU) | C19: Lighting | D19: 0 | E19: 0 | F19: 0 | G19: 0 | H19: 0 | I19: 0 | J19: 0 | K19: 0 | L19: 0 | M19: 0 | N19: 0 | O19: 0 | P19: 0 | Q19: 0 | R19: 0 | S19: 0 | T19: 0 | U19: 0 | V19: 0 | W19: 0 | X19: 0 | Y19: 0 | Z19: 0 | AA19: 0 | AB19: 0 | AC19: 0 | AD19: 0
... A21: Urban Residential | B21: coal (BTU) | C21: Other | D21: 0 | E21: 0 | F21: 0 | G21: 0 | H21: 0 | I21: 0 | J21: 0 | K21: 0 | L21: 0 | M21: 0 | N21: 0 | O21: 0 | P21: 0 | Q21: 0 | R21: 0 | S21: 0 | T21: 0 | U21: 0 | V21: 0 | W21: 0 | X21: 0 | Y21: 0 | Z21: 0 | AA21: 0 | AB21: 0 | AC21: 0 | AD21: 0
A22: Rural Residential | B22: coal (BTU) | C22: Heating | D22: 0 | E22: 0 | F22: 0 | G22: 0 | H22: 0 | I22: 0 | J22: 0 | K22: 0 | L22: 0 | M22: 0 | N22: 0 | O22: 0 | P22: 0 | Q22: 0 | R22: 0 | S22: 0 | T22: 0 | U22: 0 | V22: 0 | W22: 0 | X22: 0 | Y22: 0 | Z22: 0 | AA22: 0 | AB22: 0 | AC22: 0
A23: Rural Residential | B23: coal (BTU) | C23: cooling & ventilation | D23: 0 | E23: 0 | F23: 0 | G23: 0 | H23: 0 | I23: 0 | J23: 0 | K23: 0 | L23: 0 | M23: 0 | N23: 0 | O23: 0 | P23: 0 | Q23: 0 | R23: 0 | S23: 0 | T23: 0 | U23: 0 | V23: 0 | W23: 0 | X23: 0 | Y23: 0 | Z23: 0 | AA23: 0 | AB23: 0 | AC23: 0 | AD23: 0
A24: Rural Residential | B24: coal (BTU) | C24: Lighting | D24: 0 | E24: 0 | F24: 0 | G24: 0 | H24: 0 | I24: 0 | J24: 0 | K24: 0 | L24: 0 | M24: 0 | N24: 0 | O24: 0 | P24: 0 | Q24: 0 | R24: 0 | S24: 0 | T24: 0 | U24: 0 | V24: 0 | W24: 0 | X24: 0 | Y24: 0 | Z24: 0 | AA24: 0 | AB24: 0 | AC24: 0 | AD24: 0
A25: Rural Residential | B25: coal (BTU) | C25: Appliances | D25: 0 | E25: 0 | F25: 0 | G25: 0 | H25: 0 | I25: 0 | J25: 0 | K25: 0 | L25: 0 | M25: 0 | N25: 0 | O25: 0 | P25: 0 | Q25: 0 | R25: 0 | S25: 0 | T25: 0 | U25: 0 | V25: 0 | W25: 0 | X25: 0 | Y25: 0 | Z25: 0 | AA25: 0 | AB25: 0 | AC25: 0 | AD25: 0
A26: Rural Residential | B26: coal (BTU) | C26: Other | D26: 0 | E26: 0 | F26: 0 | G26: 0 | H26: 0 | I26: 0 | J26: 0 | K26: 0 | L26: 0 | M26: 0 | N26: 0 | O26: 0 | P26: 0 | Q26: 0 | R26: 0 | S26: 0 | T26: 0 | U26: 0 | V26: 0 | W26: 0 | X26: 0 | Y26: 0 | Z26: 0 | AA26: 0 | AB26: 0 | AC26: 0 | AD26: 0
A27: Commercial | B27: coal (BTU) | C27: Heating | D27: 0 | E27: 0 | F27: 0 | G27: 0 | H27: 0 | I27: 0 | J27: 0 | K27: 0 | L27: 0 | M27: 0 | N27: 0 | O27: 0 | P27: 0 | Q27: 0 | R27: 0 | S27: 0 | T27: 0 | U27: 0 | V27: 0 | W27: 0 | X27: 0 | Y27: 0 | Z27: 0 | AA27: 0 | AB27: 0 | AC27: 0 | AD27: 0
A28: Commercial | B28: coal (BTU) | C28: cooling & ventilation | D28: 0 | E28: 0 | F28: 0 | G28: 0 | H28: 0 | I28: 0 | J28: 0 | K28: 0 | L28: 0 | M28: 0 | N28: 0 | O28: 0 | P28: 0 | Q28: 0 | R28: 0 | S28: 0 | T28: 0 | U28: 0 | V28: 0 | W28: 0 | X28: 0 | Y28: 0 | Z28: 0 | AA28: 0 | AB28: 0 | AC28: 0 | AD28: 0
A29: Commercial | B29: coal (BTU) | C29: Lighting | D29: 0 | E29: 0 | F29: 0 | G29: 0 | H29: 0 | I29: 0 | J29: 0 | K29: 0 | L29: 0 | M29: 0 | N29: 0 | O29: 0 | P29: 0 | Q29: 0 | R29: 0 | S29: 0 | T29: 0 | U29: 0 | V29: 0 | W29: 0 | X29: 0 | Y29: 0 | Z29: 0 | AA29: 0 | AB29: 0 | AC29: 0 | AD29: 0
A30: Commercial | B30: coal (BTU) | C30: Appliances | D30: 0 | E30: 0 | F30: 0 | G30: 0 | H30: 0 | I30: 0 | J30: 0 | K30: 0 | L30: 0 | M30: 0 | N30: 0 | O30: 0 | P30: 0 | Q30: 0 | R30: 0 | S30: 0 | T30: 0 | U30: 0 | V30: 0 | W30: 0 | X30: 0 | Y30: 0 | Z30: 0 | AA30: 0 | AB30: 0 | AC30: 0 | AD30: 0
A31: Commercial | B31: coal (BTU) | C31: Other | D31: 0 | E31: 0 | F31: 0 | G31: 0 | H31: 0 | I31: 0 | J31: 0 | K31: 0 | L31: 0 | M31: 0 | N31: 0 | O31: 0 | P31: 0 | Q31: 0 | R31: 0 | S31: 0 | T31: 0 | U31: 0 | V31: 0 | W31: 0 | X31: 0 | Y31: 0 | Z31: 0 | AA31: 0 | AB31: 0 | AC31: 0 | AD31: 0
A32: Urban Residential | B32: natural gas (BTU) | C32: Heating | D32: 0 | E32: 0 | F32: 0 | G32: 0 | H32: 0 | I32: 0 | J32: 0 | K32: 0 | L32: 0 | M32: 0 | N32: 0 | O32: 0 | P32: 0 | Q32: 0 | R32: 0 | S32: 0 | T32: 0 | U32: 0 | V32: 0 | W32: 0 | X32: 0 | Y32: 0 | Z32: 0 | AA32: 0 | AB32: 0 | AC32: 0 | AD32: 0
A33: Urban Residential | B33: natural gas (BTU) | C33: cooling & ventilation | D33: 0 | E33: 0 | F33: 0 | G33: 0 | H33: 0 | I33: 0 | J33: 0 | K33: 0 | L33: 0 | M33: 0 | N33: 0 | O33: 0 | P33: 0 | Q33: 0 | R33: 0 | S33: 0 | T33: 0 | U33: 0 | V33: 0 | W33: 0 | X33: 0 | Y33: 0 | Z33: 0 | AA33: 0 | AB33: 0 | AC33: 0 | AD33: 0
A34: Urban Residential | B34: natural gas (BTU) | C34: Lighting | D34: 0 | E34: 0 | F34: 0 | G34: 0 | H34: 0 | I34: 0 | J34: 0 | K34: 0 | L34: 0 | M34: 0 | N34: 0 | O34: 0 | P34: 0 | Q34: 0 | R34: 0 | S34: 0 | T34: 0 | U34: 0 | V34: 0 | W34: 0 | X34: 0 | Y34: 0 | Z34: 0 | AA34: 0 | AB34: 0 | AC34: 0 | AD34: 0
... A36: Urban Residential | B36: natural gas (BTU) | C36: Other | D36: 0 | E36: 0 | F36: 0 | G36: 0 | H36: 0 | I36: 0 | J36: 0 | K36: 0 | L36: 0 | M36: 0 | N36: 0 | O36: 0 | P36: 0 | Q36: 0 | R36: 0 | S36: 0 | T36: 0 | U36: 0 | V36: 0 | W36: 0 | X36: 0 | Y36: 0 | Z36: 0 | AA36: 0 | AB36: 0 | AC36: 0 | AD36: 0
A37: Rural Residential | B37: natural gas (BTU) | C37: Heating | D37: 0 | E37: 0 | F37: 0 | G37: 0 | H37: 0 | I37: 0 | J37: 0 | K37: 0 | L37: 0 | M37: 0 | N37: 0 | O37: 0 | P37: 0 | Q37: 0 | R37: 0 | S37: 0 | T37: 0 | U37: 0 | V37: 0 | W37: 0 | X37: 0 | Y37: 0 | Z37: 0 | AA37: 0 | AB37: 0 | AC37: 0
A38: Rural Residential | B38: natural gas (BTU) | C38: cooling & ventilation | D38: 0 | E38: 0 | F38: 0 | G38: 0 | H38: 0 | I38: 0 | J38: 0 | K38: 0 | L38: 0 | M38: 0 | N38: 0 | O38: 0 | P38: 0 | Q38: 0 | R38: 0 | S38: 0 | T38: 0 | U38: 0 | V38: 0 | W38: 0 | X38: 0 | Y38: 0 | Z38: 0 | AA38: 0 | AB38: 0 | AC38: 0 | AD38: 0
A39: Rural Residential | B39: natural gas (BTU) | C39: Lighting | D39: 0 | E39: 0 | F39: 0 | G39: 0 | H39: 0 | I39: 0 | J39: 0 | K39: 0 | L39: 0 | M39: 0 | N39: 0 | O39: 0 | P39: 0 | Q39: 0 | R39: 0 | S39: 0 | T39: 0 | U39: 0 | V39: 0 | W39: 0 | X39: 0 | Y39: 0 | Z39: 0 | AA39: 0 | AB39: 0 | AC39: 0 | AD39: 0
A40: Rural Residential | B40: natural gas (BTU) | C40: Appliances | D40: 62860000000000 | E40: 66860000000000 | F40: 70140000000000 | G40: 73420000000000 | H40: 76700000000000 | I40: 79980000000000 | J40: 83260000000000 | K40: 88330000000000 | L40: 93400000000000 | M40: 98470000000000 | N40: 103500000000000 | O40: 108600000000000 | P40: 114700000000000 | Q40: 120800000000000 | R40: 126900000000000 | S40: 133000000000000 | T40: 139100000000000 | U40: 143500000000000 | V40: 147900000000000 | W40: 152200000000000 | X40: 156600000000000 | Y40: 160900000000000 | Z40: 164900000000000 | AA40: 168900000000000 | AB40: 172900000000000 | AC40: 176900000000000 | AD40: 180900000000000
A41: Rural Residential | B41: natural gas (BTU) | C41: Other | D41: 0 | E41: 0 | F41: 0 | G41: 0 | H41: 0 | I41: 0 | J41: 0 | K41: 0 | L41: 0 | M41: 0 | N41: 0 | O41: 0 | P41: 0 | Q41: 0 | R41: 0 | S41: 0 | T41: 0 | U41: 0 | V41: 0 | W41: 0 | X41: 0 | Y41: 0 | Z41: 0 | AA41: 0 | AB41: 0 | AC41: 0 | AD41: 0
A42: Commercial | B42: natural gas (BTU) | C42: Heating | D42: 0 | E42: 0 | F42: 0 | G42: 0 | H42: 0 | I42: 0 | J42: 0 | K42: 0 | L42: 0 | M42: 0 | N42: 0 | O42: 0 | P42: 0 | Q42: 0 | R42: 0 | S42: 0 | T42: 0 | U42: 0 | V42: 0 | W42: 0 | X42: 0 | Y42: 0 | Z42: 0 | AA42: 0 | AB42: 0 | AC42: 0 | AD42: 0
A43: Commercial | B43: natural gas (BTU) | C43: cooling & ventilation | D43: 0 | E43: 0 | F43: 0 | G43: 0 | H43: 0 | I43: 0 | J43: 0 | K43: 0 | L43: 0 | M43: 0 | N43: 0 | O43: 0 | P43: 0 | Q43: 0 | R43: 0 | S43: 0 | T43: 0 | U43: 0 | V43: 0 | W43: 0 | X43: 0 | Y43: 0 | Z43: 0 | AA43: 0 | AB43: 0 | AC43: 0 | AD43: 0
A44: Commercial | B44: natural gas (BTU) | C44: Lighting | D44: 0 | E44: 0 | F44: 0 | G44: 0 | H44: 0 | I44: 0 | J44: 0 | K44: 0 | L44: 0 | M44: 0 | N44: 0 | O44: 0 | P44: 0 | Q44: 0 | R44: 0 | S44: 0 | T44: 0 | U44: 0 | V44: 0 | W44: 0 | X44: 0 | Y44: 0 | Z44: 0 | AA44: 0 | AB44: 0 | AC44: 0 | AD44: 0
A45: Commercial | B45: natural gas (BTU) | C45: Appliances | D45: 0 | E45: 0 | F45: 0 | G45: 0 | H45: 0 | I45: 0 | J45: 0 | K45: 0 | L45: 0 | M45: 0 | N45: 0 | O45: 0 | P45: 0 | Q45: 0 | R45: 0 | S45: 0 | T45: 0 | U45: 0 | V45: 0 | W45: 0 | X45: 0 | Y45: 0 | Z45: 0 | AA45: 0 | AB45: 0 | AC45: 0 | AD45: 0
A46: Commercial | B46: natural gas (BTU) | C46: Other | D46: 0 | E46: 0 | F46: 0 | G46: 0 | H46: 0 | I46: 0 | J46: 0 | K46: 0 | L46: 0 | M46: 0 | N46: 0 | O46: 0 | P46: 0 | Q46: 0 | R46: 0 | S46: 0 | T46: 0 | U46: 0 | V46: 0 | W46: 0 | X46: 0 | Y46: 0 | Z46: 0 | AA46: 0 | AB46: 0 | AC46: 0 | AD46: 0
A47: Urban Residential | B47: petroleum diesel (BTU) | C47: Heating | D47: 0 | E47: 0 | F47: 0 | G47: 0 | H47: 0 | I47: 0 | J47: 0 | K47: 0 | L47: 0 | M47: 0 | N47: 0 | O47: 0 | P47: 0 | Q47: 0 | R47: 0 | S47: 0 | T47: 0 | U47: 0 | V47: 0 | W47: 0 | X47: 0 | Y47: 0 | Z47: 0 | AA47: 0 | AB47: 0 | AC47: 0 | AD47: 0
A48: Urban Residential | B48: petroleum diesel (BTU) | C48: cooling & ventilation | D48: 0 | E48: 0 | F48: 0 | G48: 0 | H48: 0 | I48: 0 | J48: 0 | K48: 0 | L48: 0 | M48: 0 | N48: 0 | O48: 0 | P48: 0 | Q48: 0 | R48: 0 | S48: 0 | T48: 0 | U48: 0 | V48: 0 | W48: 0 | X48: 0 | Y48: 0 | Z48: 0 | AA48: 0 | AB48: 0 | AC48: 0 | AD48: 0
A49: Urban Residential | B49: petroleum diesel (BTU) | C49: Lighting | D49: 0 | E49: 0 | F49: 0 | G49: 0 | H49: 0 | I49: 0 | J49: 0 | K49: 0 | L49: 0 | M49: 0 | N49: 0 | O49: 0 | P49: 0 | Q49: 0 | R49: 0 | S49: 0 | T49: 0 | U49: 0 | V49: 0 | W49: 0 | X49: 0 | Y49: 0 | Z49: 0 | AA49: 0 | AB49: 0 | AC49: 0 | AD49: 0
... A51: Urban Residential | B51: petroleum diesel (BTU) | C51: Other | D51: 0 | E51: 0 | F51: 0 | G51: 0 | H51: 0 | I51: 0 | J51: 0 | K51: 0 | L51: 0 | M51: 0 | N51: 0 | O51: 0 | P51: 0 | Q51: 0 | R51: 0 | S51: 0 | T51: 0 | U51: 0 | V51: 0 | W51: 0 | X51: 0 | Y51: 0 | Z51: 0 | AA51: 0 | AB51: 0 | AC51: 0 | AD51: 0
A52: Rural Residential | B52: petroleum diesel (BTU) | C52: Heating | D52: 0 | E52: 0 | F52: 0 | G52: 0 | H52: 0 | I52: 0 | J52: 0 | K52: 0 | L52: 0 | M52: 0 | N52: 0 | O52: 0 | P52: 0 | Q52: 0 | R52: 0 | S52: 0 | T52: 0 | U52: 0 | V52: 0 | W52: 0 | X52: 0 | Y52: 0 | Z52: 0 | AA52: 0 | AB52: 0 | AC52: 0
A53: Rural Residential | B53: petroleum diesel (BTU) | C53: cooling & ventilation | D53: 0 | E53: 0 | F53: 0 | G53: 0 | H53: 0 | I53: 0 | J53: 0 | K53: 0 | L53: 0 | M53: 0 | N53: 0 | O53: 0 | P53: 0 | Q53: 0 | R53: 0 | S53: 0 | T53: 0 | U53: 0 | V53: 0 | W53: 0 | X53: 0 | Y53: 0 | Z53: 0 | AA53: 0 | AB53: 0 | AC53: 0 | AD53: 0
A54: Rural Residential | B54: petroleum diesel (BTU) | C54: Lighting | D54: 0 | E54: 0 | F54: 0 | G54: 0 | H54: 0 | I54: 0 | J54: 0 | K54: 0 | L54: 0 | M54: 0 | N54: 0 | O54: 0 | P54: 0 | Q54: 0 | R54: 0 | S54: 0 | T54: 0 | U54: 0 | V54: 0 | W54: 0 | X54: 0 | Y54: 0 | Z54: 0 | AA54: 0 | AB54: 0 | AC54: 0 | AD54: 0
A55: Rural Residential | B55: petroleum diesel (BTU) | C55: Appliances | D55: 0 | E55: 0 | F55: 0 | G55: 0 | H55: 0 | I55: 0 | J55: 0 | K55: 0 | L55: 0 | M55: 0 | N55: 0 | O55: 0 | P55: 0 | Q55: 0 | R55: 0 | S55: 0 | T55: 0 | U55: 0 | V55: 0 | W55: 0 | X55: 0 | Y55: 0 | Z55: 0 | AA55: 0 | AB55: 0 | AC55: 0 | AD55: 0
A56: Rural Residential | B56: petroleum diesel (BTU) | C56: Other | D56: 0 | E56: 0 | F56: 0 | G56: 0 | H56: 0 | I56: 0 | J56: 0 | K56: 0 | L56: 0 | M56: 0 | N56: 0 | O56: 0 | P56: 0 | Q56: 0 | R56: 0 | S56: 0 | T56: 0 | U56: 0 | V56: 0 | W56: 0 | X56: 0 | Y56: 0 | Z56: 0 | AA56: 0 | AB56: 0 | AC56: 0 | AD56: 0
A57: Commercial | B57: petroleum diesel (BTU) | C57: Heating | D57: 0 | E57: 0 | F57: 0 | G57: 0 | H57: 0 | I57: 0 | J57: 0 | K57: 0 | L57: 0 | M57: 0 | N57: 0 | O57: 0 | P57: 0 | Q57: 0 | R57: 0 | S57: 0 | T57: 0 | U57: 0 | V57: 0 | W57: 0 | X57: 0 | Y57: 0 | Z57: 0 | AA57: 0 | AB57: 0 | AC57: 0 | AD57: 0
A58: Commercial | B58: petroleum diesel (BTU) | C58: cooling & ventilation | D58: 0 | E58: 0 | F58: 0 | G58: 0 | H58: 0 | I58: 0 | J58: 0 | K58: 0 | L58: 0 | M58: 0 | N58: 0 | O58: 0 | P58: 0 | Q58: 0 | R58: 0 | S58: 0 | T58: 0 | U58: 0 | V58: 0 | W58: 0 | X58: 0 | Y58: 0 | Z58: 0 | AA58: 0 | AB58: 0 | AC58: 0 | AD58: 0
A59: Commercial | B59: petroleum diesel (BTU) | C59: Lighting | D59: 0 | E59: 0 | F59: 0 | G59: 0 | H59: 0 | I59: 0 | J59: 0 | K59: 0 | L59: 0 | M59: 0 | N59: 0 | O59: 0 | P59: 0 | Q59: 0 | R59: 0 | S59: 0 | T59: 0 | U59: 0 | V59: 0 | W59: 0 | X59: 0 | Y59: 0 | Z59: 0 | AA59: 0 | AB59: 0 | AC59: 0 | AD59: 0
A60: Commercial | B60: petroleum diesel (BTU) | C60: Appliances | D60: 0 | E60: 0 | F60: 0 | G60: 0 | H60: 0 | I60: 0 | J60: 0 | K60: 0 | L60: 0 | M60: 0 | N60: 0 | O60: 0 | P60: 0 | Q60: 0 | R60: 0 | S60: 0 | T60: 0 | U60: 0 | V60: 0 | W60: 0 | X60: 0 | Y60: 0 | Z60: 0 | AA60: 0 | AB60: 0 | AC60: 0 | AD60: 0
A61: Commercial | B61: petroleum diesel (BTU) | C61: Other | D61: 0 | E61: 0 | F61: 0 | G61: 0 | H61: 0 | I61: 0 | J61: 0 | K61: 0 | L61: 0 | M61: 0 | N61: 0 | O61: 0 | P61: 0 | Q61: 0 | R61: 0 | S61: 0 | T61: 0 | U61: 0 | V61: 0 | W61: 0 | X61: 0 | Y61: 0 | Z61: 0 | AA61: 0 | AB61: 0 | AC61: 0 | AD61: 0
A62: Urban Residential | B62: heat (BTU) | C62: Heating | D62: 0 | E62: 0 | F62: 0 | G62: 0 | H62: 0 | I62: 0 | J62: 0 | K62: 0 | L62: 0 | M62: 0 | N62: 0 | O62: 0 | P62: 0 | Q62: 0 | R62: 0 | S62: 0 | T62: 0 | U62: 0 | V62: 0 | W62: 0 | X62: 0 | Y62: 0 | Z62: 0 | AA62: 0 | AB62: 0 | AC62: 0 | AD62: 0
A63: Urban Residential | B63: heat (BTU) | C63: cooling & ventilation | D63: 0 | E63: 0 | F63: 0 | G63: 0 | H63: 0 | I63: 0 | J63: 0 | K63: 0 | L63: 0 | M63: 0 | N63: 0 | O63: 0 | P63: 0 | Q63: 0 | R63: 0 | S63: 0 | T63: 0 | U63: 0 | V63: 0 | W63: 0 | X63: 0 | Y63: 0 | Z63: 0 | AA63: 0 | AB63: 0 | AC63: 0 | AD63: 0
A64: Urban Residential | B64: heat (BTU) | C64: Lighting | D64: 0 | E64: 0 | F64: 0 | G64: 0 | H64: 0 | I64: 0 | J64: 0 | K64: 0 | L64: 0 | M64: 0 | N64: 0 | O64: 0 | P64: 0 | Q64: 0 | R64: 0 | S64: 0 | T64: 0 | U64: 0 | V64: 0 | W64: 0 | X64: 0 | Y64: 0 | Z64: 0 | AA64: 0 | AB64: 0 | AC64: 0 | AD64: 0
... A66: Urban Residential | B66: heat (BTU) | C66: Other | D66: 0 | E66: 0 | F66: 0 | G66: 0 | H66: 0 | I66: 0 | J66: 0 | K66: 0 | L66: 0 | M66: 0 | N66: 0 | O66: 0 | P66: 0 | Q66: 0 | R66: 0 | S66: 0 | T66: 0 | U66: 0 | V66: 0 | W66: 0 | X66: 0 | Y66: 0 | Z66: 0 | AA66: 0 | AB66: 0 | AC66: 0 | AD66: 0
A67: Rural Residential | B67: heat (BTU) | C67: Heating | D67: 0 | E67: 0 | F67: 0 | G67: 0 | H67: 0 | I67: 0 | J67: 0 | K67: 0 | L67: 0 | M67: 0 | N67: 0 | O67: 0 | P67: 0 | Q67: 0 | R67: 0 | S67: 0 | T67: 0 | U67: 0 | V67: 0 | W67: 0 | X67: 0 | Y67: 0 | Z67: 0 | AA67: 0 | AB67: 0 | AC67: 0
A68: Rural Residential | B68: heat (BTU) | C68: cooling & ventilation | D68: 0 | E68: 0 | F68: 0 | G68: 0 | H68: 0 | I68: 0 | J68: 0 | K68: 0 | L68: 0 | M68: 0 | N68: 0 | O68: 0 | P68: 0 | Q68: 0 | R68: 0 | S68: 0 | T68: 0 | U68: 0 | V68: 0 | W68: 0 | X68: 0 | Y68: 0 | Z68: 0 | AA68: 0 | AB68: 0 | AC68: 0 | AD68: 0
A69: Rural Residential | B69: heat (BTU) | C69: Lighting | D69: 0 | E69: 0 | F69: 0 | G69: 0 | H69: 0 | I69: 0 | J69: 0 | K69: 0 | L69: 0 | M69: 0 | N69: 0 | O69: 0 | P69: 0 | Q69: 0 | R69: 0 | S69: 0 | T69: 0 | U69: 0 | V69: 0 | W69: 0 | X69: 0 | Y69: 0 | Z69: 0 | AA69: 0 | AB69: 0 | AC69: 0 | AD69: 0
A70: Rural Residential | B70: heat (BTU) | C70: Appliances | D70: 0 | E70: 0 | F70: 0 | G70: 0 | H70: 0 | I70: 0 | J70: 0 | K70: 0 | L70: 0 | M70: 0 | N70: 0 | O70: 0 | P70: 0 | Q70: 0 | R70: 0 | S70: 0 | T70: 0 | U70: 0 | V70: 0 | W70: 0 | X70: 0 | Y70: 0 | Z70: 0 | AA70: 0 | AB70: 0 | AC70: 0 | AD70: 0
A71: Rural Residential | B71: heat (BTU) | C71: Other | D71: 0 | E71: 0 | F71: 0 | G71: 0 | H71: 0 | I71: 0 | J71: 0 | K71: 0 | L71: 0 | M71: 0 | N71: 0 | O71: 0 | P71: 0 | Q71: 0 | R71: 0 | S71: 0 | T71: 0 | U71: 0 | V71: 0 | W71: 0 | X71: 0 | Y71: 0 | Z71: 0 | AA71: 0 | AB71: 0 | AC71: 0 | AD71: 0
A72: Commercial | B72: heat (BTU) | C72: Heating | D72: 0 | E72: 0 | F72: 0 | G72: 0 | H72: 0 | I72: 0 | J72: 0 | K72: 0 | L72: 0 | M72: 0 | N72: 0 | O72: 0 | P72: 0 | Q72: 0 | R72: 0 | S72: 0 | T72: 0 | U72: 0 | V72: 0 | W72: 0 | X72: 0 | Y72: 0 | Z72: 0 | AA72: 0 | AB72: 0 | AC72: 0 | AD72: 0
A73: Commercial | B73: heat (BTU) | C73: cooling & ventilation | D73: 0 | E73: 0 | F73: 0 | G73: 0 | H73: 0 | I73: 0 | J73: 0 | K73: 0 | L73: 0 | M73: 0 | N73: 0 | O73: 0 | P73: 0 | Q73: 0 | R73: 0 | S73: 0 | T73: 0 | U73: 0 | V73: 0 | W73: 0 | X73: 0 | Y73: 0 | Z73: 0 | AA73: 0 | AB73: 0 | AC73: 0 | AD73: 0
A74: Commercial | B74: heat (BTU) | C74: Lighting | D74: 0 | E74: 0 | F74: 0 | G74: 0 | H74: 0 | I74: 0 | J74: 0 | K74: 0 | L74: 0 | M74: 0 | N74: 0 | O74: 0 | P74: 0 | Q74: 0 | R74: 0 | S74: 0 | T74: 0 | U74: 0 | V74: 0 | W74: 0 | X74: 0 | Y74: 0 | Z74: 0 | AA74: 0 | AB74: 0 | AC74: 0 | AD74: 0
A75: Commercial | B75: heat (BTU) | C75: Appliances | D75: 0 | E75: 0 | F75: 0 | G75: 0 | H75: 0 | I75: 0 | J75: 0 | K75: 0 | L75: 0 | M75: 0 | N75: 0 | O75: 0 | P75: 0 | Q75: 0 | R75: 0 | S75: 0 | T75: 0 | U75: 0 | V75: 0 | W75: 0 | X75: 0 | Y75: 0 | Z75: 0 | AA75: 0 | AB75: 0 | AC75: 0 | AD75: 0
A76: Commercial | B76: heat (BTU) | C76: Other | D76: 0 | E76: 0 | F76: 0 | G76: 0 | H76: 0 | I76: 0 | J76: 0 | K76: 0 | L76: 0 | M76: 0 | N76: 0 | O76: 0 | P76: 0 | Q76: 0 | R76: 0 | S76: 0 | T76: 0 | U76: 0 | V76: 0 | W76: 0 | X76: 0 | Y76: 0 | Z76: 0 | AA76: 0 | AB76: 0 | AC76: 0 | AD76: 0
A77: Urban Residential | B77: biomass (BTU) | C77: Heating | D77: 0 | E77: 0 | F77: 0 | G77: 0 | H77: 0 | I77: 0 | J77: 0 | K77: 0 | L77: 0 | M77: 0 | N77: 0 | O77: 0 | P77: 0 | Q77: 0 | R77: 0 | S77: 0 | T77: 0 | U77: 0 | V77: 0 | W77: 0 | X77: 0 | Y77: 0 | Z77: 0 | AA77: 0 | AB77: 0 | AC77: 0 | AD77: 0
A78: Urban Residential | B78: biomass (BTU) | C78: cooling & ventilation | D78: 0 | E78: 0 | F78: 0 | G78: 0 | H78: 0 | I78: 0 | J78: 0 | K78: 0 | L78: 0 | M78: 0 | N78: 0 | O78: 0 | P78: 0 | Q78: 0 | R78: 0 | S78: 0 | T78: 0 | U78: 0 | V78: 0 | W78: 0 | X78: 0 | Y78: 0 | Z78: 0 | AA78: 0 | AB78: 0 | AC78: 0 | AD78: 0
A79: Urban Residential | B79: biomass (BTU) | C79: Lighting | D79: 0 | E79: 0 | F79: 0 | G79: 0 | H79: 0 | I79: 0 | J79: 0 | K79: 0 | L79: 0 | M79: 0 | N79: 0 | O79: 0 | P79: 0 | Q79: 0 | R79: 0 | S79: 0 | T79: 0 | U79: 0 | V79: 0 | W79: 0 | X79: 0 | Y79: 0 | Z79: 0 | AA79: 0 | AB79: 0 | AC79: 0 | AD79: 0
... A81: Urban Residential | B81: biomass (BTU) | C81: Other | D81: 0 | E81: 0 | F81: 0 | G81: 0 | H81: 0 | I81: 0 | J81: 0 | K81: 0 | L81: 0 | M81: 0 | N81: 0 | O81: 0 | P81: 0 | Q81: 0 | R81: 0 | S81: 0 | T81: 0 | U81: 0 | V81: 0 | W81: 0 | X81: 0 | Y81: 0 | Z81: 0 | AA81: 0 | AB81: 0 | AC81: 0 | AD81: 0
A82: Rural Residential | B82: biomass (BTU) | C82: Heating | D82: 0 | E82: 0 | F82: 0 | G82: 0 | H82: 0 | I82: 0 | J82: 0 | K82: 0 | L82: 0 | M82: 0 | N82: 0 | O82: 0 | P82: 0 | Q82: 0 | R82: 0 | S82: 0 | T82: 0 | U82: 0 | V82: 0 | W82: 0 | X82: 0 | Y82: 0 | Z82: 0 | AA82: 0 | AB82: 0 | AC82: 0
A83: Rural Residential | B83: biomass (BTU) | C83: cooling & ventilation | D83: 0 | E83: 0 | F83: 0 | G83: 0 | H83: 0 | I83: 0 | J83: 0 | K83: 0 | L83: 0 | M83: 0 | N83: 0 | O83: 0 | P83: 0 | Q83: 0 | R83: 0 | S83: 0 | T83: 0 | U83: 0 | V83: 0 | W83: 0 | X83: 0 | Y83: 0 | Z83: 0 | AA83: 0 | AB83: 0 | AC83: 0 | AD83: 0
A84: Rural Residential | B84: biomass (BTU) | C84: Lighting | D84: 0 | E84: 0 | F84: 0 | G84: 0 | H84: 0 | I84: 0 | J84: 0 | K84: 0 | L84: 0 | M84: 0 | N84: 0 | O84: 0 | P84: 0 | Q84: 0 | R84: 0 | S84: 0 | T84: 0 | U84: 0 | V84: 0 | W84: 0 | X84: 0 | Y84: 0 | Z84: 0 | AA84: 0 | AB84: 0 | AC84: 0 | AD84: 0
A85: Rural Residential | B85: biomass (BTU) | C85: Appliances | D85: 2.66e+15 | E85: 2.47e+15 | F85: 2.302e+15 | G85: 2.134e+15 | H85: 1.966e+15 | I85: 1.799e+15 | J85: 1.631e+15 | K85: 1.507e+15 | L85: 1.383e+15 | M85: 1.26e+15 | N85: 1.136e+15 | O85: 1.012e+15 | P85: 925400000000000 | Q85: 838400000000000 | R85: 751300000000000 | S85: 664300000000000 | T85: 577200000000000 | U85: 554800000000000 | V85: 532300000000000 | W85: 509800000000000 | X85: 487300000000000 | Y85: 464800000000000 | Z85: 442700000000000 | AA85: 420600000000000 | AB85: 398400000000000 | AC85: 376300000000000 | AD85: 354200000000000
A86: Rural Residential | B86: biomass (BTU) | C86: Other | D86: 0 | E86: 0 | F86: 0 | G86: 0 | H86: 0 | I86: 0 | J86: 0 | K86: 0 | L86: 0 | M86: 0 | N86: 0 | O86: 0 | P86: 0 | Q86: 0 | R86: 0 | S86: 0 | T86: 0 | U86: 0 | V86: 0 | W86: 0 | X86: 0 | Y86: 0 | Z86: 0 | AA86: 0 | AB86: 0 | AC86: 0 | AD86: 0
A87: Commercial | B87: biomass (BTU) | C87: Heating | D87: 0 | E87: 0 | F87: 0 | G87: 0 | H87: 0 | I87: 0 | J87: 0 | K87: 0 | L87: 0 | M87: 0 | N87: 0 | O87: 0 | P87: 0 | Q87: 0 | R87: 0 | S87: 0 | T87: 0 | U87: 0 | V87: 0 | W87: 0 | X87: 0 | Y87: 0 | Z87: 0 | AA87: 0 | AB87: 0 | AC87: 0 | AD87: 0
A88: Commercial | B88: biomass (BTU) | C88: cooling & ventilation | D88: 0 | E88: 0 | F88: 0 | G88: 0 | H88: 0 | I88: 0 | J88: 0 | K88: 0 | L88: 0 | M88: 0 | N88: 0 | O88: 0 | P88: 0 | Q88: 0 | R88: 0 | S88: 0 | T88: 0 | U88: 0 | V88: 0 | W88: 0 | X88: 0 | Y88: 0 | Z88: 0 | AA88: 0 | AB88: 0 | AC88: 0 | AD88: 0
A89: Commercial | B89: biomass (BTU) | C89: Lighting | D89: 0 | E89: 0 | F89: 0 | G89: 0 | H89: 0 | I89: 0 | J89: 0 | K89: 0 | L89: 0 | M89: 0 | N89: 0 | O89: 0 | P89: 0 | Q89: 0 | R89: 0 | S89: 0 | T89: 0 | U89: 0 | V89: 0 | W89: 0 | X89: 0 | Y89: 0 | Z89: 0 | AA89: 0 | AB89: 0 | AC89: 0 | AD89: 0
A90: Commercial | B90: biomass (BTU) | C90: Appliances | D90: 0 | E90: 0 | F90: 0 | G90: 0 | H90: 0 | I90: 0 | J90: 0 | K90: 0 | L90: 0 | M90: 0 | N90: 0 | O90: 0 | P90: 0 | Q90: 0 | R90: 0 | S90: 0 | T90: 0 | U90: 0 | V90: 0 | W90: 0 | X90: 0 | Y90: 0 | Z90: 0 | AA90: 0 | AB90: 0 | AC90: 0 | AD90: 0
A91: Commercial | B91: biomass (BTU) | C91: Other | D91: 0 | E91: 0 | F91: 0 | G91: 0 | H91: 0 | I91: 0 | J91: 0 | K91: 0 | L91: 0 | M91: 0 | N91: 0 | O91: 0 | P91: 0 | Q91: 0 | R91: 0 | S91: 0 | T91: 0 | U91: 0 | V91: 0 | W91: 0 | X91: 0 | Y91: 0 | Z91: 0 | AA91: 0 | AB91: 0 | AC91: 0 | AD91: 0
A92: Urban Residential | B92: kerosene (BTU) | C92: Heating | D92: 0 | E92: 0 | F92: 0 | G92: 0 | H92: 0 | I92: 0 | J92: 0 | K92: 0 | L92: 0 | M92: 0 | N92: 0 | O92: 0 | P92: 0 | Q92: 0 | R92: 0 | S92: 0 | T92: 0 | U92: 0 | V92: 0 | W92: 0 | X92: 0 | Y92: 0 | Z92: 0 | AA92: 0 | AB92: 0 | AC92: 0 | AD92: 0
A93: Urban Residential | B93: kerosene (BTU) | C93: cooling & ventilation | D93: 0 | E93: 0 | F93: 0 | G93: 0 | H93: 0 | I93: 0 | J93: 0 | K93: 0 | L93: 0 | M93: 0 | N93: 0 | O93: 0 | P93: 0 | Q93: 0 | R93: 0 | S93: 0 | T93: 0 | U93: 0 | V93: 0 | W93: 0 | X93: 0 | Y93: 0 | Z93: 0 | AA93: 0 | AB93: 0 | AC93: 0 | AD93: 0
A94: Urban Residential | B94: kerosene (BTU) | C94: Lighting | D94: 0 | E94: 0 | F94: 0 | G94: 0 | H94: 0 | I94: 0 | J94: 0 | K94: 0 | L94: 0 | M94: 0 | N94: 0 | O94: 0 | P94: 0 | Q94: 0 | R94: 0 | S94: 0 | T94: 0 | U94: 0 | V94: 0 | W94: 0 | X94: 0 | Y94: 0 | Z94: 0 | AA94: 0 | AB94: 0 | AC94: 0 | AD94: 0
... A96: Urban Residential | B96: kerosene (BTU) | C96: Other | D96: 0 | E96: 0 | F96: 0 | G96: 0 | H96: 0 | I96: 0 | J96: 0 | K96: 0 | L96: 0 | M96: 0 | N96: 0 | O96: 0 | P96: 0 | Q96: 0 | R96: 0 | S96: 0 | T96: 0 | U96: 0 | V96: 0 | W96: 0 | X96: 0 | Y96: 0 | Z96: 0 | AA96: 0 | AB96: 0 | AC96: 0 | AD96: 0
A97: Rural Residential | B97: kerosene (BTU) | C97: Heating | D97: 0 | E97: 0 | F97: 0 | G97: 0 | H97: 0 | I97: 0 | J97: 0 | K97: 0 | L97: 0 | M97: 0 | N97: 0 | O97: 0 | P97: 0 | Q97: 0 | R97: 0 | S97: 0 | T97: 0 | U97: 0 | V97: 0 | W97: 0 | X97: 0 | Y97: 0 | Z97: 0 | AA97: 0 | AB97: 0 | AC97: 0
A98: Rural Residential | B98: kerosene (BTU) | C98: cooling & ventilation | D98: 0 | E98: 0 | F98: 0 | G98: 0 | H98: 0 | I98: 0 | J98: 0 | K98: 0 | L98: 0 | M98: 0 | N98: 0 | O98: 0 | P98: 0 | Q98: 0 | R98: 0 | S98: 0 | T98: 0 | U98: 0 | V98: 0 | W98: 0 | X98: 0 | Y98: 0 | Z98: 0 | AA98: 0 | AB98: 0 | AC98: 0 | AD98: 0
A99: Rural Residential | B99: kerosene (BTU) | C99: Lighting | D99: 0 | E99: 0 | F99: 0 | G99: 0 | H99: 0 | I99: 0 | J99: 0 | K99: 0 | L99: 0 | M99: 0 | N99: 0 | O99: 0 | P99: 0 | Q99: 0 | R99: 0 | S99: 0 | T99: 0 | U99: 0 | V99: 0 | W99: 0 | X99: 0 | Y99: 0 | Z99: 0 | AA99: 0 | AB99: 0 | AC99: 0 | AD99: 0
A100: Rural Residential | B100: kerosene (BTU) | C100: Appliances | D100: 4464000000000 | E100: 0 | F100: 0 | G100: 0 | H100: 0 | I100: 0 | J100: 0 | K100: 0 | L100: 0 | M100: 0 | N100: 0 | O100: 0 | P100: 0 | Q100: 0 | R100: 0 | S100: 0 | T100: 0 | U100: 0 | V100: 0 | W100: 0 | X100: 0 | Y100: 0 | Z100: 0 | AA100: 0 | AB100: 0 | AC100: 0 | AD100: 0
A101: Rural Residential | B101: kerosene (BTU) | C101: Other | D101: 0 | E101: 0 | F101: 0 | G101: 0 | H101: 0 | I101: 0 | J101: 0 | K101: 0 | L101: 0 | M101: 0 | N101: 0 | O101: 0 | P101: 0 | Q101: 0 | R101: 0 | S101: 0 | T101: 0 | U101: 0 | V101: 0 | W101: 0 | X101: 0 | Y101: 0 | Z101: 0 | AA101: 0 | AB101: 0 | AC101: 0 | AD101: 0
A102: Commercial | B102: kerosene (BTU) | C102: Heating | D102: 0 | E102: 0 | F102: 0 | G102: 0 | H102: 0 | I102: 0 | J102: 0 | K102: 0 | L102: 0 | M102: 0 | N102: 0 | O102: 0 | P102: 0 | Q102: 0 | R102: 0 | S102: 0 | T102: 0 | U102: 0 | V102: 0 | W102: 0 | X102: 0 | Y102: 0 | Z102: 0 | AA102: 0 | AB102: 0 | AC102: 0 | AD102: 0
A103: Commercial | B103: kerosene (BTU) | C103: cooling & ventilation | D103: 0 | E103: 0 | F103: 0 | G103: 0 | H103: 0 | I103: 0 | J103: 0 | K103: 0 | L103: 0 | M103: 0 | N103: 0 | O103: 0 | P103: 0 | Q103: 0 | R103: 0 | S103: 0 | T103: 0 | U103: 0 | V103: 0 | W103: 0 | X103: 0 | Y103: 0 | Z103: 0 | AA103: 0 | AB103: 0 | AC103: 0 | AD103: 0
A104: Commercial | B104: kerosene (BTU) | C104: Lighting | D104: 59176000000000 | E104: 39450700000000 | F104: 0 | G104: 0 | H104: 0 | I104: 0 | J104: 0 | K104: 0 | L104: 0 | M104: 0 | N104: 0 | O104: 0 | P104: 0 | Q104: 0 | R104: 0 | S104: 0 | T104: 0 | U104: 0 | V104: 0 | W104: 0 | X104: 0 | Y104: 0 | Z104: 0 | AA104: 0 | AB104: 0 | AC104: 0 | AD104: 0
A105: Commercial | B105: kerosene (BTU) | C105: Appliances | D105: 6575110000000 | E105: 4383410000000 | F105: 0 | G105: 0 | H105: 0 | I105: 0 | J105: 0 | K105: 0 | L105: 0 | M105: 0 | N105: 0 | O105: 0 | P105: 0 | Q105: 0 | R105: 0 | S105: 0 | T105: 0 | U105: 0 | V105: 0 | W105: 0 | X105: 0 | Y105: 0 | Z105: 0 | AA105: 0 | AB105: 0 | AC105: 0 | AD105: 0
A106: Commercial | B106: kerosene (BTU) | C106: Other | D106: 0 | E106: 0 | F106: 0 | G106: 0 | H106: 0 | I106: 0 | J106: 0 | K106: 0 | L106: 0 | M106: 0 | N106: 0 | O106: 0 | P106: 0 | Q106: 0 | R106: 0 | S106: 0 | T106: 0 | U106: 0 | V106: 0 | W106: 0 | X106: 0 | Y106: 0 | Z106: 0 | AA106: 0 | AB106: 0 | AC106: 0 | AD106: 0
...

Sheet SYCEU-urban-residential
A1: Year | B1: heating | C1: cooling & ventilation | D1: envelope | E1: lighting | F1: appliances | G1: other
A2: electricity (BTU) | B2: =SUMIFS(INDEX('Calculations - from BCEU'!$D$2:$AK$151,,MATCH(About!$A$41,'Calculations - from BCEU'!$D$1:$AK$1,0)),'Calculations - from BCEU'!$A$2:$A$151,"Urban Residential",'Calculations - from BCEU'!$C$2:$C$151,B$1,'Calculations - from BCEU'!$B$2:$B$151,$A2) -> 0 | C2: =SUMIFS(INDEX('Calculations - from BCEU'!$D$2:$AK$151,,MATCH(About!$A$41,'Calculations - from BCEU'!$D$1:$AK$1,0)),'Calculations - from BCEU'!$A$2:$A$151,"Urban Residential",'Calculations - from BCEU'!$C$2:$C$151,C$1,'Calculations - from BCEU'!$B$2:$B$151,$A2) -> 153000000000000 | D2: =SUMIFS(INDEX('Calculations - from BCEU'!$D$2:$AK$151,,MATCH(About!$A$41,'Calculations - from BCEU'!$D$1:$AK$1,0)),'Calculations - from BCEU'!$A$2:$A$151,"Urban Residential",'Calculations - from BCEU'!$C$2:$C$151,D$1,'Calculations - from BCEU'!$B$2:$B$151,$A2) -> 0 | E2: =SUMIFS(INDEX('Calculations - from BCEU'!$D$2:$AK$151,,MATCH(About!$A$41,'Calculations - from BCEU'!$D$1:$AK$1,0)),'Calculations - from BCEU'!$A$2:$A$151,"Urban Residential",'Calculations - from BCEU'!$C$2:$C$151,E$1,'Calculations - from BCEU'!$B$2:$B$151,$A2) -> 57700000000000 | F2: =SUMIFS(INDEX('Calculations - from BCEU'!$D$2:$AK$151,,MATCH(About!$A$41,'Calculations - from BCEU'!$D$1:$AK$1,0)),'Calculations - from BCEU'!$A$2:$A$151,"Urban Residential",'Calculations - from BCEU'!$C$2:$C$151,F$1,'Calculations - from BCEU'!$B$2:$B$151,$A2) -> 198000000000000 | G2: =SUMIFS(INDEX('Calculations - from BCEU'!$D$2:$AK$151,,MATCH(About!$A$41,'Calculations - from BCEU'!$D$1:$AK$1,0)),'Calculations - from BCEU'!$A$2:$A$151,"Urban Residential",'Calculations - from BCEU'!$C$2:$C$151,G$1,'Calculations - from BCEU'!$B$2:$B$151,$A2) -> 33500000000000
A3: coal (BTU) | B3: =SUMIFS(INDEX('Calculations - from BCEU'!$D$2:$AK$151,,MATCH(About!$A$41,'Calculations - from BCEU'!$D$1:$AK$1,0)),'Calculations - from BCEU'!$A$2:$A$151,"Urban Residential",'Calculations - from BCEU'!$C$2:$C$151,B$1,'Calculations - from BCEU'!$B$2:$B$151,$A3) -> 0 | C3: =SUMIFS(INDEX('Calculations - from BCEU'!$D$2:$AK$151,,MATCH(About!$A$41,'Calculations - from BCEU'!$D$1:$AK$1,0)),'Calculations - from BCEU'!$A$2:$A$151,"Urban Residential",'Calculations - from BCEU'!$C$2:$C$151,C$1,'Calculations - from BCEU'!$B$2:$B$151,$A3) -> 0 | D3: =SUMIFS(INDEX('Calculations - from BCEU'!$D$2:$AK$151,,MATCH(About!$A$41,'Calculations - from BCEU'!$D$1:$AK$1,0)),'Calculations - from BCEU'!$A$2:$A$151,"Urban Residential",'Calculations - from BCEU'!$C$2:$C$151,D$1,'Calculations - from BCEU'!$B$2:$B$151,$A3) -> 0 | E3: =SUMIFS(INDEX('Calculations - from BCEU'!$D$2:$AK$151,,MATCH(About!$A$41,'Calculations - from BCEU'!$D$1:$AK$1,0)),'Calculations - from BCEU'!$A$2:$A$151,"Urban Residential",'Calculations - from BCEU'!$C$2:$C$151,E$1,'Calculations - from BCEU'!$B$2:$B$151,$A3) -> 0 | F3: =SUMIFS(INDEX('Calculations - from BCEU'!$D$2:$AK$151,,MATCH(About!$A$41,'Calculations - from BCEU'!$D$1:$AK$1,0)),'Calculations - from BCEU'!$A$2:$A$151,"Urban Residential",'Calculations - from BCEU'!$C$2:$C$151,F$1,'Calculations - from BCEU'!$B$2:$B$151,$A3) -> 0 | G3: =SUMIFS(INDEX('Calculations - from BCEU'!$D$2:$AK$151,,MATCH(About!$A$41,'Calculations - from BCEU'!$D$1:$AK$1,0)),'Calculations - from BCEU'!$A$2:$A$151,"Urban Residential",'Calculations - from BCEU'!$C$2:$C$151,G$1,'Calculations - from BCEU'!$B$2:$B$151,$A3) -> 0
A4: natural gas (BTU) | B4: =SUMIFS(INDEX('Calculations - from BCEU'!$D$2:$AK$151,,MATCH(About!$A$41,'Calculations - from BCEU'!$D$1:$AK$1,0)),'Calculations - from BCEU'!$A$2:$A$151,"Urban Residential",'Calculations - from BCEU'!$C$2:$C$151,B$1,'Calculations - from BCEU'!$B$2:$B$151,$A4) -> 0 | C4: =SUMIFS(INDEX('Calculations - from BCEU'!$D$2:$AK$151,,MATCH(About!$A$41,'Calculations - from BCEU'!$D$1:$AK$1,0)),'Calculations - from BCEU'!$A$2:$A$151,"Urban Residential",'Calculations - from BCEU'!$C$2:$C$151,C$1,'Calculations - from BCEU'!$B$2:$B$151,$A4) -> 0 | D4: =SUMIFS(INDEX('Calculations - from BCEU'!$D$2:$AK$151,,MATCH(About!$A$41,'Calculations - from BCEU'!$D$1:$AK$1,0)),'Calculations - from BCEU'!$A$2:$A$151,"Urban Residential",'Calculations - from BCEU'!$C$2:$C$151,D$1,'Calculations - from BCEU'!$B$2:$B$151,$A4) -> 0 | E4: =SUMIFS(INDEX('Calculations - from BCEU'!$D$2:$AK$151,,MATCH(About!$A$41,'Calculations - from BCEU'!$D$1:$AK$1,0)),'Calculations - from BCEU'!$A$2:$A$151,"Urban Residential",'Calculations - from BCEU'!$C$2:$C$151,E$1,'Calculations - from BCEU'!$B$2:$B$151,$A4) -> 0 | F4: =SUMIFS(INDEX('Calculations - from BCEU'!$D$2:$AK$151,,MATCH(About!$A$41,'Calculations - from BCEU'!$D$1:$AK$1,0)),'Calculations - from BCEU'!$A$2:$A$151,"Urban Residential",'Calculations - from BCEU'!$C$2:$C$151,F$1,'Calculations - from BCEU'!$B$2:$B$151,$A4) -> 123167000000000 | G4: =SUMIFS(INDEX('Calculations - from BCEU'!$D$2:$AK$151,,MATCH(About!$A$41,'Calculations - from BCEU'!$D$1:$AK$1,0)),'Calculations - from BCEU'!$A$2:$A$151,"Urban Residential",'Calculations - from BCEU'!$C$2:$C$151,G$1,'Calculations - from BCEU'!$B$2:$B$151,$A4) -> 0
A5: petroleum diesel (BTU) | B5: =SUMIFS(INDEX('Calculations - from BCEU'!$D$2:$AK$151,,MATCH(About!$A$41,'Calculations - from BCEU'!$D$1:$AK$1,0)),'Calculations - from BCEU'!$A$2:$A$151,"Urban Residential",'Calculations - from BCEU'!$C$2:$C$151,B$1,'Calculations - from BCEU'!$B$2:$B$151,$A5) -> 0 | C5: =SUMIFS(INDEX('Calculations - from BCEU'!$D$2:$AK$151,,MATCH(About!$A$41,'Calculations - from BCEU'!$D$1:$AK$1,0)),'Calculations - from BCEU'!$A$2:$A$151,"Urban Residential",'Calculations - from BCEU'!$C$2:$C$151,C$1,'Calculations - from BCEU'!$B$2:$B$151,$A5) -> 0 | D5: =SUMIFS(INDEX('Calculations - from BCEU'!$D$2:$AK$151,,MATCH(About!$A$41,'Calculations - from BCEU'!$D$1:$AK$1,0)),'Calculations - from BCEU'!$A$2:$A$151,"Urban Residential",'Calculations - from BCEU'!$C$2:$C$151,D$1,'Calculations - from BCEU'!$B$2:$B$151,$A5) -> 0 | E5: =SUMIFS(INDEX('Calculations - from BCEU'!$D$2:$AK$151,,MATCH(About!$A$41,'Calculations - from BCEU'!$D$1:$AK$1,0)),'Calculations - from BCEU'!$A$2:$A$151,"Urban Residential",'Calculations - from BCEU'!$C$2:$C$151,E$1,'Calculations - from BCEU'!$B$2:$B$151,$A5) -> 0 | F5: =SUMIFS(INDEX('Calculations - from BCEU'!$D$2:$AK$151,,MATCH(About!$A$41,'Calculations - from BCEU'!$D$1:$AK$1,0)),'Calculations - from BCEU'!$A$2:$A$151,"Urban Residential",'Calculations - from BCEU'!$C$2:$C$151,F$1,'Calculations - from BCEU'!$B$2:$B$151,$A5) -> 0 | G5: =SUMIFS(INDEX('Calculations - from BCEU'!$D$2:$AK$151,,MATCH(About!$A$41,'Calculations - from BCEU'!$D$1:$AK$1,0)),'Calculations - from BCEU'!$A$2:$A$151,"Urban Residential",'Calculations - from BCEU'!$C$2:$C$151,G$1,'Calculations - from BCEU'!$B$2:$B$151,$A5) -> 0
A6: heat (BTU) | B6: =SUMIFS(INDEX('Calculations - from BCEU'!$D$2:$AK$151,,MATCH(About!$A$41,'Calculations - from BCEU'!$D$1:$AK$1,0)),'Calculations - from BCEU'!$A$2:$A$151,"Urban Residential",'Calculations - from BCEU'!$C$2:$C$151,B$1,'Calculations - from BCEU'!$B$2:$B$151,$A6) -> 0 | C6: =SUMIFS(INDEX('Calculations - from BCEU'!$D$2:$AK$151,,MATCH(About!$A$41,'Calculations - from BCEU'!$D$1:$AK$1,0)),'Calculations - from BCEU'!$A$2:$A$151,"Urban Residential",'Calculations - from BCEU'!$C$2:$C$151,C$1,'Calculations - from BCEU'!$B$2:$B$151,$A6) -> 0 | D6: =SUMIFS(INDEX('Calculations - from BCEU'!$D$2:$AK$151,,MATCH(About!$A$41,'Calculations - from BCEU'!$D$1:$AK$1,0)),'Calculations - from BCEU'!$A$2:$A$151,"Urban Residential",'Calculations - from BCEU'!$C$2:$C$151,D$1,'Calculations - from BCEU'!$B$2:$B$151,$A6) -> 0 | E6: =SUMIFS(INDEX('Calculations - from BCEU'!$D$2:$AK$151,,MATCH(About!$A$41,'Calculations - from BCEU'!$D$1:$AK$1,0)),'Calculations - from BCEU'!$A$2:$A$151,"Urban Residential",'Calculations - from BCEU'!$C$2:$C$151,E$1,'Calculations - from BCEU'!$B$2:$B$151,$A6) -> 0 | F6: =SUMIFS(INDEX('Calculations - from BCEU'!$D$2:$AK$151,,MATCH(About!$A$41,'Calculations - from BCEU'!$D$1:$AK$1,0)),'Calculations - from BCEU'!$A$2:$A$151,"Urban Residential",'Calculations - from BCEU'!$C$2:$C$151,F$1,'Calculations - from BCEU'!$B$2:$B$151,$A6) -> 0 | G6: =SUMIFS(INDEX('Calculations - from BCEU'!$D$2:$AK$151,,MATCH(About!$A$41,'Calculations - from BCEU'!$D$1:$AK$1,0)),'Calculations - from BCEU'!$A$2:$A$151,"Urban Residential",'Calculations - from BCEU'!$C$2:$C$151,G$1,'Calculations - from BCEU'!$B$2:$B$151,$A6) -> 0
A7: biomass (BTU) | B7: =SUMIFS(INDEX('Calculations - from BCEU'!$D$2:$AK$151,,MATCH(About!$A$41,'Calculations - from BCEU'!$D$1:$AK$1,0)),'Calculations - from BCEU'!$A$2:$A$151,"Urban Residential",'Calculations - from BCEU'!$C$2:$C$151,B$1,'Calculations - from BCEU'!$B$2:$B$151,$A7) -> 0 | C7: =SUMIFS(INDEX('Calculations - from BCEU'!$D$2:$AK$151,,MATCH(About!$A$41,'Calculations - from BCEU'!$D$1:$AK$1,0)),'Calculations - from BCEU'!$A$2:$A$151,"Urban Residential",'Calculations - from BCEU'!$C$2:$C$151,C$1,'Calculations - from BCEU'!$B$2:$B$151,$A7) -> 0 | D7: =SUMIFS(INDEX('Calculations - from BCEU'!$D$2:$AK$151,,MATCH(About!$A$41,'Calculations - from BCEU'!$D$1:$AK$1,0)),'Calculations - from BCEU'!$A$2:$A$151,"Urban Residential",'Calculations - from BCEU'!$C$2:$C$151,D$1,'Calculations - from BCEU'!$B$2:$B$151,$A7) -> 0 | E7: =SUMIFS(INDEX('Calculations - from BCEU'!$D$2:$AK$151,,MATCH(About!$A$41,'Calculations - from BCEU'!$D$1:$AK$1,0)),'Calculations - from BCEU'!$A$2:$A$151,"Urban Residential",'Calculations - from BCEU'!$C$2:$C$151,E$1,'Calculations - from BCEU'!$B$2:$B$151,$A7) -> 0 | F7: =SUMIFS(INDEX('Calculations - from BCEU'!$D$2:$AK$151,,MATCH(About!$A$41,'Calculations - from BCEU'!$D$1:$AK$1,0)),'Calculations - from BCEU'!$A$2:$A$151,"Urban Residential",'Calculations - from BCEU'!$C$2:$C$151,F$1,'Calculations - from BCEU'!$B$2:$B$151,$A7) -> 286512000000000 | G7: =SUMIFS(INDEX('Calculations - from BCEU'!$D$2:$AK$151,,MATCH(About!$A$41,'Calculations - from BCEU'!$D$1:$AK$1,0)),'Calculations - from BCEU'!$A$2:$A$151,"Urban Residential",'Calculations - from BCEU'!$C$2:$C$151,G$1,'Calculations - from BCEU'!$B$2:$B$151,$A7) -> 0
A8: kerosene (BTU) | B8: =SUMIFS(INDEX('Calculations - from BCEU'!$D$2:$AK$151,,MATCH(About!$A$41,'Calculations - from BCEU'!$D$1:$AK$1,0)),'Calculations - from BCEU'!$A$2:$A$151,"Urban Residential",'Calculations - from BCEU'!$C$2:$C$151,B$1,'Calculations - from BCEU'!$B$2:$B$151,$A8) -> 0 | C8: =SUMIFS(INDEX('Calculations - from BCEU'!$D$2:$AK$151,,MATCH(About!$A$41,'Calculations - from BCEU'!$D$1:$AK$1,0)),'Calculations - from BCEU'!$A$2:$A$151,"Urban Residential",'Calculations - from BCEU'!$C$2:$C$151,C$1,'Calculations - from BCEU'!$B$2:$B$151,$A8) -> 0 | D8: =SUMIFS(INDEX('Calculations - from BCEU'!$D$2:$AK$151,,MATCH(About!$A$41,'Calculations - from BCEU'!$D$1:$AK$1,0)),'Calculations - from BCEU'!$A$2:$A$151,"Urban Residential",'Calculations - from BCEU'!$C$2:$C$151,D$1,'Calculations - from BCEU'!$B$2:$B$151,$A8) -> 0 | E8: =SUMIFS(INDEX('Calculations - from BCEU'!$D$2:$AK$151,,MATCH(About!$A$41,'Calculations - from BCEU'!$D$1:$AK$1,0)),'Calculations - from BCEU'!$A$2:$A$151,"Urban Residential",'Calculations - from BCEU'!$C$2:$C$151,E$1,'Calculations - from BCEU'!$B$2:$B$151,$A8) -> 0 | F8: =SUMIFS(INDEX('Calculations - from BCEU'!$D$2:$AK$151,,MATCH(About!$A$41,'Calculations - from BCEU'!$D$1:$AK$1,0)),'Calculations - from BCEU'!$A$2:$A$151,"Urban Residential",'Calculations - from BCEU'!$C$2:$C$151,F$1,'Calculations - from BCEU'!$B$2:$B$151,$A8) -> 0 | G8: =SUMIFS(INDEX('Calculations - from BCEU'!$D$2:$AK$151,,MATCH(About!$A$41,'Calculations - from BCEU'!$D$1:$AK$1,0)),'Calculations - from BCEU'!$A$2:$A$151,"Urban Residential",'Calculations - from BCEU'!$C$2:$C$151,G$1,'Calculations - from BCEU'!$B$2:$B$151,$A8) -> 0
A9: heavy or residual fuel oil (BTU) | B9: =SUMIFS(INDEX('Calculations - from BCEU'!$D$2:$AK$151,,MATCH(About!$A$41,'Calculations - from BCEU'!$D$1:$AK$1,0)),'Calculations - from BCEU'!$A$2:$A$151,"Urban Residential",'Calculations - from BCEU'!$C$2:$C$151,B$1,'Calculations - from BCEU'!$B$2:$B$151,$A9) -> 0 | C9: =SUMIFS(INDEX('Calculations - from BCEU'!$D$2:$AK$151,,MATCH(About!$A$41,'Calculations - from BCEU'!$D$1:$AK$1,0)),'Calculations - from BCEU'!$A$2:$A$151,"Urban Residential",'Calculations - from BCEU'!$C$2:$C$151,C$1,'Calculations - from BCEU'!$B$2:$B$151,$A9) -> 0 | D9: =SUMIFS(INDEX('Calculations - from BCEU'!$D$2:$AK$151,,MATCH(About!$A$41,'Calculations - from BCEU'!$D$1:$AK$1,0)),'Calculations - from BCEU'!$A$2:$A$151,"Urban Residential",'Calculations - from BCEU'!$C$2:$C$151,D$1,'Calculations - from BCEU'!$B$2:$B$151,$A9) -> 0 | E9: =SUMIFS(INDEX('Calculations - from BCEU'!$D$2:$AK$151,,MATCH(About!$A$41,'Calculations - from BCEU'!$D$1:$AK$1,0)),'Calculations - from BCEU'!$A$2:$A$151,"Urban Residential",'Calculations - from BCEU'!$C$2:$C$151,E$1,'Calculations - from BCEU'!$B$2:$B$151,$A9) -> 0 | F9: =SUMIFS(INDEX('Calculations - from BCEU'!$D$2:$AK$151,,MATCH(About!$A$41,'Calculations - from BCEU'!$D$1:$AK$1,0)),'Calculations - from BCEU'!$A$2:$A$151,"Urban Residential",'Calculations - from BCEU'!$C$2:$C$151,F$1,'Calculations - from BCEU'!$B$2:$B$151,$A9) -> 0 | G9: =SUMIFS(INDEX('Calculations - from BCEU'!$D$2:$AK$151,,MATCH(About!$A$41,'Calculations - from BCEU'!$D$1:$AK$1,0)),'Calculations - from BCEU'!$A$2:$A$151,"Urban Residential",'Calculations - from BCEU'!$C$2:$C$151,G$1,'Calculations - from BCEU'!$B$2:$B$151,$A9) -> 0
A10: LPG propane or butane (BTU) | B10: =SUMIFS(INDEX('Calculations - from BCEU'!$D$2:$AK$151,,MATCH(About!$A$41,'Calculations - from BCEU'!$D$1:$AK$1,0)),'Calculations - from BCEU'!$A$2:$A$151,"Urban Residential",'Calculations - from BCEU'!$C$2:$C$151,B$1,'Calculations - from BCEU'!$B$2:$B$151,$A10) -> 0 | C10: =SUMIFS(INDEX('Calculations - from BCEU'!$D$2:$AK$151,,MATCH(About!$A$41,'Calculations - from BCEU'!$D$1:$AK$1,0)),'Calculations - from BCEU'!$A$2:$A$151,"Urban Residential",'Calculations - from BCEU'!$C$2:$C$151,C$1,'Calculations - from BCEU'!$B$2:$B$151,$A10) -> 0 | D10: =SUMIFS(INDEX('Calculations - from BCEU'!$D$2:$AK$151,,MATCH(About!$A$41,'Calculations - from BCEU'!$D$1:$AK$1,0)),'Calculations - from BCEU'!$A$2:$A$151,"Urban Residential",'Calculations - from BCEU'!$C$2:$C$151,D$1,'Calculations - from BCEU'!$B$2:$B$151,$A10) -> 0 | E10: =SUMIFS(INDEX('Calculations - from BCEU'!$D$2:$AK$151,,MATCH(About!$A$41,'Calculations - from BCEU'!$D$1:$AK$1,0)),'Calculations - from BCEU'!$A$2:$A$151,"Urban Residential",'Calculations - from BCEU'!$C$2:$C$151,E$1,'Calculations - from BCEU'!$B$2:$B$151,$A10) -> 0 | F10: =SUMIFS(INDEX('Calculations - from BCEU'!$D$2:$AK$151,,MATCH(About!$A$41,'Calculations - from BCEU'!$D$1:$AK$1,0)),'Calculations - from BCEU'!$A$2:$A$151,"Urban Residential",'Calculations - from BCEU'!$C$2:$C$151,F$1,'Calculations - from BCEU'!$B$2:$B$151,$A10) -> 601471000000000 | G10: =SUMIFS(INDEX('Calculations - from BCEU'!$D$2:$AK$151,,MATCH(About!$A$41,'Calculations - from BCEU'!$D$1:$AK$1,0)),'Calculations - from BCEU'!$A$2:$A$151,"Urban Residential",'Calculations - from BCEU'!$C$2:$C$151,G$1,'Calculations - from BCEU'!$B$2:$B$151,$A10) -> 0
A11: hydrogen (BTU) | B11: =SUMIFS(INDEX('Calculations - from BCEU'!$D$2:$AK$151,,MATCH(About!$A$41,'Calculations - from BCEU'!$D$1:$AK$1,0)),'Calculations - from BCEU'!$A$2:$A$151,"Urban Residential",'Calculations - from BCEU'!$C$2:$C$151,B$1,'Calculations - from BCEU'!$B$2:$B$151,$A11) -> 0 | C11: =SUMIFS(INDEX('Calculations - from BCEU'!$D$2:$AK$151,,MATCH(About!$A$41,'Calculations - from BCEU'!$D$1:$AK$1,0)),'Calculations - from BCEU'!$A$2:$A$151,"Urban Residential",'Calculations - from BCEU'!$C$2:$C$151,C$1,'Calculations - from BCEU'!$B$2:$B$151,$A11) -> 0 | D11: =SUMIFS(INDEX('Calculations - from BCEU'!$D$2:$AK$151,,MATCH(About!$A$41,'Calculations - from BCEU'!$D$1:$AK$1,0)),'Calculations - from BCEU'!$A$2:$A$151,"Urban Residential",'Calculations - from BCEU'!$C$2:$C$151,D$1,'Calculations - from BCEU'!$B$2:$B$151,$A11) -> 0 | E11: =SUMIFS(INDEX('Calculations - from BCEU'!$D$2:$AK$151,,MATCH(About!$A$41,'Calculations - from BCEU'!$D$1:$AK$1,0)),'Calculations - from BCEU'!$A$2:$A$151,"Urban Residential",'Calculations - from BCEU'!$C$2:$C$151,E$1,'Calculations - from BCEU'!$B$2:$B$151,$A11) -> 0 | F11: =SUMIFS(INDEX('Calculations - from BCEU'!$D$2:$AK$151,,MATCH(About!$A$41,'Calculations - from BCEU'!$D$1:$AK$1,0)),'Calculations - from BCEU'!$A$2:$A$151,"Urban Residential",'Calculations - from BCEU'!$C$2:$C$151,F$1,'Calculations - from BCEU'!$B$2:$B$151,$A11) -> 0 | G11: =SUMIFS(INDEX('Calculations - from BCEU'!$D$2:$AK$151,,MATCH(About!$A$41,'Calculations - from BCEU'!$D$1:$AK$1,0)),'Calculations - from BCEU'!$A$2:$A$151,"Urban Residential",'Calculations - from BCEU'!$C$2:$C$151,G$1,'Calculations - from BCEU'!$B$2:$B$151,$A11) -> 0

Sheet SYCEU-rural-residential
A1: Year | B1: heating | C1: cooling & ventilation | D1: envelope | E1: lighting | F1: appliances | G1: other
A2: electricity (BTU) | B2: =SUMIFS(INDEX('Calculations - from BCEU'!$D$2:$AK$151,,MATCH(About!$A$41,'Calculations - from BCEU'!$D$1:$AK$1,0)),'Calculations - from BCEU'!$A$2:$A$151,"Rural Residential",'Calculations - from BCEU'!$C$2:$C$151,B$1,'Calculations - from BCEU'!$B$2:$B$151,$A2) -> 0 | C2: =SUMIFS(INDEX('Calculations - from BCEU'!$D$2:$AK$151,,MATCH(About!$A$41,'Calculations - from BCEU'!$D$1:$AK$1,0)),'Calculations - from BCEU'!$A$2:$A$151,"Rural Residential",'Calculations - from BCEU'!$C$2:$C$151,C$1,'Calculations - from BCEU'!$B$2:$B$151,$A2) -> 286000000000000 | D2: =SUMIFS(INDEX('Calculations - from BCEU'!$D$2:$AK$151,,MATCH(About!$A$41,'Calculations - from BCEU'!$D$1:$AK$1,0)),'Calculations - from BCEU'!$A$2:$A$151,"Rural Residential",'Calculations - from BCEU'!$C$2:$C$151,D$1,'Calculations - from BCEU'!$B$2:$B$151,$A2) -> 0 | E2: =SUMIFS(INDEX('Calculations - from BCEU'!$D$2:$AK$151,,MATCH(About!$A$41,'Calculations - from BCEU'!$D$1:$AK$1,0)),'Calculations - from BCEU'!$A$2:$A$151,"Rural Residential",'Calculations - from BCEU'!$C$2:$C$151,E$1,'Calculations - from BCEU'!$B$2:$B$151,$A2) -> 108000000000000 | F2: =SUMIFS(INDEX('Calculations - from BCEU'!$D$2:$AK$151,,MATCH(About!$A$41,'Calculations - from BCEU'!$D$1:$AK$1,0)),'Calculations - from BCEU'!$A$2:$A$151,"Rural Residential",'Calculations - from BCEU'!$C$2:$C$151,F$1,'Calculations - from BCEU'!$B$2:$B$151,$A2) -> 424700000000000 | G2: =SUMIFS(INDEX('Calculations - from BCEU'!$D$2:$AK$151,,MATCH(About!$A$41,'Calculations - from BCEU'!$D$1:$AK$1,0)),'Calculations - from BCEU'!$A$2:$A$151,"Rural Residential",'Calculations - from BCEU'!$C$2:$C$151,G$1,'Calculations - from BCEU'!$B$2:$B$151,$A2) -> 33500000000000
A3: coal (BTU) | B3: =SUMIFS(INDEX('Calculations - from BCEU'!$D$2:$AK$151,,MATCH(About!$A$41,'Calculations - from BCEU'!$D$1:$AK$1,0)),'Calculations - from BCEU'!$A$2:$A$151,"Rural Residential",'Calculations - from BCEU'!$C$2:$C$151,B$1,'Calculations - from BCEU'!$B$2:$B$151,$A3) -> 0 | C3: =SUMIFS(INDEX('Calculations - from BCEU'!$D$2:$AK$151,,MATCH(About!$A$41,'Calculations - from BCEU'!$D$1:$AK$1,0)),'Calculations - from BCEU'!$A$2:$A$151,"Rural Residential",'Calculations - from BCEU'!$C$2:$C$151,C$1,'Calculations - from BCEU'!$B$2:$B$151,$A3) -> 0 | D3: =SUMIFS(INDEX('Calculations - from BCEU'!$D$2:$AK$151,,MATCH(About!$A$41,'Calculations - from BCEU'!$D$1:$AK$1,0)),'Calculations - from BCEU'!$A$2:$A$151,"Rural Residential",'Calculations - from BCEU'!$C$2:$C$151,D$1,'Calculations - from BCEU'!$B$2:$B$151,$A3) -> 0 | E3: =SUMIFS(INDEX('Calculations - from BCEU'!$D$2:$AK$151,,MATCH(About!$A$41,'Calculations - from BCEU'!$D$1:$AK$1,0)),'Calculations - from BCEU'!$A$2:$A$151,"Rural Residential",'Calculations - from BCEU'!$C$2:$C$151,E$1,'Calculations - from BCEU'!$B$2:$B$151,$A3) -> 0 | F3: =SUMIFS(INDEX('Calculations - from BCEU'!$D$2:$AK$151,,MATCH(About!$A$41,'Calculations - from BCEU'!$D$1:$AK$1,0)),'Calculations - from BCEU'!$A$2:$A$151,"Rural Residential",'Calculations - from BCEU'!$C$2:$C$151,F$1,'Calculations - from BCEU'!$B$2:$B$151,$A3) -> 0 | G3: =SUMIFS(INDEX('Calculations - from BCEU'!$D$2:$AK$151,,MATCH(About!$A$41,'Calculations - from BCEU'!$D$1:$AK$1,0)),'Calculations - from BCEU'!$A$2:$A$151,"Rural Residential",'Calculations - from BCEU'!$C$2:$C$151,G$1,'Calculations - from BCEU'!$B$2:$B$151,$A3) -> 0
A4: natural gas (BTU) | B4: =SUMIFS(INDEX('Calculations - from BCEU'!$D$2:$AK$151,,MATCH(About!$A$41,'Calculations - from BCEU'!$D$1:$AK$1,0)),'Calculations - from BCEU'!$A$2:$A$151,"Rural Residential",'Calculations - from BCEU'!$C$2:$C$151,B$1,'Calculations - from BCEU'!$B$2:$B$151,$A4) -> 0 | C4: =SUMIFS(INDEX('Calculations - from BCEU'!$D$2:$AK$151,,MATCH(About!$A$41,'Calculations - from BCEU'!$D$1:$AK$1,0)),'Calculations - from BCEU'!$A$2:$A$151,"Rural Residential",'Calculations - from BCEU'!$C$2:$C$151,C$1,'Calculations - from BCEU'!$B$2:$B$151,$A4) -> 0 | D4: =SUMIFS(INDEX('Calculations - from BCEU'!$D$2:$AK$151,,MATCH(About!$A$41,'Calculations - from BCEU'!$D$1:$AK$1,0)),'Calculations - from BCEU'!$A$2:$A$151,"Rural Residential",'Calculations - from BCEU'!$C$2:$C$151,D$1,'Calculations - from BCEU'!$B$2:$B$151,$A4) -> 0 | E4: =SUMIFS(INDEX('Calculations - from BCEU'!$D$2:$AK$151,,MATCH(About!$A$41,'Calculations - from BCEU'!$D$1:$AK$1,0)),'Calculations - from BCEU'!$A$2:$A$151,"Rural Residential",'Calculations - from BCEU'!$C$2:$C$151,E$1,'Calculations - from BCEU'!$B$2:$B$151,$A4) -> 0 | F4: =SUMIFS(INDEX('Calculations - from BCEU'!$D$2:$AK$151,,MATCH(About!$A$41,'Calculations - from BCEU'!$D$1:$AK$1,0)),'Calculations - from BCEU'!$A$2:$A$151,"Rural Residential",'Calculations - from BCEU'!$C$2:$C$151,F$1,'Calculations - from BCEU'!$B$2:$B$151,$A4) -> 66860000000000 | G4: =SUMIFS(INDEX('Calculations - from BCEU'!$D$2:$AK$151,,MATCH(About!$A$41,'Calculations - from BCEU'!$D$1:$AK$1,0)),'Calculations - from BCEU'!$A$2:$A$151,"Rural Residential",'Calculations - from BCEU'!$C$2:$C$151,G$1,'Calculations - from BCEU'!$B$2:$B$151,$A4) -> 0
A5: petroleum diesel (BTU) | B5: =SUMIFS(INDEX('Calculations - from BCEU'!$D$2:$AK$151,,MATCH(About!$A$41,'Calculations - from BCEU'!$D$1:$AK$1,0)),'Calculations - from BCEU'!$A$2:$A$151,"Rural Residential",'Calculations - from BCEU'!$C$2:$C$151,B$1,'Calculations - from BCEU'!$B$2:$B$151,$A5) -> 0 | C5: =SUMIFS(INDEX('Calculations - from BCEU'!$D$2:$AK$151,,MATCH(About!$A$41,'Calculations - from BCEU'!$D$1:$AK$1,0)),'Calculations - from BCEU'!$A$2:$A$151,"Rural Residential",'Calculations - from BCEU'!$C$2:$C$151,C$1,'Calculations - from BCEU'!$B$2:$B$151,$A5) -> 0 | D5: =SUMIFS(INDEX('Calculations - from BCEU'!$D$2:$AK$151,,MATCH(About!$A$41,'Calculations - from BCEU'!$D$1:$AK$1,0)),'Calculations - from BCEU'!$A$2:$A$151,"Rural Residential",'Calculations - from BCEU'!$C$2:$C$151,D$1,'Calculations - from BCEU'!$B$2:$B$151,$A5) -> 0 | E5: =SUMIFS(INDEX('Calculations - from BCEU'!$D$2:$AK$151,,MATCH(About!$A$41,'Calculations - from BCEU'!$D$1:$AK$1,0)),'Calculations - from BCEU'!$A$2:$A$151,"Rural Residential",'Calculations - from BCEU'!$C$2:$C$151,E$1,'Calculations - from BCEU'!$B$2:$B$151,$A5) -> 0 | F5: =SUMIFS(INDEX('Calculations - from BCEU'!$D$2:$AK$151,,MATCH(About!$A$41,'Calculations - from BCEU'!$D$1:$AK$1,0)),'Calculations - from BCEU'!$A$2:$A$151,"Rural Residential",'Calculations - from BCEU'!$C$2:$C$151,F$1,'Calculations - from BCEU'!$B$2:$B$151,$A5) -> 0 | G5: =SUMIFS(INDEX('Calculations - from BCEU'!$D$2:$AK$151,,MATCH(About!$A$41,'Calculations - from BCEU'!$D$1:$AK$1,0)),'Calculations - from BCEU'!$A$2:$A$151,"Rural Residential",'Calculations - from BCEU'!$C$2:$C$151,G$1,'Calculations - from BCEU'!$B$2:$B$151,$A5) -> 0
A6: heat (BTU) | B6: =SUMIFS(INDEX('Calculations - from BCEU'!$D$2:$AK$151,,MATCH(About!$A$41,'Calculations - from BCEU'!$D$1:$AK$1,0)),'Calculations - from BCEU'!$A$2:$A$151,"Rural Residential",'Calculations - from BCEU'!$C$2:$C$151,B$1,'Calculations - from BCEU'!$B$2:$B$151,$A6) -> 0 | C6: =SUMIFS(INDEX('Calculations - from BCEU'!$D$2:$AK$151,,MATCH(About!$A$41,'Calculations - from BCEU'!$D$1:$AK$1,0)),'Calculations - from BCEU'!$A$2:$A$151,"Rural Residential",'Calculations - from BCEU'!$C$2:$C$151,C$1,'Calculations - from BCEU'!$B$2:$B$151,$A6) -> 0 | D6: =SUMIFS(INDEX('Calculations - from BCEU'!$D$2:$AK$151,,MATCH(About!$A$41,'Calculations - from BCEU'!$D$1:$AK$1,0)),'Calculations - from BCEU'!$A$2:$A$151,"Rural Residential",'Calculations - from BCEU'!$C$2:$C$151,D$1,'Calculations - from BCEU'!$B$2:$B$151,$A6) -> 0 | E6: =SUMIFS(INDEX('Calculations - from BCEU'!$D$2:$AK$151,,MATCH(About!$A$41,'Calculations - from BCEU'!$D$1:$AK$1,0)),'Calculations - from BCEU'!$A$2:$A$151,"Rural Residential",'Calculations - from BCEU'!$C$2:$C$151,E$1,'Calculations - from BCEU'!$B$2:$B$151,$A6) -> 0 | F6: =SUMIFS(INDEX('Calculations - from BCEU'!$D$2:$AK$151,,MATCH(About!$A$41,'Calculations - from BCEU'!$D$1:$AK$1,0)),'Calculations - from BCEU'!$A$2:$A$151,"Rural Residential",'Calculations - from BCEU'!$C$2:$C$151,F$1,'Calculations - from BCEU'!$B$2:$B$151,$A6) -> 0 | G6: =SUMIFS(INDEX('Calculations - from BCEU'!$D$2:$AK$151,,MATCH(About!$A$41,'Calculations - from BCEU'!$D$1:$AK$1,0)),'Calculations - from BCEU'!$A$2:$A$151,"Rural Residential",'Calculations - from BCEU'!$C$2:$C$151,G$1,'Calculations - from BCEU'!$B$2:$B$151,$A6) -> 0
A7: biomass (BTU) | B7: =SUMIFS(INDEX('Calculations - from BCEU'!$D$2:$AK$151,,MATCH(About!$A$41,'Calculations - from BCEU'!$D$1:$AK$1,0)),'Calculations - from BCEU'!$A$2:$A$151,"Rural Residential",'Calculations - from BCEU'!$C$2:$C$151,B$1,'Calculations - from BCEU'!$B$2:$B$151,$A7) -> 0 | C7: =SUMIFS(INDEX('Calculations - from BCEU'!$D$2:$AK$151,,MATCH(About!$A$41,'Calculations - from BCEU'!$D$1:$AK$1,0)),'Calculations - from BCEU'!$A$2:$A$151,"Rural Residential",'Calculations - from BCEU'!$C$2:$C$151,C$1,'Calculations - from BCEU'!$B$2:$B$151,$A7) -> 0 | D7: =SUMIFS(INDEX('Calculations - from BCEU'!$D$2:$AK$151,,MATCH(About!$A$41,'Calculations - from BCEU'!$D$1:$AK$1,0)),'Calculations - from BCEU'!$A$2:$A$151,"Rural Residential",'Calculations - from BCEU'!$C$2:$C$151,D$1,'Calculations - from BCEU'!$B$2:$B$151,$A7) -> 0 | E7: =SUMIFS(INDEX('Calculations - from BCEU'!$D$2:$AK$151,,MATCH(About!$A$41,'Calculations - from BCEU'!$D$1:$AK$1,0)),'Calculations - from BCEU'!$A$2:$A$151,"Rural Residential",'Calculations - from BCEU'!$C$2:$C$151,E$1,'Calculations - from BCEU'!$B$2:$B$151,$A7) -> 0 | F7: =SUMIFS(INDEX('Calculations - from BCEU'!$D$2:$AK$151,,MATCH(About!$A$41,'Calculations - from BCEU'!$D$1:$AK$1,0)),'Calculations - from BCEU'!$A$2:$A$151,"Rural Residential",'Calculations - from BCEU'!$C$2:$C$151,F$1,'Calculations - from BCEU'!$B$2:$B$151,$A7) -> 2.47e+15 | G7: =SUMIFS(INDEX('Calculations - from BCEU'!$D$2:$AK$151,,MATCH(About!$A$41,'Calculations - from BCEU'!$D$1:$AK$1,0)),'Calculations - from BCEU'!$A$2:$A$151,"Rural Residential",'Calculations - from BCEU'!$C$2:$C$151,G$1,'Calculations - from BCEU'!$B$2:$B$151,$A7) -> 0
A8: kerosene (BTU) | B8: =SUMIFS(INDEX('Calculations - from BCEU'!$D$2:$AK$151,,MATCH(About!$A$41,'Calculations - from BCEU'!$D$1:$AK$1,0)),'Calculations - from BCEU'!$A$2:$A$151,"Rural Residential",'Calculations - from BCEU'!$C$2:$C$151,B$1,'Calculations - from BCEU'!$B$2:$B$151,$A8) -> 0 | C8: =SUMIFS(INDEX('Calculations - from BCEU'!$D$2:$AK$151,,MATCH(About!$A$41,'Calculations - from BCEU'!$D$1:$AK$1,0)),'Calculations - from BCEU'!$A$2:$A$151,"Rural Residential",'Calculations - from BCEU'!$C$2:$C$151,C$1,'Calculations - from BCEU'!$B$2:$B$151,$A8) -> 0 | D8: =SUMIFS(INDEX('Calculations - from BCEU'!$D$2:$AK$151,,MATCH(About!$A$41,'Calculations - from BCEU'!$D$1:$AK$1,0)),'Calculations - from BCEU'!$A$2:$A$151,"Rural Residential",'Calculations - from BCEU'!$C$2:$C$151,D$1,'Calculations - from BCEU'!$B$2:$B$151,$A8) -> 0 | E8: =SUMIFS(INDEX('Calculations - from BCEU'!$D$2:$AK$151,,MATCH(About!$A$41,'Calculations - from BCEU'!$D$1:$AK$1,0)),'Calculations - from BCEU'!$A$2:$A$151,"Rural Residential",'Calculations - from BCEU'!$C$2:$C$151,E$1,'Calculations - from BCEU'!$B$2:$B$151,$A8) -> 0 | F8: =SUMIFS(INDEX('Calculations - from BCEU'!$D$2:$AK$151,,MATCH(About!$A$41,'Calculations - from BCEU'!$D$1:$AK$1,0)),'Calculations - from BCEU'!$A$2:$A$151,"Rural Residential",'Calculations - from BCEU'!$C$2:$C$151,F$1,'Calculations - from BCEU'!$B$2:$B$151,$A8) -> 0 | G8: =SUMIFS(INDEX('Calculations - from BCEU'!$D$2:$AK$151,,MATCH(About!$A$41,'Calculations - from BCEU'!$D$1:$AK$1,0)),'Calculations - from BCEU'!$A$2:$A$151,"Rural Residential",'Calculations - from BCEU'!$C$2:$C$151,G$1,'Calculations - from BCEU'!$B$2:$B$151,$A8) -> 0
A9: heavy or residual fuel oil (BTU) | B9: =SUMIFS(INDEX('Calculations - from BCEU'!$D$2:$AK$151,,MATCH(About!$A$41,'Calculations - from BCEU'!$D$1:$AK$1,0)),'Calculations - from BCEU'!$A$2:$A$151,"Rural Residential",'Calculations - from BCEU'!$C$2:$C$151,B$1,'Calculations - from BCEU'!$B$2:$B$151,$A9) -> 0 | C9: =SUMIFS(INDEX('Calculations - from BCEU'!$D$2:$AK$151,,MATCH(About!$A$41,'Calculations - from BCEU'!$D$1:$AK$1,0)),'Calculations - from BCEU'!$A$2:$A$151,"Rural Residential",'Calculations - from BCEU'!$C$2:$C$151,C$1,'Calculations - from BCEU'!$B$2:$B$151,$A9) -> 0 | D9: =SUMIFS(INDEX('Calculations - from BCEU'!$D$2:$AK$151,,MATCH(About!$A$41,'Calculations - from BCEU'!$D$1:$AK$1,0)),'Calculations - from BCEU'!$A$2:$A$151,"Rural Residential",'Calculations - from BCEU'!$C$2:$C$151,D$1,'Calculations - from BCEU'!$B$2:$B$151,$A9) -> 0 | E9: =SUMIFS(INDEX('Calculations - from BCEU'!$D$2:$AK$151,,MATCH(About!$A$41,'Calculations - from BCEU'!$D$1:$AK$1,0)),'Calculations - from BCEU'!$A$2:$A$151,"Rural Residential",'Calculations - from BCEU'!$C$2:$C$151,E$1,'Calculations - from BCEU'!$B$2:$B$151,$A9) -> 0 | F9: =SUMIFS(INDEX('Calculations - from BCEU'!$D$2:$AK$151,,MATCH(About!$A$41,'Calculations - from BCEU'!$D$1:$AK$1,0)),'Calculations - from BCEU'!$A$2:$A$151,"Rural Residential",'Calculations - from BCEU'!$C$2:$C$151,F$1,'Calculations - from BCEU'!$B$2:$B$151,$A9) -> 0 | G9: =SUMIFS(INDEX('Calculations - from BCEU'!$D$2:$AK$151,,MATCH(About!$A$41,'Calculations - from BCEU'!$D$1:$AK$1,0)),'Calculations - from BCEU'!$A$2:$A$151,"Rural Residential",'Calculations - from BCEU'!$C$2:$C$151,G$1,'Calculations - from BCEU'!$B$2:$B$151,$A9) -> 0
A10: LPG propane or butane (BTU) | B10: =SUMIFS(INDEX('Calculations - from BCEU'!$D$2:$AK$151,,MATCH(About!$A$41,'Calculations - from BCEU'!$D$1:$AK$1,0)),'Calculations - from BCEU'!$A$2:$A$151,"Rural Residential",'Calculations - from BCEU'!$C$2:$C$151,B$1,'Calculations - from BCEU'!$B$2:$B$151,$A10) -> 0 | C10: =SUMIFS(INDEX('Calculations - from BCEU'!$D$2:$AK$151,,MATCH(About!$A$41,'Calculations - from BCEU'!$D$1:$AK$1,0)),'Calculations - from BCEU'!$A$2:$A$151,"Rural Residential",'Calculations - from BCEU'!$C$2:$C$151,C$1,'Calculations - from BCEU'!$B$2:$B$151,$A10) -> 0 | D10: =SUMIFS(INDEX('Calculations - from BCEU'!$D$2:$AK$151,,MATCH(About!$A$41,'Calculations - from BCEU'!$D$1:$AK$1,0)),'Calculations - from BCEU'!$A$2:$A$151,"Rural Residential",'Calculations - from BCEU'!$C$2:$C$151,D$1,'Calculations - from BCEU'!$B$2:$B$151,$A10) -> 0 | E10: =SUMIFS(INDEX('Calculations - from BCEU'!$D$2:$AK$151,,MATCH(About!$A$41,'Calculations - from BCEU'!$D$1:$AK$1,0)),'Calculations - from BCEU'!$A$2:$A$151,"Rural Residential",'Calculations - from BCEU'!$C$2:$C$151,E$1,'Calculations - from BCEU'!$B$2:$B$151,$A10) -> 0 | F10: =SUMIFS(INDEX('Calculations - from BCEU'!$D$2:$AK$151,,MATCH(About!$A$41,'Calculations - from BCEU'!$D$1:$AK$1,0)),'Calculations - from BCEU'!$A$2:$A$151,"Rural Residential",'Calculations - from BCEU'!$C$2:$C$151,F$1,'Calculations - from BCEU'!$B$2:$B$151,$A10) -> 476300000000000 | G10: =SUMIFS(INDEX('Calculations - from BCEU'!$D$2:$AK$151,,MATCH(About!$A$41,'Calculations - from BCEU'!$D$1:$AK$1,0)),'Calculations - from BCEU'!$A$2:$A$151,"Rural Residential",'Calculations - from BCEU'!$C$2:$C$151,G$1,'Calculations - from BCEU'!$B$2:$B$151,$A10) -> 0
A11: hydrogen (BTU) | B11: =SUMIFS(INDEX('Calculations - from BCEU'!$D$2:$AK$151,,MATCH(About!$A$41,'Calculations - from BCEU'!$D$1:$AK$1,0)),'Calculations - from BCEU'!$A$2:$A$151,"Rural Residential",'Calculations - from BCEU'!$C$2:$C$151,B$1,'Calculations - from BCEU'!$B$2:$B$151,$A11) -> 0 | C11: =SUMIFS(INDEX('Calculations - from BCEU'!$D$2:$AK$151,,MATCH(About!$A$41,'Calculations - from BCEU'!$D$1:$AK$1,0)),'Calculations - from BCEU'!$A$2:$A$151,"Rural Residential",'Calculations - from BCEU'!$C$2:$C$151,C$1,'Calculations - from BCEU'!$B$2:$B$151,$A11) -> 0 | D11: =SUMIFS(INDEX('Calculations - from BCEU'!$D$2:$AK$151,,MATCH(About!$A$41,'Calculations - from BCEU'!$D$1:$AK$1,0)),'Calculations - from BCEU'!$A$2:$A$151,"Rural Residential",'Calculations - from BCEU'!$C$2:$C$151,D$1,'Calculations - from BCEU'!$B$2:$B$151,$A11) -> 0 | E11: =SUMIFS(INDEX('Calculations - from BCEU'!$D$2:$AK$151,,MATCH(About!$A$41,'Calculations - from BCEU'!$D$1:$AK$1,0)),'Calculations - from BCEU'!$A$2:$A$151,"Rural Residential",'Calculations - from BCEU'!$C$2:$C$151,E$1,'Calculations - from BCEU'!$B$2:$B$151,$A11) -> 0 | F11: =SUMIFS(INDEX('Calculations - from BCEU'!$D$2:$AK$151,,MATCH(About!$A$41,'Calculations - from BCEU'!$D$1:$AK$1,0)),'Calculations - from BCEU'!$A$2:$A$151,"Rural Residential",'Calculations - from BCEU'!$C$2:$C$151,F$1,'Calculations - from BCEU'!$B$2:$B$151,$A11) -> 0 | G11: =SUMIFS(INDEX('Calculations - from BCEU'!$D$2:$AK$151,,MATCH(About!$A$41,'Calculations - from BCEU'!$D$1:$AK$1,0)),'Calculations - from BCEU'!$A$2:$A$151,"Rural Residential",'Calculations - from BCEU'!$C$2:$C$151,G$1,'Calculations - from BCEU'!$B$2:$B$151,$A11) -> 0

Sheet SYCEU-commercial
A1: Year | B1: heating | C1: cooling & ventilation | D1: envelope | E1: lighting | F1: appliances | G1: other
A2: electricity (BTU) | B2: =SUMIFS(INDEX('Calculations - from BCEU'!$D$2:$AK$151,,MATCH(About!$A$41,'Calculations - from BCEU'!$D$1:$AK$1,0)),'Calculations - from BCEU'!$A$2:$A$151,"Commercial",'Calculations - from BCEU'!$C$2:$C$151,B$1,'Calculations - from BCEU'!$B$2:$B$151,$A2) -> 0 | C2: =SUMIFS(INDEX('Calculations - from BCEU'!$D$2:$AK$151,,MATCH(About!$A$41,'Calculations - from BCEU'!$D$1:$AK$1,0)),'Calculations - from BCEU'!$A$2:$A$151,"Commercial",'Calculations - from BCEU'!$C$2:$C$151,C$1,'Calculations - from BCEU'!$B$2:$B$151,$A2) -> 224000000000000 | D2: =SUMIFS(INDEX('Calculations - from BCEU'!$D$2:$AK$151,,MATCH(About!$A$41,'Calculations - from BCEU'!$D$1:$AK$1,0)),'Calculations - from BCEU'!$A$2:$A$151,"Commercial",'Calculations - from BCEU'!$C$2:$C$151,D$1,'Calculations - from BCEU'!$B$2:$B$151,$A2) -> 0 | E2: =SUMIFS(INDEX('Calculations - from BCEU'!$D$2:$AK$151,,MATCH(About!$A$41,'Calculations - from BCEU'!$D$1:$AK$1,0)),'Calculations - from BCEU'!$A$2:$A$151,"Commercial",'Calculations - from BCEU'!$C$2:$C$151,E$1,'Calculations - from BCEU'!$B$2:$B$151,$A2) -> 44100000000000 | F2: =SUMIFS(INDEX('Calculations - from BCEU'!$D$2:$AK$151,,MATCH(About!$A$41,'Calculations - from BCEU'!$D$1:$AK$1,0)),'Calculations - from BCEU'!$A$2:$A$151,"Commercial",'Calculations - from BCEU'!$C$2:$C$151,F$1,'Calculations - from BCEU'!$B$2:$B$151,$A2) -> 68000000000000 | G2: =SUMIFS(INDEX('Calculations - from BCEU'!$D$2:$AK$151,,MATCH(About!$A$41,'Calculations - from BCEU'!$D$1:$AK$1,0)),'Calculations - from BCEU'!$A$2:$A$151,"Commercial",'Calculations - from BCEU'!$C$2:$C$151,G$1,'Calculations - from BCEU'!$B$2:$B$151,$A2) -> 31700000000000
A3: coal (BTU) | B3: =SUMIFS(INDEX('Calculations - from BCEU'!$D$2:$AK$151,,MATCH(About!$A$41,'Calculations - from BCEU'!$D$1:$AK$1,0)),'Calculations - from BCEU'!$A$2:$A$151,"Commercial",'Calculations - from BCEU'!$C$2:$C$151,B$1,'Calculations - from BCEU'!$B$2:$B$151,$A3) -> 0 | C3: =SUMIFS(INDEX('Calculations - from BCEU'!$D$2:$AK$151,,MATCH(About!$A$41,'Calculations - from BCEU'!$D$1:$AK$1,0)),'Calculations - from BCEU'!$A$2:$A$151,"Commercial",'Calculations - from BCEU'!$C$2:$C$151,C$1,'Calculations - from BCEU'!$B$2:$B$151,$A3) -> 0 | D3: =SUMIFS(INDEX('Calculations - from BCEU'!$D$2:$AK$151,,MATCH(About!$A$41,'Calculations - from BCEU'!$D$1:$AK$1,0)),'Calculations - from BCEU'!$A$2:$A$151,"Commercial",'Calculations - from BCEU'!$C$2:$C$151,D$1,'Calculations - from BCEU'!$B$2:$B$151,$A3) -> 0 | E3: =SUMIFS(INDEX('Calculations - from BCEU'!$D$2:$AK$151,,MATCH(About!$A$41,'Calculations - from BCEU'!$D$1:$AK$1,0)),'Calculations - from BCEU'!$A$2:$A$151,"Commercial",'Calculations - from BCEU'!$C$2:$C$151,E$1,'Calculations - from BCEU'!$B$2:$B$151,$A3) -> 0 | F3: =SUMIFS(INDEX('Calculations - from BCEU'!$D$2:$AK$151,,MATCH(About!$A$41,'Calculations - from BCEU'!$D$1:$AK$1,0)),'Calculations - from BCEU'!$A$2:$A$151,"Commercial",'Calculations - from BCEU'!$C$2:$C$151,F$1,'Calculations - from BCEU'!$B$2:$B$151,$A3) -> 0 | G3: =SUMIFS(INDEX('Calculations - from BCEU'!$D$2:$AK$151,,MATCH(About!$A$41,'Calculations - from BCEU'!$D$1:$AK$1,0)),'Calculations - from BCEU'!$A$2:$A$151,"Commercial",'Calculations - from BCEU'!$C$2:$C$151,G$1,'Calculations - from BCEU'!$B$2:$B$151,$A3) -> 0
A4: natural gas (BTU) | B4: =SUMIFS(INDEX('Calculations - from BCEU'!$D$2:$AK$151,,MATCH(About!$A$41,'Calculations - from BCEU'!$D$1:$AK$1,0)),'Calculations - from BCEU'!$A$2:$A$151,"Commercial",'Calculations - from BCEU'!$C$2:$C$151,B$1,'Calculations - from BCEU'!$B$2:$B$151,$A4) -> 0 | C4: =SUMIFS(INDEX('Calculations - from BCEU'!$D$2:$AK$151,,MATCH(About!$A$41,'Calculations - from BCEU'!$D$1:$AK$1,0)),'Calculations - from BCEU'!$A$2:$A$151,"Commercial",'Calculations - from BCEU'!$C$2:$C$151,C$1,'Calculations - from BCEU'!$B$2:$B$151,$A4) -> 0 | D4: =SUMIFS(INDEX('Calculations - from BCEU'!$D$2:$AK$151,,MATCH(About!$A$41,'Calculations - from BCEU'!$D$1:$AK$1,0)),'Calculations - from BCEU'!$A$2:$A$151,"Commercial",'Calculations - from BCEU'!$C$2:$C$151,D$1,'Calculations - from BCEU'!$B$2:$B$151,$A4) -> 0 | E4: =SUMIFS(INDEX('Calculations - from BCEU'!$D$2:$AK$151,,MATCH(About!$A$41,'Calculations - from BCEU'!$D$1:$AK$1,0)),'Calculations - from BCEU'!$A$2:$A$151,"Commercial",'Calculations - from BCEU'!$C$2:$C$151,E$1,'Calculations - from BCEU'!$B$2:$B$151,$A4) -> 0 | F4: =SUMIFS(INDEX('Calculations - from BCEU'!$D$2:$AK$151,,MATCH(About!$A$41,'Calculations - from BCEU'!$D$1:$AK$1,0)),'Calculations - from BCEU'!$A$2:$A$151,"Commercial",'Calculations - from BCEU'!$C$2:$C$151,F$1,'Calculations - from BCEU'!$B$2:$B$151,$A4) -> 0 | G4: =SUMIFS(INDEX('Calculations - from BCEU'!$D$2:$AK$151,,MATCH(About!$A$41,'Calculations - from BCEU'!$D$1:$AK$1,0)),'Calculations - from BCEU'!$A$2:$A$151,"Commercial",'Calculations - from BCEU'!$C$2:$C$151,G$1,'Calculations - from BCEU'!$B$2:$B$151,$A4) -> 0
A5: petroleum diesel (BTU) | B5: =SUMIFS(INDEX('Calculations - from BCEU'!$D$2:$AK$151,,MATCH(About!$A$41,'Calculations - from BCEU'!$D$1:$AK$1,0)),'Calculations - from BCEU'!$A$2:$A$151,"Commercial",'Calculations - from BCEU'!$C$2:$C$151,B$1,'Calculations - from BCEU'!$B$2:$B$151,$A5) -> 0 | C5: =SUMIFS(INDEX('Calculations - from BCEU'!$D$2:$AK$151,,MATCH(About!$A$41,'Calculations - from BCEU'!$D$1:$AK$1,0)),'Calculations - from BCEU'!$A$2:$A$151,"Commercial",'Calculations - from BCEU'!$C$2:$C$151,C$1,'Calculations - from BCEU'!$B$2:$B$151,$A5) -> 0 | D5: =SUMIFS(INDEX('Calculations - from BCEU'!$D$2:$AK$151,,MATCH(About!$A$41,'Calculations - from BCEU'!$D$1:$AK$1,0)),'Calculations - from BCEU'!$A$2:$A$151,"Commercial",'Calculations - from BCEU'!$C$2:$C$151,D$1,'Calculations - from BCEU'!$B$2:$B$151,$A5) -> 0 | E5: =SUMIFS(INDEX('Calculations - from BCEU'!$D$2:$AK$151,,MATCH(About!$A$41,'Calculations - from BCEU'!$D$1:$AK$1,0)),'Calculations - from BCEU'!$A$2:$A$151,"Commercial",'Calculations - from BCEU'!$C$2:$C$151,E$1,'Calculations - from BCEU'!$B$2:$B$151,$A5) -> 0 | F5: =SUMIFS(INDEX('Calculations - from BCEU'!$D$2:$AK$151,,MATCH(About!$A$41,'Calculations - from BCEU'!$D$1:$AK$1,0)),'Calculations - from BCEU'!$A$2:$A$151,"Commercial",'Calculations - from BCEU'!$C$2:$C$151,F$1,'Calculations - from BCEU'!$B$2:$B$151,$A5) -> 0 | G5: =SUMIFS(INDEX('Calculations - from BCEU'!$D$2:$AK$151,,MATCH(About!$A$41,'Calculations - from BCEU'!$D$1:$AK$1,0)),'Calculations - from BCEU'!$A$2:$A$151,"Commercial",'Calculations - from BCEU'!$C$2:$C$151,G$1,'Calculations - from BCEU'!$B$2:$B$151,$A5) -> 0
A6: heat (BTU) | B6: =SUMIFS(INDEX('Calculations - from BCEU'!$D$2:$AK$151,,MATCH(About!$A$41,'Calculations - from BCEU'!$D$1:$AK$1,0)),'Calculations - from BCEU'!$A$2:$A$151,"Commercial",'Calculations - from BCEU'!$C$2:$C$151,B$1,'Calculations - from BCEU'!$B$2:$B$151,$A6) -> 0 | C6: =SUMIFS(INDEX('Calculations - from BCEU'!$D$2:$AK$151,,MATCH(About!$A$41,'Calculations - from BCEU'!$D$1:$AK$1,0)),'Calculations - from BCEU'!$A$2:$A$151,"Commercial",'Calculations - from BCEU'!$C$2:$C$151,C$1,'Calculations - from BCEU'!$B$2:$B$151,$A6) -> 0 | D6: =SUMIFS(INDEX('Calculations - from BCEU'!$D$2:$AK$151,,MATCH(About!$A$41,'Calculations - from BCEU'!$D$1:$AK$1,0)),'Calculations - from BCEU'!$A$2:$A$151,"Commercial",'Calculations - from BCEU'!$C$2:$C$151,D$1,'Calculations - from BCEU'!$B$2:$B$151,$A6) -> 0 | E6: =SUMIFS(INDEX('Calculations - from BCEU'!$D$2:$AK$151,,MATCH(About!$A$41,'Calculations - from BCEU'!$D$1:$AK$1,0)),'Calculations - from BCEU'!$A$2:$A$151,"Commercial",'Calculations - from BCEU'!$C$2:$C$151,E$1,'Calculations - from BCEU'!$B$2:$B$151,$A6) -> 0 | F6: =SUMIFS(INDEX('Calculations - from BCEU'!$D$2:$AK$151,,MATCH(About!$A$41,'Calculations - from BCEU'!$D$1:$AK$1,0)),'Calculations - from BCEU'!$A$2:$A$151,"Commercial",'Calculations - from BCEU'!$C$2:$C$151,F$1,'Calculations - from BCEU'!$B$2:$B$151,$A6) -> 0 | G6: =SUMIFS(INDEX('Calculations - from BCEU'!$D$2:$AK$151,,MATCH(About!$A$41,'Calculations - from BCEU'!$D$1:$AK$1,0)),'Calculations - from BCEU'!$A$2:$A$151,"Commercial",'Calculations - from BCEU'!$C$2:$C$151,G$1,'Calculations - from BCEU'!$B$2:$B$151,$A6) -> 0
A7: biomass (BTU) | B7: =SUMIFS(INDEX('Calculations - from BCEU'!$D$2:$AK$151,,MATCH(About!$A$41,'Calculations - from BCEU'!$D$1:$AK$1,0)),'Calculations - from BCEU'!$A$2:$A$151,"Commercial",'Calculations - from BCEU'!$C$2:$C$151,B$1,'Calculations - from BCEU'!$B$2:$B$151,$A7) -> 0 | C7: =SUMIFS(INDEX('Calculations - from BCEU'!$D$2:$AK$151,,MATCH(About!$A$41,'Calculations - from BCEU'!$D$1:$AK$1,0)),'Calculations - from BCEU'!$A$2:$A$151,"Commercial",'Calculations - from BCEU'!$C$2:$C$151,C$1,'Calculations - from BCEU'!$B$2:$B$151,$A7) -> 0 | D7: =SUMIFS(INDEX('Calculations - from BCEU'!$D$2:$AK$151,,MATCH(About!$A$41,'Calculations - from BCEU'!$D$1:$AK$1,0)),'Calculations - from BCEU'!$A$2:$A$151,"Commercial",'Calculations - from BCEU'!$C$2:$C$151,D$1,'Calculations - from BCEU'!$B$2:$B$151,$A7) -> 0 | E7: =SUMIFS(INDEX('Calculations - from BCEU'!$D$2:$AK$151,,MATCH(About!$A$41,'Calculations - from BCEU'!$D$1:$AK$1,0)),'Calculations - from BCEU'!$A$2:$A$151,"Commercial",'Calculations - from BCEU'!$C$2:$C$151,E$1,'Calculations - from BCEU'!$B$2:$B$151,$A7) -> 0 | F7: =SUMIFS(INDEX('Calculations - from BCEU'!$D$2:$AK$151,,MATCH(About!$A$41,'Calculations - from BCEU'!$D$1:$AK$1,0)),'Calculations - from BCEU'!$A$2:$A$151,"Commercial",'Calculations - from BCEU'!$C$2:$C$151,F$1,'Calculations - from BCEU'!$B$2:$B$151,$A7) -> 0 | G7: =SUMIFS(INDEX('Calculations - from BCEU'!$D$2:$AK$151,,MATCH(About!$A$41,'Calculations - from BCEU'!$D$1:$AK$1,0)),'Calculations - from BCEU'!$A$2:$A$151,"Commercial",'Calculations - from BCEU'!$C$2:$C$151,G$1,'Calculations - from BCEU'!$B$2:$B$151,$A7) -> 0
A8: kerosene (BTU) | B8: =SUMIFS(INDEX('Calculations - from BCEU'!$D$2:$AK$151,,MATCH(About!$A$41,'Calculations - from BCEU'!$D$1:$AK$1,0)),'Calculations - from BCEU'!$A$2:$A$151,"Commercial",'Calculations - from BCEU'!$C$2:$C$151,B$1,'Calculations - from BCEU'!$B$2:$B$151,$A8) -> 0 | C8: =SUMIFS(INDEX('Calculations - from BCEU'!$D$2:$AK$151,,MATCH(About!$A$41,'Calculations - from BCEU'!$D$1:$AK$1,0)),'Calculations - from BCEU'!$A$2:$A$151,"Commercial",'Calculations - from BCEU'!$C$2:$C$151,C$1,'Calculations - from BCEU'!$B$2:$B$151,$A8) -> 0 | D8: =SUMIFS(INDEX('Calculations - from BCEU'!$D$2:$AK$151,,MATCH(About!$A$41,'Calculations - from BCEU'!$D$1:$AK$1,0)),'Calculations - from BCEU'!$A$2:$A$151,"Commercial",'Calculations - from BCEU'!$C$2:$C$151,D$1,'Calculations - from BCEU'!$B$2:$B$151,$A8) -> 0 | E8: =SUMIFS(INDEX('Calculations - from BCEU'!$D$2:$AK$151,,MATCH(About!$A$41,'Calculations - from BCEU'!$D$1:$AK$1,0)),'Calculations - from BCEU'!$A$2:$A$151,"Commercial",'Calculations - from BCEU'!$C$2:$C$151,E$1,'Calculations - from BCEU'!$B$2:$B$151,$A8) -> 39450700000000 | F8: =SUMIFS(INDEX('Calculations - from BCEU'!$D$2:$AK$151,,MATCH(About!$A$41,'Calculations - from BCEU'!$D$1:$AK$1,0)),'Calculations - from BCEU'!$A$2:$A$151,"Commercial",'Calculations - from BCEU'!$C$2:$C$151,F$1,'Calculations - from BCEU'!$B$2:$B$151,$A8) -> 4383410000000 | G8: =SUMIFS(INDEX('Calculations - from BCEU'!$D$2:$AK$151,,MATCH(About!$A$41,'Calculations - from BCEU'!$D$1:$AK$1,0)),'Calculations - from BCEU'!$A$2:$A$151,"Commercial",'Calculations - from BCEU'!$C$2:$C$151,G$1,'Calculations - from BCEU'!$B$2:$B$151,$A8) -> 0
A9: heavy or residual fuel oil (BTU) | B9: =SUMIFS(INDEX('Calculations - from BCEU'!$D$2:$AK$151,,MATCH(About!$A$41,'Calculations - from BCEU'!$D$1:$AK$1,0)),'Calculations - from BCEU'!$A$2:$A$151,"Commercial",'Calculations - from BCEU'!$C$2:$C$151,B$1,'Calculations - from BCEU'!$B$2:$B$151,$A9) -> 0 | C9: =SUMIFS(INDEX('Calculations - from BCEU'!$D$2:$AK$151,,MATCH(About!$A$41,'Calculations - from BCEU'!$D$1:$AK$1,0)),'Calculations - from BCEU'!$A$2:$A$151,"Commercial",'Calculations - from BCEU'!$C$2:$C$151,C$1,'Calculations - from BCEU'!$B$2:$B$151,$A9) -> 0 | D9: =SUMIFS(INDEX('Calculations - from BCEU'!$D$2:$AK$151,,MATCH(About!$A$41,'Calculations - from BCEU'!$D$1:$AK$1,0)),'Calculations - from BCEU'!$A$2:$A$151,"Commercial",'Calculations - from BCEU'!$C$2:$C$151,D$1,'Calculations - from BCEU'!$B$2:$B$151,$A9) -> 0 | E9: =SUMIFS(INDEX('Calculations - from BCEU'!$D$2:$AK$151,,MATCH(About!$A$41,'Calculations - from BCEU'!$D$1:$AK$1,0)),'Calculations - from BCEU'!$A$2:$A$151,"Commercial",'Calculations - from BCEU'!$C$2:$C$151,E$1,'Calculations - from BCEU'!$B$2:$B$151,$A9) -> 0 | F9: =SUMIFS(INDEX('Calculations - from BCEU'!$D$2:$AK$151,,MATCH(About!$A$41,'Calculations - from BCEU'!$D$1:$AK$1,0)),'Calculations - from BCEU'!$A$2:$A$151,"Commercial",'Calculations - from BCEU'!$C$2:$C$151,F$1,'Calculations - from BCEU'!$B$2:$B$151,$A9) -> 0 | G9: =SUMIFS(INDEX('Calculations - from BCEU'!$D$2:$AK$151,,MATCH(About!$A$41,'Calculations - from BCEU'!$D$1:$AK$1,0)),'Calculations - from BCEU'!$A$2:$A$151,"Commercial",'Calculations - from BCEU'!$C$2:$C$151,G$1,'Calculations - from BCEU'!$B$2:$B$151,$A9) -> 0
A10: LPG propane or butane (BTU) | B10: =SUMIFS(INDEX('Calculations - from BCEU'!$D$2:$AK$151,,MATCH(About!$A$41,'Calculations - from BCEU'!$D$1:$AK$1,0)),'Calculations - from BCEU'!$A$2:$A$151,"Commercial",'Calculations - from BCEU'!$C$2:$C$151,B$1,'Calculations - from BCEU'!$B$2:$B$151,$A10) -> 0 | C10: =SUMIFS(INDEX('Calculations - from BCEU'!$D$2:$AK$151,,MATCH(About!$A$41,'Calculations - from BCEU'!$D$1:$AK$1,0)),'Calculations - from BCEU'!$A$2:$A$151,"Commercial",'Calculations - from BCEU'!$C$2:$C$151,C$1,'Calculations - from BCEU'!$B$2:$B$151,$A10) -> 0 | D10: =SUMIFS(INDEX('Calculations - from BCEU'!$D$2:$AK$151,,MATCH(About!$A$41,'Calculations - from BCEU'!$D$1:$AK$1,0)),'Calculations - from BCEU'!$A$2:$A$151,"Commercial",'Calculations - from BCEU'!$C$2:$C$151,D$1,'Calculations - from BCEU'!$B$2:$B$151,$A10) -> 0 | E10: =SUMIFS(INDEX('Calculations - from BCEU'!$D$2:$AK$151,,MATCH(About!$A$41,'Calculations - from BCEU'!$D$1:$AK$1,0)),'Calculations - from BCEU'!$A$2:$A$151,"Commercial",'Calculations - from BCEU'!$C$2:$C$151,E$1,'Calculations - from BCEU'!$B$2:$B$151,$A10) -> 0 | F10: =SUMIFS(INDEX('Calculations - from BCEU'!$D$2:$AK$151,,MATCH(About!$A$41,'Calculations - from BCEU'!$D$1:$AK$1,0)),'Calculations - from BCEU'!$A$2:$A$151,"Commercial",'Calculations - from BCEU'!$C$2:$C$151,F$1,'Calculations - from BCEU'!$B$2:$B$151,$A10) -> 1.24666e+15 | G10: =SUMIFS(INDEX('Calculations - from BCEU'!$D$2:$AK$151,,MATCH(About!$A$41,'Calculations - from BCEU'!$D$1:$AK$1,0)),'Calculations - from BCEU'!$A$2:$A$151,"Commercial",'Calculations - from BCEU'!$C$2:$C$151,G$1,'Calculations - from BCEU'!$B$2:$B$151,$A10) -> 0
A11: hydrogen (BTU) | B11: =SUMIFS(INDEX('Calculations - from BCEU'!$D$2:$AK$151,,MATCH(About!$A$41,'Calculations - from BCEU'!$D$1:$AK$1,0)),'Calculations - from BCEU'!$A$2:$A$151,"Commercial",'Calculations - from BCEU'!$C$2:$C$151,B$1,'Calculations - from BCEU'!$B$2:$B$151,$A11) -> 0 | C11: =SUMIFS(INDEX('Calculations - from BCEU'!$D$2:$AK$151,,MATCH(About!$A$41,'Calculations - from BCEU'!$D$1:$AK$1,0)),'Calculations - from BCEU'!$A$2:$A$151,"Commercial",'Calculations - from BCEU'!$C$2:$C$151,C$1,'Calculations - from BCEU'!$B$2:$B$151,$A11) -> 0 | D11: =SUMIFS(INDEX('Calculations - from BCEU'!$D$2:$AK$151,,MATCH(About!$A$41,'Calculations - from BCEU'!$D$1:$AK$1,0)),'Calculations - from BCEU'!$A$2:$A$151,"Commercial",'Calculations - from BCEU'!$C$2:$C$151,D$1,'Calculations - from BCEU'!$B$2:$B$151,$A11) -> 0 | E11: =SUMIFS(INDEX('Calculations - from BCEU'!$D$2:$AK$151,,MATCH(About!$A$41,'Calculations - from BCEU'!$D$1:$AK$1,0)),'Calculations - from BCEU'!$A$2:$A$151,"Commercial",'Calculations - from BCEU'!$C$2:$C$151,E$1,'Calculations - from BCEU'!$B$2:$B$151,$A11) -> 0 | F11: =SUMIFS(INDEX('Calculations - from BCEU'!$D$2:$AK$151,,MATCH(About!$A$41,'Calculations - from BCEU'!$D$1:$AK$1,0)),'Calculations - from BCEU'!$A$2:$A$151,"Commercial",'Calculations - from BCEU'!$C$2:$C$151,F$1,'Calculations - from BCEU'!$B$2:$B$151,$A11) -> 0 | G11: =SUMIFS(INDEX('Calculations - from BCEU'!$D$2:$AK$151,,MATCH(About!$A$41,'Calculations - from BCEU'!$D$1:$AK$1,0)),'Calculations - from BCEU'!$A$2:$A$151,"Commercial",'Calculations - from BCEU'!$C$2:$C$151,G$1,'Calculations - from BCEU'!$B$2:$B$151,$A11) -> 0
