Workbook

Sheet About
A1: EHPpUC Electrolyzer Hydrogen Production per Unit Capacity
A3: Source: | B3: Wang et al.
B4: 2018
B5: Quantifying the flexibility of hydrogen production systems to support large-scale renewable energy integration
B6: https://doi.org/10.1016/j.jpowsour.2018.07.101
B7: Page 388, Table 2
A9: Notes
A10: This variable should contain the minimum input electricity
A11: capacity requirements to produce a particular amount
A12: of hydrogen per year via electrolysis. Thus, it assumes
A13: the electrolyzer runs 24/7/365.

Sheet Calculations
A1: Table 2 (Excerpt)
A2: Scenario | B2: H2 Production (ton/yr) | C2: Electrolyzer Capacity (MW) | E2: tons H2 / MW
A3: 1 | B3: 40150 | C3: 152 | E3: =B3/C3 -> 264.14474
A4: 2 | B4: 160600 | C4: 608 | E4: =B4/C4 -> 264.14474
A5: 3 | B5: 301125 | C5: 1140 | E5: =B5/C5 -> 264.14474
A7: Hydrogen Energy Density (Higher Heating Value)
A8: 60920 | B8: BTU/lb | C8: https://www.engineeringtoolbox.com/fuels-higher-calorific-values-d_169.html
A11: lb per metric ton
A12: 2204.62 | B12: lb/metric ton | C12: The study they are citing uses 3 scenarios of Fuel Cell Electric Vehicle adoption. Then it calculates the amount of hydrogen needed to suppor those vehicles. Then it calculates the electrolyzer capacity needed to supply that hydrogen.
C13: So, I think it's fair, using the EPS assumptions of 24/7/365 operation, that smallest electrolyzer you would need to produce 1.39e10 annual Btu would be 1 MW.
A14: BTU H2 / MW (annual production) | C14: No reason to think this would be different for Texas.
A15: =E3*A12*A8 -> 3.5476078e+10

Sheet EHPpUC
B1: 2017 | C1: 2018 | D1: 2019 | E1: 2020 | F1: 2021 | G1: 2022 | H1: 2023 | I1: 2024 | J1: 2025 | K1: 2026 | L1: 2027 | M1: 2028 | N1: 2029 | O1: 2030 | P1: 2031 | Q1: 2032 | R1: 2033 | S1: 2034 | T1: 2035 | U1: 2036 | V1: 2037 | W1: 2038 | X1: 2039 | Y1: 2040 | Z1: 2041 | AA1: 2042 | AB1: 2043 | AC1: 2044 | AD1: 2045 | AE1: 2046 | AF1: 2047 | AG1: 2048 | AH1: 2049 | AI1: 2050 | AJ1: 2051 | AK1: 2052 | AL1: 2053 | AM1: 2054 | AN1: 2055 | AO1: 2056 | AP1: 2057 | AQ1: 2058 | AR1: 2059 | AS1: 2060 | AT1: 2061 | AU1: 2062 | AV1: 2063 | AW1: 2064 | AX1: 2065 | AY1: 2066 | AZ1: 2067 | BA1: 2068 | BB1: 2069 | BC1: 2070
A2: (BTU H2/yr) / MW | B2: =Calculations!$A$15 -> 3.5476078e+10 | C2: =Calculations!$A$15 -> 3.5476078e+10 | D2: =Calculations!$A$15 -> 3.5476078e+10 | E2: =Calculations!$A$15 -> 3.5476078e+10 | F2: =Calculations!$A$15 -> 3.5476078e+10 | G2: =Calculations!$A$15 -> 3.5476078e+10 | H2: =Calculations!$A$15 -> 3.5476078e+10 | I2: =Calculations!$A$15 -> 3.5476078e+10 | ... BC2: =Calculations!$A$15 -> 3.5476078e+10
