Workbook

Sheet About
A1: BLACE BAU LULUCF Anthropogenic CO2 Emissions
A3: Source: | B3: LULUCF Emissions
B4: Ministry of Environment, Forest and Climate Change, Government of India
B5: 2018
B6: India's Second Biennial Update Report to the United Nations Framework Convention on Climate Change
B7: https://unfccc.int/sites/default/files/resource/INDIA%20SECOND%20BUR%20High%20Res.pdf
B8: Table 2.2, Page 60
B10: LULUCF BAU Assumptions
B11: Forsell, Nickolas et al.
B12: 2016
B13: Carbon Balance and Management
B14: Assessing the INDCs’ land use, land use change, and forest emission projections
B16: Fekete, Hanna et al.
B17: 2013
B18: Emerging economies - potentials, pledges and fair shares of greenhouse gas reduction
B19: https://www.researchgate.net/publication/262600993_Emerging_economies_-_potentials_pledges_and_fair_shares_of_greenhouse_gas_reduction?enrichId=rgreq-8e493c3386b9334e2d0a1a71572d4743-XXX&enrichSource=Y292ZXJQYWdlOzI2MjYwMDk5MztBUzoxMTQ4MDEwOTEwMjY5NDRAMTQwNDM4MjEyMjQ2MA%3D%3D&el=1_x_3&_esc=publicationCoverPdf
B20: Pg. 65
A23: Notes | B23: India's INDC does not provide LULUCF emission projections neither for the BAU scenario nor for the INDC mitigation
B24: scenario. No BAU scenario projection for the LULUCF sector is provided in the 2nd Biennial Update report as well
B26: Also, Forsell et al. and Fekete et al. assume that India's net emissions from the LULUCF stay constant over time.
B27: Based on this, we also assume India's LULUCF net emissions will stay constant 2050.

Sheet Data
A1: Table 2.2: Summary table of greenhouse gas emissions (Gg), by sectors, 2014
B2: CO2 emission | C2: CO2 removal | D2: CH4 | E2: N2 O | F2: HFC 23 | G2: CF4 | H2: C2 F6 | I2: SF6 | J2: CO2 equivalent
A3: LULUCF Total | B3: 17216.04 | C3: 319860.23 | D3: 48.19 | E3: 1.42 | F3: 0 | G3: 0 | H3: 0 | I3: 0 | J3: -301192.69

Sheet BLAPE
A1: Year | B1: 2021 | C1: 2022 | D1: 2023 | E1: 2024 | F1: 2025 | G1: 2026 | H1: 2027 | I1: 2028 | J1: 2029 | K1: 2030 | L1: 2031 | M1: 2032 | N1: 2033 | O1: 2034 | P1: 2035 | Q1: 2036 | R1: 2037 | S1: 2038 | T1: 2039 | U1: 2040 | V1: 2041 | W1: 2042 | X1: 2043 | Y1: 2044 | Z1: 2045 | AA1: 2046 | AB1: 2047 | AC1: 2048 | AD1: 2049 | AE1: 2050 | AF1: 2051 | AG1: 252 | AH1: 2053 | AI1: 2054 | AJ1: 2055 | AK1: 2056 | AL1: 2057 | AM1: 2058 | AN1: 2059 | AO1: 2060 | AP1: 2061 | AQ1: 2062 | AR1: 2063 | AS1: 2064 | AT1: 2065 | AU1: 2066 | AV1: 2067 | AW1: 2068 | AX1: 2069 | AY1: 2070
A2: CO2 (g) | B2: =(Data!$B3-Data!$C3)*10^9 -> -302644190000000 | C2: =(Data!$B3-Data!$C3)*10^9 -> -302644190000000 | D2: =(Data!$B3-Data!$C3)*10^9 -> -302644190000000 | E2: =(Data!$B3-Data!$C3)*10^9 -> -302644190000000 | F2: =(Data!$B3-Data!$C3)*10^9 -> -302644190000000 | G2: =(Data!$B3-Data!$C3)*10^9 -> -302644190000000 | H2: =(Data!$B3-Data!$C3)*10^9 -> -302644190000000 | I2: =(Data!$B3-Data!$C3)*10^9 -> -302644190000000 | ... AY2: =(Data!$B3-Data!$C3)*10^9 -> -302644190000000
A3: VOCs (g) | B3: 0 | C3: 0 | D3: 0 | E3: 0 | F3: 0 | G3: 0 | H3: 0 | I3: 0 | J3: 0 | K3: 0 | L3: 0 | M3: 0 | N3: 0 | O3: 0 | P3: 0 | Q3: 0 | R3: 0 | S3: 0 | T3: 0 | U3: 0 | V3: 0 | W3: 0 | X3: 0 | Y3: 0 | Z3: 0 | AA3: 0 | AB3: 0 | AC3: 0 | AD3: 0 | AE3: 0 | AF3: 0 | AG3: 0 | AH3: 0 | AI3: 0 | AJ3: 0 | AK3: 0 | AL3: 0 | AM3: 0 | AN3: 0 | AO3: 0 | AP3: 0 | AQ3: 0 | AR3: 0 | AS3: 0 | AT3: 0 | AU3: 0 | AV3: 0 | AW3: 0 | AX3: 0 | AY3: 0
A4: CO (g) | B4: 0 | C4: 0 | D4: 0 | E4: 0 | F4: 0 | G4: 0 | H4: 0 | I4: 0 | J4: 0 | K4: 0 | L4: 0 | M4: 0 | N4: 0 | O4: 0 | P4: 0 | Q4: 0 | R4: 0 | S4: 0 | T4: 0 | U4: 0 | V4: 0 | W4: 0 | X4: 0 | Y4: 0 | Z4: 0 | AA4: 0 | AB4: 0 | AC4: 0 | AD4: 0 | AE4: 0 | AF4: 0 | AG4: 0 | AH4: 0 | AI4: 0 | AJ4: 0 | AK4: 0 | AL4: 0 | AM4: 0 | AN4: 0 | AO4: 0 | AP4: 0 | AQ4: 0 | AR4: 0 | AS4: 0 | AT4: 0 | AU4: 0 | AV4: 0 | AW4: 0 | AX4: 0 | AY4: 0
A5: NOx (g) | B5: 0 | C5: 0 | D5: 0 | E5: 0 | F5: 0 | G5: 0 | H5: 0 | I5: 0 | J5: 0 | K5: 0 | L5: 0 | M5: 0 | N5: 0 | O5: 0 | P5: 0 | Q5: 0 | R5: 0 | S5: 0 | T5: 0 | U5: 0 | V5: 0 | W5: 0 | X5: 0 | Y5: 0 | Z5: 0 | AA5: 0 | AB5: 0 | AC5: 0 | AD5: 0 | AE5: 0 | AF5: 0 | AG5: 0 | AH5: 0 | AI5: 0 | AJ5: 0 | AK5: 0 | AL5: 0 | AM5: 0 | AN5: 0 | AO5: 0 | AP5: 0 | AQ5: 0 | AR5: 0 | AS5: 0 | AT5: 0 | AU5: 0 | AV5: 0 | AW5: 0 | AX5: 0 | AY5: 0
A6: PM10 (g) | B6: 0 | C6: 0 | D6: 0 | E6: 0 | F6: 0 | G6: 0 | H6: 0 | I6: 0 | J6: 0 | K6: 0 | L6: 0 | M6: 0 | N6: 0 | O6: 0 | P6: 0 | Q6: 0 | R6: 0 | S6: 0 | T6: 0 | U6: 0 | V6: 0 | W6: 0 | X6: 0 | Y6: 0 | Z6: 0 | AA6: 0 | AB6: 0 | AC6: 0 | AD6: 0 | AE6: 0 | AF6: 0 | AG6: 0 | AH6: 0 | AI6: 0 | AJ6: 0 | AK6: 0 | AL6: 0 | AM6: 0 | AN6: 0 | AO6: 0 | AP6: 0 | AQ6: 0 | AR6: 0 | AS6: 0 | AT6: 0 | AU6: 0 | AV6: 0 | AW6: 0 | AX6: 0 | AY6: 0
A7: PM25 (g) | B7: 0 | C7: 0 | D7: 0 | E7: 0 | F7: 0 | G7: 0 | H7: 0 | I7: 0 | J7: 0 | K7: 0 | L7: 0 | M7: 0 | N7: 0 | O7: 0 | P7: 0 | Q7: 0 | R7: 0 | S7: 0 | T7: 0 | U7: 0 | V7: 0 | W7: 0 | X7: 0 | Y7: 0 | Z7: 0 | AA7: 0 | AB7: 0 | AC7: 0 | AD7: 0 | AE7: 0 | AF7: 0 | AG7: 0 | AH7: 0 | AI7: 0 | AJ7: 0 | AK7: 0 | AL7: 0 | AM7: 0 | AN7: 0 | AO7: 0 | AP7: 0 | AQ7: 0 | AR7: 0 | AS7: 0 | AT7: 0 | AU7: 0 | AV7: 0 | AW7: 0 | AX7: 0 | AY7: 0
A8: SOx (g) | B8: 0 | C8: 0 | D8: 0 | E8: 0 | F8: 0 | G8: 0 | H8: 0 | I8: 0 | J8: 0 | K8: 0 | L8: 0 | M8: 0 | N8: 0 | O8: 0 | P8: 0 | Q8: 0 | R8: 0 | S8: 0 | T8: 0 | U8: 0 | V8: 0 | W8: 0 | X8: 0 | Y8: 0 | Z8: 0 | AA8: 0 | AB8: 0 | AC8: 0 | AD8: 0 | AE8: 0 | AF8: 0 | AG8: 0 | AH8: 0 | AI8: 0 | AJ8: 0 | AK8: 0 | AL8: 0 | AM8: 0 | AN8: 0 | AO8: 0 | AP8: 0 | AQ8: 0 | AR8: 0 | AS8: 0 | AT8: 0 | AU8: 0 | AV8: 0 | AW8: 0 | AX8: 0 | AY8: 0
A9: BC (g) | B9: 0 | C9: 0 | D9: 0 | E9: 0 | F9: 0 | G9: 0 | H9: 0 | I9: 0 | J9: 0 | K9: 0 | L9: 0 | M9: 0 | N9: 0 | O9: 0 | P9: 0 | Q9: 0 | R9: 0 | S9: 0 | T9: 0 | U9: 0 | V9: 0 | W9: 0 | X9: 0 | Y9: 0 | Z9: 0 | AA9: 0 | AB9: 0 | AC9: 0 | AD9: 0 | AE9: 0 | AF9: 0 | AG9: 0 | AH9: 0 | AI9: 0 | AJ9: 0 | AK9: 0 | AL9: 0 | AM9: 0 | AN9: 0 | AO9: 0 | AP9: 0 | AQ9: 0 | AR9: 0 | AS9: 0 | AT9: 0 | AU9: 0 | AV9: 0 | AW9: 0 | AX9: 0 | AY9: 0
A10: OC (g) | B10: 0 | C10: 0 | D10: 0 | E10: 0 | F10: 0 | G10: 0 | H10: 0 | I10: 0 | J10: 0 | K10: 0 | L10: 0 | M10: 0 | N10: 0 | O10: 0 | P10: 0 | Q10: 0 | R10: 0 | S10: 0 | T10: 0 | U10: 0 | V10: 0 | W10: 0 | X10: 0 | Y10: 0 | Z10: 0 | AA10: 0 | AB10: 0 | AC10: 0 | AD10: 0 | AE10: 0 | AF10: 0 | AG10: 0 | AH10: 0 | AI10: 0 | AJ10: 0 | AK10: 0 | AL10: 0 | AM10: 0 | AN10: 0 | AO10: 0 | AP10: 0 | AQ10: 0 | AR10: 0 | AS10: 0 | AT10: 0 | AU10: 0 | AV10: 0 | AW10: 0 | AX10: 0 | AY10: 0
A11: CH4 (g) | B11: =Data!$D3*10^9 -> 48190000000 | C11: =Data!$D3*10^9 -> 48190000000 | D11: =Data!$D3*10^9 -> 48190000000 | E11: =Data!$D3*10^9 -> 48190000000 | F11: =Data!$D3*10^9 -> 48190000000 | G11: =Data!$D3*10^9 -> 48190000000 | H11: =Data!$D3*10^9 -> 48190000000 | I11: =Data!$D3*10^9 -> 48190000000 | ... AY11: =Data!$D3*10^9 -> 48190000000
A12: N2O (g) | B12: =Data!$E3*10^9 -> 1420000000 | C12: =Data!$E3*10^9 -> 1420000000 | D12: =Data!$E3*10^9 -> 1420000000 | E12: =Data!$E3*10^9 -> 1420000000 | F12: =Data!$E3*10^9 -> 1420000000 | G12: =Data!$E3*10^9 -> 1420000000 | H12: =Data!$E3*10^9 -> 1420000000 | I12: =Data!$E3*10^9 -> 1420000000 | ... AY12: =Data!$E3*10^9 -> 1420000000
A13: F gases (g CO2e) | B13: 0 | C13: 0 | D13: 0 | E13: 0 | F13: 0 | G13: 0 | H13: 0 | I13: 0 | J13: 0 | K13: 0 | L13: 0 | M13: 0 | N13: 0 | O13: 0 | P13: 0 | Q13: 0 | R13: 0 | S13: 0 | T13: 0 | U13: 0 | V13: 0 | W13: 0 | X13: 0 | Y13: 0 | Z13: 0 | AA13: 0 | AB13: 0 | AC13: 0 | AD13: 0 | AE13: 0 | AF13: 0 | AG13: 0 | AH13: 0 | AI13: 0 | AJ13: 0 | AK13: 0 | AL13: 0 | AM13: 0 | AN13: 0 | AO13: 0 | AP13: 0 | AQ13: 0 | AR13: 0 | AS13: 0 | AT13: 0 | AU13: 0 | AV13: 0 | AW13: 0 | AX13: 0 | AY13: 0
