Workbook

Sheet About
A1: PPRiFUfICaWHR Potential Perc Reduction in Fuel Use from Increased Cogen and Waste Heat Recovery
A3: Source: | B3: Rocky Mountain Institute
B4: 2011
B5: Reinventing Fire
B6: http://www.rmi.org/RFGraph-US_industry_energy_saving_potential
B7: Book page 127, Figure 4-2 (or see link above)
B9: Waste heat recovery related calculations
B10: IEA, WBCSD
B11: 2013
B12: Technology Roadmap: Low-Carbon Technology for the Indian Cement Industry
B13: https://www.iea.org/publications/freepublications/publication/2012_Cement_in_India_Roadmap.pdf
B14: Table 2 Page 15
B16: Cogeneration figure
B17: IEA
B18: 2008
B19: Combined Heat and Power
B20: https://www.iea.org/publications/freepublications/publication/chp_report.pdf
B21: Page 4
A24: Notes:
A25: We do not apply this potential to non-manufacturing indutries due to their lack of large, heat-generating,
A26: stationary equipment compared to other industries.
A29: A common factor was applied to the sectors for CHP
A30: WHR was first only applied to cement and Iron and Steel.
A31: More recently, low temperature WHR systems is found to have potential in the fertilizer sector
A32: Further, AEEE report mentions that technology is not a barrier for WHR uptake, and hence,
A33: WHR has been applied to Chemicals sector as well

Sheet India_Data
A1: Item | B1: Energy Use (quadrillion BTU/yr)
A2: Waste heat recovery
B3: Cement | C3: Clinker
A4: Total demand for energy in 2050 | B4: =(780*71+1361*70)/2 -> 75325 | C4: =(0.58*780*680*1000+0.58*1361*678*1000)/2 -> 421415820
A5: Units | B5: kWh*1000000 | C5: kcal*1000000
A6: Conversion factor (to PJ) | B6: 3.6e-09 | C6: 4.184e-12
A7: In PJ | B7: =B4*1000000*3.6/1000000000 -> 271.17 | C7: =C4*1000000*4.18/1000000000000 -> 1761.5181
A8: Total (cement + clinker) | B8: =B7+C7 -> 2032.6881
A9: Total savings | B9: =(20+39)/2 -> 29.5
A10: Percentage savings | B10: =B9/B8 -> 0.014512802
A12: Cogeneration | B12: 0.04
A35: "CHP can reduce CO2 emissions arising from new generation in 2015 by more than 4% (170 Mt / year), while in 2030 this saving increases to more than 10% (950 Mt / year) – equivalent to one and a half times India’s total annual emissions of CO2 from power generation. "
A36: Source: https://www.iea.org/publications/freepublications/publication/chp_report.pdf
N39: =C4*4.18/1000000 -> 1761.5181
A42: Source: https://shaktifoundation.in/wp-content/uploads/2017/06/PAT-Pulse-II_May-2016_for-website1.pdf
A43: Page 10
A58: Source: https://shaktifoundation.in/wp-content/uploads/2017/06/PAT-Pulse-II_May-2016_for-website1.pdf
A59: Page 12

Sheet Data
A1: Item | B1: Energy Use (quadrillion BTU/yr)
A2: 2050 business-as-usual | B2: 30.5
A3: CHP waste heat | B3: -2.4
A5: Percentage Savings in 2050 | B5: =-B3/B2 -> 0.078688525
A6: Model End Year | B6: 2050
A7: Percentage Savings in 2030 (model end year) | B7: =B5*(B6-2010)/(2050-2010) -> 0.078688525

Sheet PPRiFUfICaWHR
A1: Unit: dimensionless | B1: Pot Perc Red in Fuel Use
A2: agriculture and forestry 01T03 | B2: 0
A3: coal mining 05 | B3: 0
A4: oil and gas extraction 06 | B4: 0
A5: other mining and quarrying 07T08 | B5: 0
A6: food beverage and tobacco 10T12 | B6: =Data!B$7 -> 0.078688525
A7: textiles apparel and leather 13T15 | B7: =Data!B$7 -> 0.078688525
A8: wood products 16 | B8: =Data!B$7 -> 0.078688525
A9: pulp paper and printing 17T18 | B9: =Data!B$7 -> 0.078688525
A10: refined petroleum and coke 19 | B10: =Data!B$7 -> 0.078688525
A11: chemicals 20 | B11: =India_Data!B10+India_Data!B12 -> 0.054512802
A12: rubber and plastic products 22 | B12: =Data!B$7 -> 0.078688525
A13: glass and glass products 231 | B13: =Data!B$7 -> 0.078688525
A14: cement and other nonmetallic minerals 239 | B14: =India_Data!B10+India_Data!B12 -> 0.054512802
A15: iron and steel 241 | B15: =India_Data!B10+India_Data!B12 -> 0.054512802
A16: other metals 242 | B16: =Data!B$7 -> 0.078688525
A17: metal products except machinery and vehicles 25 | B17: =Data!B$7 -> 0.078688525
A18: computers and electronics 26 | B18: =Data!B$7 -> 0.078688525
A19: appliances and electrical equipment 27 | B19: =Data!B$7 -> 0.078688525
A20: other machinery 28 | B20: =Data!B$7 -> 0.078688525
A21: road vehicles 29 | B21: =Data!B$7 -> 0.078688525
A22: nonroad vehicles 30 | B22: =Data!B$7 -> 0.078688525
A23: other manufacturing 31T33 | B23: =Data!B$7 -> 0.078688525
A24: energy pipelines and gas processing 352T353 | B24: 0
A25: water and waste 36T39 | B25: 0
A26: construction 41T43 | B26: 0
