Workbook
Name BTU_per_GWh: 'Conversion Factors'!$A$3
Name BTU_per_kg_biomass: 'Conversion Factors'!$B$28
Name BTU_per_PJ: 'Conversion Factors'!$A$6
Name BTU_per_thousand_tons_kerosene: 'Conversion Factors'!$A$21
Name BTU_per_thousand_tons_LPG: 'Conversion Factors'!$A$14
Name Fraction_coal: [1]About!$C$50
Name Percent_rural: [1]About!$A$77
Name Percent_urban: [1]About!$A$76
Name preferences.energyunits: [2]Preferences!$C$3
Name quadrillion: [1]About!$B$79
Name Table4: '[1]AEO Table 4'!$C$34:$AI$72
Name Table5: '[1]AEO Table 5'!$C$31:$AI$58

Sheet About
A1: BCEU BAU Components Energy Use
A3: Sources: | B3: Future Year Scaling and non-electricity values | D3: Historical Trends - Urbanization Rates (to estimate demand growth in IESS low GDP trajectory)
B4: NITI Aayog | D4: World Bank
B5: 2023 | D5: 2021
B6: India Energy Security Scenarios | D6: Urban population (% of total population) - India
B7: http://indiaenergy.gov.in/iess/docs/IESS_Version2.2.xlsx | D7: https://data.worldbank.org/indicator/SP.URB.TOTL.IN.ZS?end=2020&locations=IN&start=2000
B8: Tables X.a and X.b
B10: Electricity Use in Residential and Commercial Buildings
B11: Government of India, Ministry of Statistics and Programme Implementation
B12: 2021
B13: Energy Statistics 2021
B14: http://mospi.nic.in/sites/default/files/reports_and_publication/ES/Energy%20Statistics%20India%2020211.pdf
B15: Table 6.8
B17: LPG and Kerosene Use in Buildings
B18: Government of India, Ministry of Statistics and Programme Implementation
B19: 2021
B20: Energy Statistics 2021
B21: http://mospi.nic.in/sites/default/files/reports_and_publication/ES/Energy%20Statistics%20India%2020211.pdf
B22: Tables 6.6(E) and 6.6(G)
B24: Biomass and Coal Use
B25: IIASA
B26: 2018
B27: GAINS Model: South Asia
B28: http://gains.iiasa.ac.at/models/index.html
B29: Activity Data, Energy use in the domestic sector by device type, ECLIPSE_V5a_CLE_base scenario
B31: Energy in LPG and Kerosene
B32: TERI
B33: 2021
B34: TERI Energy and Environmental Data Diary and Yearbook 2021-22
B35: TERI Energy & Environment Data Diary and Yearbook (TEDDY) 2021-22 by A TERI Publication buy online
B36: Page 15, Table 6
A38: Notes:
A39: Notes on Component Categorization
A40: Water heaters are categorized as appliances, not as part of the "heating"
A41: component. The "heating" component refers to heating of air and is affected by
A42: the building envelope, whereas appliances are not affected by envelope.
A43: District heat is not used in the buildings sector in India.
A45: In addition to electricity, kerosene is used for lighting in rural households.
A46: LPG (liquified petroleum gas) is an important cooking fuel in India.
A47: Heavy Fuel Oil consumption is not reported for domestic or commercial sectors in the sector-wise
A48: breakdown of the fuel consumption. So we don't account for it in residential/commercial buildings.
A49: Hydrogen is not included for India as it is still very nascent.
A51: IESS only includes fuelwood and dung used in residential cooking.
... A60: rates in IESS 'Global Assumptions' tab to estimate the residential demand growth in the low GDP BAU trajectory (Scenario 3 of IESS GDP).

Sheet Elec Use
A1: Table 6.8 (Excerpt): Year-wise Consumption of Electricity- Sectorwise
A3: in Giga Watt Hour = 106 Kilo Watt Hour
A4: Year | B4: Industry | C4: Agriculture | D4: Domestic | E4: Commercial | F4: Traction | G4: Others | H4: Total
F5: & | H5: Electricity
F6: Railways | H6: Consumed
A7: 1 | B7: 2 | C7: 3 | D7: 4 | E7: 5 | F7: 6 | G7: 7 | H7: 8=2 to 7
A17: 2016-17 | B17: 440206 | C17: 191151 | D17: 255826 | E17: 89825 | F17: 15683 | G17: 68493 | H17: 1061183
A18: 2017-18 | B18: 468613 | C18: 199247 | D18: 273545 | E18: 93755 | F18: 17433 | G18: 70834 | H18: 1123427
A19: 2018-19 | B19: 519196 | C19: 213409 | D19: 288243 | E19: 98228 | F19: 18837 | G19: 72058 | H19: 1209972
A22: 2018-19 | B22: 519196.29 | C22: 213409.18 | D22: 288243.11 | E22: 98227.65 | F22: 18837.43 | G22: 72057.98 | H22: 1209971.6
A23: 2019-20 | B23: 532819.7 | C23: 211294.89 | D23: 308745.36 | E23: 106047.13 | F23: 19147.99 | G23: 70030.74 | H23: 1248085.8
A24: 2020-21 | B24: 508776.19 | C24: 221303.44 | D24: 330808.94 | E24: 86950.28 | F24: 14668.02 | G24: 67701.13 | H24: 1230208
A27: Source : Central Electricity Authority.

Sheet LPG, Kerosene, Diesel Use
A1: LPG Use, 2016-17
A2: Residential buildings | B2: 18871 | C2: thousand metric tons | E2: =SUM(B2:B3)*BTU_per_thousand_tons_LPG -> 925234829937000
A3: Commercial buildings | B3: 1776 | C3: thousand metric tons
A4: LPG Use, 2017-18
A5: Residential buildings | B5: 20352 | C5: thousand metric tons
A6: Commercial buildings | B6: 2086 | C6: thousand metric tons
A7: LPG Use, 2018-19
A8: Residential buildings | B8: 21728 | C8: thousand metric tons
A9: Commercial buildings | B9: 2364 | C9: thousand metric tons
A11: LPG Use, 2018-19
A12: Residential buildings | B12: 21728 | C12: thousand metric tons
A13: Commercial buildings | B13: 2364 | C13: thousand metric tons
A15: LPG Use, 2019-20
A16: Residential buildings | B16: 23076 | C16: thousand metric tons
A17: Commercial buildings | B17: 2614 | C17: thousand metric tons
A19: LPG Use, 2020-21 | E19: =SUM(B20:B21)*BTU_per_thousand_tons_LPG -> 1.2105533e+15
A20: Residential buildings | B20: 25128 | C20: thousand metric tons
A21: Commercial buildings | B21: 1886 | C21: thousand metric tons
A23: LPG Use, 2021-22 (P)
A24: Residential buildings | B24: 25502 | C24: thousand metric tons | E24: =SUM(B24:B25)*BTU_per_thousand_tons_LPG -> 1.2431317e+15
A25: Commercial buildings | B25: 2239 | C25: thousand metric tons
H28: Source for consumption data of all 3 fuels: MoPNG (as reporetd in MoSPI's Annual Energy Statistics)
A29: We assume all LPG is used for appliances (primarily cooking,
A30: perhaps some water heating).
A32: Kerosene Use, 2016-17
A33: Residential buildings | B33: 5204.12 | C33: thousand metric tons
A34: Commercial buildings | B34: 77.11 | C34: thousand metric tons
A35: Kerosene Use, 2017-18
A36: Residential buildings | B36: 3633.59 | C36: thousand metric tons
A37: Commercial buildings | B37: 96.99 | C37: thousand metric tons
A38: Kerosene Use, 2018-19
A39: Residential buildings | B39: 3231.21 | C39: thousand metric tons
A40: Commercial buildings | B40: 97.3 | C40: thousand metric tons
A42: Kerosene Use, 2018-19
A43: Residential buildings | B43: 3231.21 | C43: thousand metric tons
A44: Commercial buildings | B44: 97.3 | C44: thousand metric tons
A46: Kerosene Use, 2019-20
A47: Residential buildings | B47: 2173.71 | C47: thousand metric tons
A48: Commercial buildings | B48: 86.52 | C48: thousand metric tons
A50: Kerosene Use, 2020-21
A51: Residential buildings | B51: 1586.61 | C51: thousand metric tons
A52: Commercial buildings | B52: 68.61 | C52: thousand metric tons
A54: Kerosene Use, 2021-22 (P)
A55: Residential buildings | B55: 1291.77 | C55: thousand metric tons
A56: Commercial buildings | B56: 63.75 | C56: thousand metric tons
A58: Our TERI partner indicates that Kersone is only used in rural buildings.
A59: (We assume the commercial buildings that use kerosene in the table above are in rural areas.)
A61: Kerosene is used almost exclusively for lighting, although some sources
A62: (such as our source for Biomass Use) say that a small amount is
A63: used as a lighter fluid to start a fire.
A64: Accordingly, we assign Kerosene to components in the following
A65: ratios:
A66: lighting | B66: 0.9
A67: appliances | B67: 0.1

Sheet 2015 Activity Data
A1: Region | B1: Energy use by sector and fuel | C1: Brown coal/lignite grade 1 | D1: Brown coal/lignite grade 2 (also peat) | E1: Hard coal, grade 1 | F1: Hard coal, grade 2 | G1: Hard coal, grade 3 | H1: Derived coal (coke, briquettes) | I1: Agricultural residues | J1: Bagasse | K1: Biogas | L1: Biomass gasification | M1: Charcoal | N1: Dung | O1: Fuelwood | P1: Black liquor | Q1: Waste fuels, non-renewable | R1: Waste fuel, renewable | S1: Biomass fuels | T1: Other biomass and waste fuels | U1: Heavy fuel oil | V1: Diesel | W1: Gasoline | X1: LPG | Y1: Natural gas (incl. other gases) | Z1: Hydrogen | AA1: Renewable energy other than biomass | AB1: Geothermal | AC1: Small hydro power | AD1: Solar photovoltaic | AE1: Solar thermal | AF1: Wind | AG1: Hydro | AH1: Nuclear | AI1: Electricity | AJ1: Heat (steam, hot water)
A2: India, India Bihar | B2: Fuel conversion - combustion | C2: 0 | D2: 0 | E2: 2.65 | F2: 0 | G2: 0 | H2: 0 | I2: 0 | J2: 0 | K2: 0 | L2: 0 | M2: 0 | N2: 0 | O2: 0 | P2: 0 | Q2: 0 | R2: 0 | S2: 0 | T2: 0 | U2: 0 | V2: 0 | W2: 0 | X2: 0 | Y2: 0 | Z2: 0 | AA2: 0 | AB2: 0 | AC2: 0 | AD2: 0 | AE2: 0 | AF2: 0 | AG2: 0 | AH2: 0 | AI2: 0 | AJ2: 0
A3: India, India Bihar | B3: Transformation - losses | C3: 4.74 | D3: 0 | E3: 0 | F3: 264.35 | G3: 0 | H3: 0 | I3: 0 | J3: 0 | K3: 0 | L3: 0 | M3: 0 | N3: 0 | O3: 0 | P3: 0 | Q3: 0 | R3: 0 | S3: 0 | T3: 0 | U3: 0 | V3: 0 | W3: 0 | X3: 0 | Y3: 0 | Z3: 0 | AA3: 0 | AB3: 0 | AC3: 0 | AD3: 0 | AE3: 0 | AF3: 0 | AG3: 0 | AH3: 0 | AI3: 15.44 | AJ3: 2.16
A4: India, India Bihar | B4: Chemical industry (boilers) | C4: 0 | D4: 0 | E4: 0 | F4: 0 | G4: 0 | H4: 0 | I4: 0 | J4: 0 | K4: 0 | L4: 0 | M4: 0 | N4: 0 | O4: 0 | P4: 0 | Q4: 0 | R4: 0 | S4: 0.13 | T4: 0 | U4: 0 | V4: 0 | W4: 0 | X4: 0 | Y4: 0 | Z4: 0 | AA4: 0 | AB4: 0 | AC4: 0 | AD4: 0 | AE4: 0 | AF4: 0 | AG4: 0 | AH4: 0 | AI4: 0 | AJ4: -0.11
A5: India, India Bihar | B5: Transformation sector (boilers) | C5: 0 | D5: 0 | E5: 2.54 | F5: 0 | G5: 0 | H5: 0 | I5: 0 | J5: 0 | K5: 0 | L5: 0 | M5: 0 | N5: 0 | O5: 0 | P5: 0 | Q5: 0 | R5: 0 | S5: 0 | T5: 0 | U5: 0 | V5: 0 | W5: 0 | X5: 0 | Y5: 0 | Z5: 0 | AA5: 0 | AB5: 0 | AC5: 0 | AD5: 0 | AE5: 0 | AF5: 0 | AG5: 0 | AH5: 0 | AI5: 0 | AJ5: -2.16
A6: India, India Bihar | B6: Other industry (boilers; liquid and gaseous fuels) | C6: 0 | D6: 0 | E6: 0 | F6: 0 | G6: 0 | H6: 0 | I6: 0 | J6: 0 | K6: 0 | L6: 0 | M6: 0 | N6: 0 | O6: 0 | P6: 0 | Q6: 0 | R6: 0 | S6: 100.93 | T6: 0 | U6: 18.84 | V6: 0 | W6: 0 | X6: 0 | Y6: 8.03 | Z6: 0 | AA6: 0 | AB6: 0 | AC6: 0 | AD6: 0 | AE6: 0 | AF6: 0 | AG6: 0 | AH6: 0 | AI6: 0 | AJ6: -109.53
A7: India, India Bihar | B7: Other industry (large coal boilers; > 50 MWth ) | C7: 0.02 | D7: 0 | E7: 0 | F7: 1.12 | G7: 0 | H7: 0 | I7: 0 | J7: 0 | K7: 0 | L7: 0 | M7: 0 | N7: 0 | O7: 0 | P7: 0 | Q7: 0 | R7: 0 | S7: 0 | T7: 0 | U7: 0 | V7: 0 | W7: 0 | X7: 0 | Y7: 0 | Z7: 0 | AA7: 0 | AB7: 0 | AC7: 0 | AD7: 0 | AE7: 0 | AF7: 0 | AG7: 0 | AH7: 0 | AI7: 0 | AJ7: -0.97
A8: India, India Bihar | B8: Other industry (small coal boilers; < 50 MWth ) | C8: 0 | D8: 0 | E8: 0 | F8: 0 | G8: 0 | H8: 0 | I8: 0 | J8: 0 | K8: 0 | L8: 0 | M8: 0 | N8: 0 | O8: 0 | P8: 0 | Q8: 0 | R8: 0 | S8: 0 | T8: 0 | U8: 0 | V8: 0 | W8: 0 | X8: 0 | Y8: 0 | Z8: 0 | AA8: 0 | AB8: 0 | AC8: 0 | AD8: 0 | AE8: 0 | AF8: 0 | AG8: 0 | AH8: 0 | AI8: 0 | AJ8: 0
A9: India, India Bihar | B9: Paper & pulp (boilers) | C9: 0 | D9: 0 | E9: 6.11 | F9: 0 | G9: 0 | H9: 0 | I9: 0 | J9: 0 | K9: 0 | L9: 0 | M9: 0 | N9: 0 | O9: 0 | P9: 0 | Q9: 0 | R9: 0 | S9: 0.38 | T9: 0.38 | U9: 0 | V9: 0 | W9: 0 | X9: 0 | Y9: 0 | Z9: 0 | AA9: 0 | AB9: 0 | AC9: 0 | AD9: 0 | AE9: 0 | AF9: 0 | AG9: 0 | AH9: 0 | AI9: 0 | AJ9: -5.83
A10: India, India Bihar | B10: Other industry (furnaces) | C10: 0.48 | D10: 0 | E10: 2.43 | F10: 44.58 | G10: 0 | H10: 0.03 | I10: 0 | J10: 0 | K10: 0 | L10: 0 | M10: 0 | N10: 0 | O10: 0 | P10: 0 | Q10: 0 | R10: 0 | S10: 1.88 | T10: 0.08 | U10: 0.08 | V10: 14.28 | W10: 13.71 | X10: 0.18 | Y10: 13.78 | Z10: 0 | AA10: 0 | AB10: 0 | AC10: 0 | AD10: 0 | AE10: 0 | AF10: 0 | AG10: 0 | AH10: 0 | AI10: 121.21 | AJ10: 116.44
A11: India, India Bihar | B11: Non-energy use | C11: 0 | D11: 0 | E11: 0 | F11: 0 | G11: 0 | H11: 0 | I11: 0 | J11: 0 | K11: 0 | L11: 0 | M11: 0 | N11: 0 | O11: 0 | P11: 0 | Q11: 0 | R11: 0 | S11: 0 | T11: 0 | U11: 0 | V11: 0 | W11: 0 | X11: 0 | Y11: 0 | Z11: 0 | AA11: 0 | AB11: 0 | AC11: 0 | AD11: 0 | AE11: 0 | AF11: 0 | AG11: 0 | AH11: 0 | AI11: 0 | AJ11: 0
A12: India, India Bihar | B12: Diesel generator sets | C12: 0 | D12: 0 | E12: 0 | F12: 0 | G12: 0 | H12: 0 | I12: 0 | J12: 0 | K12: 0 | L12: 0 | M12: 0 | N12: 0 | O12: 0 | P12: 0 | Q12: 0 | R12: 0 | S12: 0 | T12: 0 | U12: 0.4 | V12: 5.8 | W12: 0 | X12: 0 | Y12: 0 | Z12: 0 | AA12: 0 | AB12: 0 | AC12: 0 | AD12: 0 | AE12: 0 | AF12: 0 | AG12: 0 | AH12: 0 | AI12: 0 | AJ12: 0
A13: India, India Bihar | B13: Power & district heat plants - existing coal (>50 MWth) | C13: 1.86 | D13: 0 | E13: 0 | F13: 33.56 | G13: 0 | H13: 0 | I13: 0 | J13: 0 | K13: 0 | L13: 0 | M13: 0 | N13: 0 | O13: 0 | P13: 0 | Q13: 0 | R13: 0 | S13: 0 | T13: 0 | U13: 0 | V13: 0 | W13: 0 | X13: 0 | Y13: 0 | Z13: 0 | AA13: 0 | AB13: 0 | AC13: 0 | AD13: 0 | AE13: 0 | AF13: 0 | AG13: 0 | AH13: 0 | AI13: 0 | AJ13: 0
... A1254: India, India Assam | B1254: Heating stoves | C1254: 0 | D1254: 0 | E1254: 0 | F1254: 0 | G1254: 0 | H1254: 0 | I1254: 0 | J1254: 0 | K1254: 0 | L1254: 0 | M1254: 0 | N1254: 0 | O1254: 4.04 | P1254: 0 | Q1254: 0 | R1254: 0 | S1254: 0 | T1254: 0 | U1254: 0 | V1254: 0 | W1254: 0 | X1254: 0 | Y1254: 0 | Z1254: 0 | AA1254: 0 | AB1254: 0 | AC1254: 0 | AD1254: 0 | AE1254: 0 | AF1254: 0 | AG1254: 0 | AH1254: 0 | AI1254: 0 | AJ1254: 0

Sheet 2020 Activity Data
A1: Region | B1: Energy use by sector and fuel | C1: Brown coal/lignite grade 1 | D1: Hard coal, grade 2 | E1: Agricultural residues | F1: Dung | G1: Fuelwood
A2: India Andhra Pradesh | B2: Medium boilers (<50MW) - automatic (commercial) | D2: 24.06 | G2: 5.57
A3: India Andhra Pradesh | B3: Medium boilers (<1MW) - manual (commercial) | D3: 0 | G3: 5.57
A4: India Andhra Pradesh | B4: Fireplaces (agr, forestry, other) | G4: 0
A5: India Andhra Pradesh | B5: Medium boilers (<50MW) - automatic (agr, forestry, other) | D5: 0 | G5: 0
A6: India Andhra Pradesh | B6: Medium boilers (<1MW) - manual (agr, forestry, other) | D6: 0 | G6: 0
A7: India Andhra Pradesh | B7: Three-stone stove (agr, forestry, other) | G7: 0.22
A8: India Andhra Pradesh | B8: Single house boilers (<50 kW) - automatic (agr, forestry, other) | D8: 0 | G8: 0
A9: India Andhra Pradesh | B9: Single house boilers (<50 kW) - manual (agr, forestry, other) | D9: 0 | G9: 0
A10: India Andhra Pradesh | B10: Cooking stoves (agr, forestry, other) | D10: 40.61 | G10: 20.47
A11: India Andhra Pradesh | B11: Heating stoves (agr, forestry, other) | D11: 0.83 | G11: 0.86
A12: India Andhra Pradesh | B12: Fireplaces (households) | G12: 0
A13: India Andhra Pradesh | B13: Three-stone stove (households) | E13: 1.02 | F13: 0.7 | G13: 2.56
A14: India Andhra Pradesh | B14: Single house boilers (<50 kW) - automatic (households) | D14: 0 | E14: 0 | G14: 0
A15: India Andhra Pradesh | B15: Single house boilers (<50 kW) - manual (households) | C15: 0 | D15: 0 | G15: 0
A16: India Andhra Pradesh | B16: Cooking stoves (households) | C16: 0.23 | D16: 2.24 | E16: 101.45 | F16: 69.44 | G16: 242.75
A17: India Andhra Pradesh | B17: Heating stoves (households) | C17: 0 | D17: 0.05 | E17: 0 | F17: 0 | G17: 10.22
A18: India Assam | B18: Medium boilers (<50MW) - automatic (commercial) | D18: 0.39 | G18: 0.86
A19: India Assam | B19: Medium boilers (<1MW) - manual (commercial) | D19: 0 | G19: 0.86
A20: India Assam | B20: Fireplaces (agr, forestry, other) | G20: 0
A21: India Assam | B21: Medium boilers (<50MW) - automatic (agr, forestry, other) | D21: 0 | G21: 0
A22: India Assam | B22: Medium boilers (<1MW) - manual (agr, forestry, other) | D22: 0 | G22: 0
A23: India Assam | B23: Three-stone stove (agr, forestry, other) | G23: 0.03
A24: India Assam | B24: Single house boilers (<50 kW) - automatic (agr, forestry, other) | D24: 0 | G24: 0
A25: India Assam | B25: Single house boilers (<50 kW) - manual (agr, forestry, other) | D25: 0 | G25: 0
A26: India Assam | B26: Cooking stoves (agr, forestry, other) | D26: 0.02 | G26: 2.8
A27: India Assam | B27: Heating stoves (agr, forestry, other) | D27: 0 | G27: 0.12
A28: India Assam | B28: Fireplaces (households) | G28: 0
A29: India Assam | B29: Three-stone stove (households) | E29: 0.42 | F29: 0.29 | G29: 1.05
A30: India Assam | B30: Single house boilers (<50 kW) - automatic (households) | D30: 0 | E30: 0 | G30: 0
A31: India Assam | B31: Single house boilers (<50 kW) - manual (households) | C31: 0 | D31: 0 | G31: 0
A32: India Assam | B32: Cooking stoves (households) | C32: 0.02 | D32: 0.21 | E32: 41.5 | F32: 28.4 | G32: 99.3
A33: India Assam | B33: Heating stoves (households) | C33: 0 | D33: 0 | E33: 0 | F33: 0 | G33: 4.18
A34: India Bihar | B34: Medium boilers (<50MW) - automatic (commercial) | D34: 3.51 | G34: 2.3
A35: India Bihar | B35: Medium boilers (<1MW) - manual (commercial) | D35: 0 | G35: 2.3
A36: India Bihar | B36: Fireplaces (agr, forestry, other) | G36: 0
A37: India Bihar | B37: Medium boilers (<50MW) - automatic (agr, forestry, other) | D37: 0 | G37: 0
A38: India Bihar | B38: Medium boilers (<1MW) - manual (agr, forestry, other) | D38: 0 | G38: 0
A39: India Bihar | B39: Three-stone stove (agr, forestry, other) | G39: 0.05
A40: India Bihar | B40: Single house boilers (<50 kW) - automatic (agr, forestry, other) | D40: 0 | G40: 0
A41: India Bihar | B41: Single house boilers (<50 kW) - manual (agr, forestry, other) | D41: 0 | G41: 0
A42: India Bihar | B42: Cooking stoves (agr, forestry, other) | D42: 0.86 | G42: 5.22
A43: India Bihar | B43: Heating stoves (agr, forestry, other) | D43: 0.02 | G43: 0.22
A44: India Bihar | B44: Fireplaces (households) | G44: 0
A45: India Bihar | B45: Three-stone stove (households) | E45: 1.4 | F45: 0.96 | G45: 3.48
A46: India Bihar | B46: Single house boilers (<50 kW) - automatic (households) | D46: 0 | E46: 0 | G46: 0
A47: India Bihar | B47: Single house boilers (<50 kW) - manual (households) | C47: 0 | D47: 0 | G47: 0
A48: India Bihar | B48: Cooking stoves (households) | C48: 0.61 | D48: 5.91 | E48: 138.2 | F48: 94.6 | G48: 330.7
A49: India Bihar | B49: Heating stoves (households) | C49: 0.01 | D49: 0.12 | E49: 0 | F49: 0 | G49: 13.92
A50: India Chhattisgarh | B50: Medium boilers (<50MW) - automatic (commercial) | D50: 2.46 | G50: 1.17
A51: India Chhattisgarh | B51: Medium boilers (<1MW) - manual (commercial) | D51: 0 | G51: 1.17
A52: India Chhattisgarh | B52: Fireplaces (agr, forestry, other) | G52: 0
A53: India Chhattisgarh | B53: Medium boilers (<50MW) - automatic (agr, forestry, other) | D53: 0 | G53: 0
A54: India Chhattisgarh | B54: Medium boilers (<1MW) - manual (agr, forestry, other) | D54: 0 | G54: 0
A55: India Chhattisgarh | B55: Three-stone stove (agr, forestry, other) | G55: 0.04
A56: India Chhattisgarh | B56: Single house boilers (<50 kW) - automatic (agr, forestry, other) | D56: 0 | G56: 0
A57: India Chhattisgarh | B57: Single house boilers (<50 kW) - manual (agr, forestry, other) | D57: 0 | G57: 0
A58: India Chhattisgarh | B58: Cooking stoves (agr, forestry, other) | D58: 3.96 | G58: 3.42
A59: India Chhattisgarh | B59: Heating stoves (agr, forestry, other) | D59: 0.08 | G59: 0.14
A60: India Chhattisgarh | B60: Fireplaces (households) | G60: 0
A61: India Chhattisgarh | B61: Three-stone stove (households) | E61: 0.4 | F61: 0.27 | G61: 0.99
A62: India Chhattisgarh | B62: Single house boilers (<50 kW) - automatic (households) | D62: 0 | E62: 0 | G62: 0
A63: India Chhattisgarh | B63: Single house boilers (<50 kW) - manual (households) | C63: 0 | D63: 0 | G63: 0
A64: India Chhattisgarh | B64: Cooking stoves (households) | C64: 0.41 | D64: 4.01 | E64: 39.43 | F64: 26.99 | G64: 94.35
A65: India Chhattisgarh | B65: Heating stoves (households) | C65: 0.01 | D65: 0.08 | E65: 0 | F65: 0 | G65: 3.97
A66: India Delhi | B66: Medium boilers (<50MW) - automatic (commercial) | D66: 24.17 | G66: 3.21
A67: India Delhi | B67: Medium boilers (<1MW) - manual (commercial) | D67: 0 | G67: 3.21
A68: India Delhi | B68: Medium boilers (<50MW) - automatic (agr, forestry, other) | D68: 0
A69: India Delhi | B69: Medium boilers (<1MW) - manual (agr, forestry, other) | D69: 0
A70: India Delhi | B70: Single house boilers (<50 kW) - automatic (agr, forestry, other) | D70: 0
A71: India Delhi | B71: Single house boilers (<50 kW) - manual (agr, forestry, other) | D71: 0
A72: India Delhi | B72: Cooking stoves (agr, forestry, other) | D72: 0.1
A73: India Delhi | B73: Heating stoves (agr, forestry, other) | D73: 0
A74: India Delhi | B74: Fireplaces (households) | G74: 0
A75: India Delhi | B75: Three-stone stove (households) | E75: 0.01 | F75: 0.01 | G75: 0.03
A76: India Delhi | B76: Single house boilers (<50 kW) - automatic (households) | D76: 0 | E76: 0 | G76: 0
A77: India Delhi | B77: Single house boilers (<50 kW) - manual (households) | C77: 0 | D77: 0 | G77: 0
A78: India Delhi | B78: Cooking stoves (households) | C78: 0.01 | D78: 0.12 | E78: 1.37 | F78: 0.94 | G78: 3.27
A79: India Delhi | B79: Heating stoves (households) | C79: 0 | D79: 0 | E79: 0 | F79: 0 | G79: 0.14
A80: India Goa | B80: Medium boilers (<50MW) - automatic (commercial) | D80: 3.84 | G80: 0.18
A81: India Goa | B81: Medium boilers (<1MW) - manual (commercial) | D81: 0 | G81: 0.18
A82: India Goa | B82: Medium boilers (<50MW) - automatic (agr, forestry, other) | D82: 0
A83: India Goa | B83: Medium boilers (<1MW) - manual (agr, forestry, other) | D83: 0
A84: India Goa | B84: Single house boilers (<50 kW) - automatic (agr, forestry, other) | D84: 0
A85: India Goa | B85: Single house boilers (<50 kW) - manual (agr, forestry, other) | D85: 0
A86: India Goa | B86: Cooking stoves (agr, forestry, other) | D86: 0.02
A87: India Goa | B87: Heating stoves (agr, forestry, other) | D87: 0
A88: India Goa | B88: Fireplaces (households) | G88: 0
A89: India Goa | B89: Three-stone stove (households) | E89: 0.01 | F89: 0 | G89: 0.01
A90: India Goa | B90: Single house boilers (<50 kW) - automatic (households) | D90: 0 | E90: 0 | G90: 0
A91: India Goa | B91: Single house boilers (<50 kW) - manual (households) | C91: 0 | D91: 0 | G91: 0
A92: India Goa | B92: Cooking stoves (households) | C92: 0 | D92: 0.01 | E92: 0.58 | F92: 0.4 | G92: 1.38
A93: India Goa | B93: Heating stoves (households) | C93: 0 | D93: 0 | E93: 0 | F93: 0 | G93: 0.06
A94: India Gujarat | B94: Medium boilers (<50MW) - automatic (commercial) | D94: 8.39 | G94: 5.05
A95: India Gujarat | B95: Medium boilers (<1MW) - manual (commercial) | D95: 0 | G95: 5.05
A96: India Gujarat | B96: Fireplaces (agr, forestry, other) | G96: 0
A97: India Gujarat | B97: Medium boilers (<50MW) - automatic (agr, forestry, other) | D97: 0 | G97: 0
A98: India Gujarat | B98: Medium boilers (<1MW) - manual (agr, forestry, other) | D98: 0 | G98: 0
A99: India Gujarat | B99: Three-stone stove (agr, forestry, other) | G99: 0.17
A100: India Gujarat | B100: Single house boilers (<50 kW) - automatic (agr, forestry, other) | D100: 0 | G100: 0
...

Sheet Summed Activity Data
A1: 2015
B2: Brown coal/lignite grade 1 | C2: Brown coal/lignite grade 2 (also peat) | D2: Hard coal, grade 1 | E2: Hard coal, grade 2 | F2: Hard coal, grade 3 | G2: Derived coal (coke, briquettes) | H2: Agricultural residues | I2: Bagasse | J2: Biogas | K2: Biomass gasification | L2: Charcoal | M2: Dung | N2: Fuelwood | O2: Black liquor | P2: Waste fuels, non-renewable | Q2: Waste fuel, renewable | R2: Biomass fuels | S2: Other biomass and waste fuels | T2: Heavy fuel oil | U2: Diesel | V2: Gasoline | W2: LPG | X2: Natural gas (incl. other gases) | Y2: Hydrogen | Z2: Renewable energy other than biomass | AA2: Geothermal | AB2: Small hydro power | AC2: Solar photovoltaic | AD2: Solar thermal | AE2: Wind | AF2: Hydro | AG2: Nuclear | AH2: Electricity | AI2: Heat (steam, hot water)
A3: Row Labels | B3: Sum of Brown coal/lignite grade 1 | C3: Sum of Brown coal/lignite grade 2 (also peat) | D3: Sum of Hard coal, grade 1 | E3: Sum of Hard coal, grade 2 | F3: Sum of Hard coal, grade 3 | G3: Sum of Derived coal (coke, briquettes) | H3: Sum of Agricultural residues | I3: Sum of Bagasse | J3: Sum of Biogas | K3: Sum of Biomass gasification | L3: Sum of Charcoal | M3: Sum of Dung | N3: Sum of Fuelwood | O3: Sum of Black liquor | P3: Sum of Waste fuels, non-renewable | Q3: Sum of Waste fuel, renewable | R3: Sum of Biomass fuels | S3: Sum of Other biomass and waste fuels | T3: Sum of Heavy fuel oil | U3: Sum of Diesel | V3: Sum of Gasoline | W3: Sum of LPG | X3: Sum of Natural gas (incl. other gases) | Y3: Sum of Hydrogen | Z3: Sum of Renewable energy other than biomass | AA3: Sum of Geothermal | AB3: Sum of Small hydro power | AC3: Sum of Solar photovoltaic | AD3: Sum of Solar thermal | AE3: Sum of Wind | AF3: Sum of Hydro | AG3: Sum of Nuclear | AH3: Sum of Electricity | AI3: Sum of Heat (steam, hot water)
A4: Medium boilers (<50MW) - automatic (commercial) | B4: 0 | C4: 0 | D4: 0 | E4: 274.2 | F4: 0 | G4: 0 | H4: 0 | I4: 0 | J4: 0 | K4: 0 | L4: 0 | M4: 0 | N4: 63.84 | O4: 0 | P4: 0 | Q4: 0 | R4: 0 | S4: 0 | T4: 0 | U4: 0 | V4: 0 | W4: 0 | X4: 0 | Y4: 0 | Z4: 0 | AA4: 0 | AB4: 0 | AC4: 0 | AD4: 0 | AE4: 0 | AF4: 0 | AG4: 0 | AH4: 0 | AI4: 0
A5: Medium boilers (<1MW) - manual (commercial) | B5: 0 | C5: 0 | D5: 0 | E5: 0 | F5: 0 | G5: 0 | H5: 0 | I5: 0 | J5: 0 | K5: 0 | L5: 0 | M5: 0 | N5: 63.84 | O5: 0 | P5: 0 | Q5: 0 | R5: 0 | S5: 0 | T5: 0 | U5: 0 | V5: 0 | W5: 0 | X5: 0 | Y5: 0 | Z5: 0 | AA5: 0 | AB5: 0 | AC5: 0 | AD5: 0 | AE5: 0 | AF5: 0 | AG5: 0 | AH5: 0 | AI5: 0
A6: Fireplaces | B6: 0 | C6: 0 | D6: 0 | E6: 0 | F6: 0 | G6: 0 | H6: 0 | I6: 0 | J6: 0 | K6: 0 | L6: 0 | M6: 0 | N6: 0 | O6: 0 | P6: 0 | Q6: 0 | R6: 0 | S6: 0 | T6: 0 | U6: 0 | V6: 0 | W6: 0 | X6: 0 | Y6: 0 | Z6: 0 | AA6: 0 | AB6: 0 | AC6: 0 | AD6: 0 | AE6: 0 | AF6: 0 | AG6: 0 | AH6: 0 | AI6: 0
A7: Medium boilers (<50MW) - automatic | B7: 0 | C7: 0 | D7: 0 | E7: 0 | F7: 0 | G7: 0 | H7: 0 | I7: 0 | J7: 0 | K7: 0 | L7: 0 | M7: 0 | N7: 0 | O7: 0 | P7: 0 | Q7: 0 | R7: 0 | S7: 0 | T7: 0 | U7: 0 | V7: 0 | W7: 0 | X7: 0 | Y7: 0 | Z7: 0 | AA7: 0 | AB7: 0 | AC7: 0 | AD7: 0 | AE7: 0 | AF7: 0 | AG7: 0 | AH7: 0 | AI7: 0
A8: Medium boilers (<1MW) - manual | B8: 0 | C8: 0 | D8: 0 | E8: 0 | F8: 0 | G8: 0 | H8: 0 | I8: 0 | J8: 0 | K8: 0 | L8: 0 | M8: 0 | N8: 0 | O8: 0 | P8: 0 | Q8: 0 | R8: 0 | S8: 0 | T8: 0 | U8: 0 | V8: 0 | W8: 0 | X8: 0 | Y8: 0 | Z8: 0 | AA8: 0 | AB8: 0 | AC8: 0 | AD8: 0 | AE8: 0 | AF8: 0 | AG8: 0 | AH8: 0 | AI8: 0
A9: Three-stone stove | B9: 0 | C9: 0 | D9: 0 | E9: 0 | F9: 0 | G9: 0 | H9: 12.98 | I9: 0 | J9: 0 | K9: 0 | L9: 0 | M9: 8.88 | N9: 35.41 | O9: 0 | P9: 0 | Q9: 0 | R9: 0 | S9: 0 | T9: 0 | U9: 0 | V9: 0 | W9: 0 | X9: 0 | Y9: 0 | Z9: 0 | AA9: 0 | AB9: 0 | AC9: 0 | AD9: 0 | AE9: 0 | AF9: 0 | AG9: 0 | AH9: 0 | AI9: 0
A10: Single house boilers (<50 kW) - automatic | B10: 0 | C10: 0 | D10: 0 | E10: 0 | F10: 0 | G10: 0 | H10: 0 | I10: 0 | J10: 0 | K10: 0 | L10: 0 | M10: 0 | N10: 0 | O10: 0 | P10: 0 | Q10: 0 | R10: 0 | S10: 0 | T10: 0 | U10: 0 | V10: 0 | W10: 0 | X10: 0 | Y10: 0 | Z10: 0 | AA10: 0 | AB10: 0 | AC10: 0 | AD10: 0 | AE10: 0 | AF10: 0 | AG10: 0 | AH10: 0 | AI10: 0
A11: Single house boilers (<50 kW) - manual | B11: 0 | C11: 0 | D11: 0 | E11: 0 | F11: 0 | G11: 0 | H11: 0 | I11: 0 | J11: 0 | K11: 0 | L11: 0 | M11: 0 | N11: 0 | O11: 0 | P11: 0 | Q11: 0 | R11: 0 | S11: 0 | T11: 0 | U11: 0 | V11: 0 | W11: 0 | X11: 0 | Y11: 0 | Z11: 0 | AA11: 0 | AB11: 0 | AC11: 0 | AD11: 0 | AE11: 0 | AF11: 0 | AG11: 0 | AH11: 0 | AI11: 0
A12: Cooking stoves | B12: 11.4 | C12: 0 | D12: 0 | E12: 417.79 | F12: 0 | G12: 0 | H12: 1286.18 | I12: 0 | J12: 0 | K12: 0 | L12: 0 | M12: 880.34 | N12: 3365.19 | O12: 0 | P12: 0 | Q12: 0 | R12: 0 | S12: 0 | T12: 0 | U12: 0 | V12: 0 | W12: 0 | X12: 0 | Y12: 0 | Z12: 0 | AA12: 0 | AB12: 0 | AC12: 0 | AD12: 0 | AE12: 0 | AF12: 0 | AG12: 0 | AH12: 0 | AI12: 0
A13: Heating stoves | B13: 0.21 | C13: 0 | D13: 0 | E13: 8.51 | F13: 0 | G13: 0 | H13: 0 | I13: 0 | J13: 0 | K13: 0 | L13: 0 | M13: 0 | N13: 141.7 | O13: 0 | P13: 0 | Q13: 0 | R13: 0 | S13: 0 | T13: 0 | U13: 0 | V13: 0 | W13: 0 | X13: 0 | Y13: 0 | Z13: 0 | AA13: 0 | AB13: 0 | AC13: 0 | AD13: 0 | AE13: 0 | AF13: 0 | AG13: 0 | AH13: 0 | AI13: 0
A14: Grand Total | B14: 11.61 | C14: 0 | D14: 0 | E14: 700.5 | F14: 0 | G14: 0 | H14: 1299.16 | I14: 0 | J14: 0 | K14: 0 | L14: 0 | M14: 889.22 | N14: 3669.98 | O14: 0 | P14: 0 | Q14: 0 | R14: 0 | S14: 0 | T14: 0 | U14: 0 | V14: 0 | W14: 0 | X14: 0 | Y14: 0 | Z14: 0 | AA14: 0 | AB14: 0 | AC14: 0 | AD14: 0 | AE14: 0 | AF14: 0 | AG14: 0 | AH14: 0 | AI14: 0
A16: 2020
A17: Row Labels | B17: Sum of Brown coal/lignite grade 1 | C17: Sum of Hard coal, grade 2 | D17: Sum of Agricultural residues | E17: Sum of Dung | F17: Sum of Fuelwood
A18: Cooking stoves (agr, forestry, other) | C18: 258.97 | F18: 310.02
A19: Cooking stoves (households) | B19: 11.4 | C19: 111.02 | D19: 1332.12 | E19: 911.81 | F19: 3187.6
A20: Fireplaces (agr, forestry, other) | F20: 0
A21: Fireplaces (households) | F21: 0
A22: Heating stoves (agr, forestry, other) | C22: 5.28 | F22: 13.05
A23: Heating stoves (households) | B23: 0.21 | C23: 2.25 | D23: 0 | E23: 0 | F23: 134.21
A24: Medium boilers (<1MW) - manual (agr, forestry, other) | C24: 0 | F24: 0
A25: Medium boilers (<1MW) - manual (commercial) | C25: 0 | F25: 74.06
A26: Medium boilers (<50MW) - automatic (agr, forestry, other) | C26: 0 | F26: 0
A27: Medium boilers (<50MW) - automatic (commercial) | C27: 324.3 | F27: 74.06
A28: Single house boilers (<50 kW) - automatic (agr, forestry, other) | C28: 0 | F28: 0
A29: Single house boilers (<50 kW) - automatic (households) | C29: 0 | D29: 0 | F29: 0
A30: Single house boilers (<50 kW) - manual (agr, forestry, other) | C30: 0 | F30: 0
A31: Single house boilers (<50 kW) - manual (households) | B31: 0 | C31: 0 | F31: 0
A32: Three-stone stove (agr, forestry, other) | F32: 3.27
A33: Three-stone stove (households) | D33: 13.46 | E33: 9.21 | F33: 33.55
A34: Grand Total | B34: 11.61 | C34: 701.82 | D34: 1345.58 | E34: 921.02 | F34: 3829.82
B36: Sum of Agricultural Residues
A37: 2015 | B37: =H14 -> 1299.16
A38: 2020 | B38: =D34 -> 1345.58
A40: Interpolated 2017 Value for Agricultural residues | B40: =TREND(B37:B38,$A$37:$A$38,2017) -> 1317.728

Sheet India Urbanization Trends
A1: Data Source | B1: World Development Indicators
A2: Last Updated Date | B2: 44497
A4: Country Name | B4: Country Code | C4: Indicator Name | D4: Indicator Code | E4: 1960 | F4: 1961 | G4: 1962 | H4: 1963 | I4: 1964 | J4: 1965 | K4: 1966 | L4: 1967 | M4: 1968 | N4: 1969 | O4: 1970 | P4: 1971 | Q4: 1972 | R4: 1973 | S4: 1974 | T4: 1975 | U4: 1976 | V4: 1977 | W4: 1978 | X4: 1979 | Y4: 1980 | Z4: 1981 | AA4: 1982 | AB4: 1983 | AC4: 1984 | AD4: 1985 | AE4: 1986 | AF4: 1987 | AG4: 1988 | AH4: 1989 | AI4: 1990 | AJ4: 1991 | AK4: 1992 | AL4: 1993 | AM4: 1994 | AN4: 1995 | AO4: 1996 | AP4: 1997 | AQ4: 1998 | AR4: 1999 | AS4: 2000 | AT4: 2001 | AU4: 2002 | AV4: 2003 | AW4: 2004 | AX4: 2005 | AY4: 2006 | AZ4: 2007 | BA4: 2008 | BB4: 2009 | BC4: 2010 | BD4: 2011 | BE4: 2012 | BF4: 2013 | BG4: 2014 | BH4: 2015 | BI4: 2016 | BJ4: 2017 | BK4: 2018 | BL4: 2019 | BM4: 2020
A5: India | B5: IND | C5: Urban population (% of total population) | D5: SP.URB.TOTL.IN.ZS | E5: 17.924 | F5: 18.032 | G5: 18.218 | H5: 18.405 | I5: 18.595 | J5: 18.785 | K5: 18.977 | L5: 19.171 | M5: 19.366 | N5: 19.562 | O5: 19.76 | P5: 19.991 | Q5: 20.321 | R5: 20.653 | S5: 20.991 | T5: 21.332 | U5: 21.677 | V5: 22.026 | W5: 22.379 | X5: 22.736 | Y5: 23.098 | Z5: 23.417 | AA5: 23.647 | AB5: 23.879 | AC5: 24.113 | AD5: 24.348 | AE5: 24.585 | AF5: 24.823 | AG5: 25.063 | AH5: 25.305 | AI5: 25.547 | AJ5: 25.778 | AK5: 25.984 | AL5: 26.191 | AM5: 26.399 | AN5: 26.607 | AO5: 26.817 | AP5: 27.028 | AQ5: 27.24 | AR5: 27.453 | AS5: 27.667 | AT5: 27.918 | AU5: 28.244 | AV5: 28.572 | AW5: 28.903 | AX5: 29.235 | AY5: 29.569 | AZ5: 29.906 | BA5: 30.246 | BB5: 30.587 | BC5: 30.93 | BD5: 31.276 | BE5: 31.634 | BF5: 32.003 | BG5: 32.384 | BH5: 32.777 | BI5: 33.182 | BJ5: 33.6 | BK5: 34.03 | BL5: 34.472 | BM5: 34.926
A7: Trend-based Projection for low GDP BAU
A9: 20-yr trend
A10: 2000 | B10: 2020
A11: =AS5 -> 27.667 | B11: =BM5 -> 34.926
A12: Forecast till 2050
A13: 2021 | B13: 2022 | C13: 2023 | D13: 2024 | E13: 2025 | F13: 2026 | G13: 2027 | H13: 2028 | I13: 2029 | J13: 2030 | K13: 2031 | L13: 2032 | M13: 2033 | N13: 2034 | O13: 2035 | P13: 2036 | Q13: 2037 | R13: 2038 | S13: 2039 | T13: 2040 | U13: 2041 | V13: 2042 | W13: 2043 | X13: 2044 | Y13: 2045 | Z13: 2046 | AA13: 2047 | AB13: 2048 | AC13: 2049 | AD13: 2050
A14: =FORECAST(A13,$A$11:$B$11,$A$10:$B$10) -> 35.28895 | B14: =FORECAST(B13,$A$11:$B$11,$A$10:$B$10) -> 35.6519 | C14: =FORECAST(C13,$A$11:$B$11,$A$10:$B$10) -> 36.01485 | D14: =FORECAST(D13,$A$11:$B$11,$A$10:$B$10) -> 36.3778 | E14: =FORECAST(E13,$A$11:$B$11,$A$10:$B$10) -> 36.74075 | F14: =FORECAST(F13,$A$11:$B$11,$A$10:$B$10) -> 37.1037 | G14: =FORECAST(G13,$A$11:$B$11,$A$10:$B$10) -> 37.46665 | H14: =FORECAST(H13,$A$11:$B$11,$A$10:$B$10) -> 37.8296 | ... AD14: =FORECAST(AD13,$A$11:$B$11,$A$10:$B$10) -> 45.8145
A16: 5-yr averages for plugging into IESS (Global Assumptions tab)
A17: 2012 | B17: 2017 | C17: 2022 | D17: 2027 | E17: 2032 | F17: 2037 | G17: 2042 | H17: 2047
A18: - | B18: =AVERAGE(BF5:BJ5) -> 32.7892 | C18: =AVERAGE(BK5:BM5,A14:B14) -> 34.87377 | D18: =AVERAGE(C14:G14) -> 36.74075 | E18: =AVERAGE(H14:L14) -> 38.5555 | F18: =AVERAGE(M14:Q14) -> 40.37025 | G18: =AVERAGE(R14:V14) -> 42.185 | H18: =AVERAGE(W14:AA14) -> 43.99975

Sheet IESS Demand
A1: IESS Residential Demand
D2: Units | F2: 2020 | G2: 2022 | H2: 2023 | I2: 2027 | J2: 2032 | K2: 2037 | L2: 2042 | M2: 2047 | N2: 2050 | O2: 2055 | P2: 2060 | Q2: 2065 | R2: 2070
A3: IX | F3: 108.37652 | G3: 143.91225 | T3: =SUM(M5,M6,M15,M22,M28,M33,M34,-M108) -> 947.50626
A4: H.01 | B4: Cooling Demand from the Residential Sector | F4: 199.62891 | G4: 315.01872 | H4: 552.83731 | I4: 806.48613 | J4: 1171.2404 | K4: 1587.2321 | L4: 2008.6954 | M4: 2446.1441
B5: Electricity Demand by Ceiling Fans* | D5: TWh/year | F5: 37.188085 | G5: 40.27943 | H5: 41.688002 | I5: 47.588454 | J5: 55.52488 | K5: 63.976974 | L5: 72.819446 | M5: 82.019951 | N5: 85.391408 | O5: 90.603246 | P5: 95.289762 | Q5: 99.365459 | R5: 102.73169
B6: Electricity Demand by Acs* | D6: TWh/year | F6: 11.445828 | G6: 16.218951 | H6: 18.822807 | I6: 31.049043 | J6: 50.839618 | K6: 76.236633 | L6: 107.77935 | M6: 146.05972 | N6: 165.50738 | O6: 200.37935 | P6: 238.13146 | Q6: 278.31186 | R6: 320.29639
A7: * | B7: http://www.moef.nic.in/downloads/public-information/Residentialpowerconsumption.pdf | E7: Net Electricity Demand for cooling for the base year is being matched to the electricity demand for cooling as mentioned in this MoEF report.
B11: Lighting
B12: No of Appliances | F12: 5.9444746e+08 | G12: 6.5939782e+08 | H12: 6.936695e+08 | I12: 8.4310156e+08 | J12: 1.058795e+09 | K12: 1.3072759e+09 | L12: 1.5886741e+09 | M12: 1.9048479e+09 | N12: 2.1167937e+09 | O12: 2.4867922e+09 | P12: 2.8756193e+09 | Q12: 3.2785352e+09 | R12: 3.6893982e+09
A13: x | B13: Weighted usage hours | D13: Hours | F13: 188 | G13: 187.62419 | H13: 187.43656 | I13: 186.68794 | J13: 185.75637 | K13: 184.82944 | L13: 183.90714 | M13: 182.98944 | N13: 182.44102 | O13: 181.53064 | P13: 180.6248 | Q13: 179.72348 | R13: 178.82666
A14: x | B14: Weighted average of Wattage Efficiency | D14: GW | F14: 3.9196e-08 | G14: 3.9196e-08 | H14: 3.9196e-08 | I14: 3.9196e-08 | J14: 3.9196e-08 | K14: 3.9196e-08 | L14: 3.9196e-08 | M14: 3.9196e-08 | N14: 3.9196e-08 | O14: 3.9196e-08 | P14: 3.9196e-08 | Q14: 3.9196e-08 | R14: 3.9196e-08
A15: = | B15: Total demand by lighting | D15: TWh/year | F15: 36.935261 | G15: 39.659085 | H15: 41.065718 | I15: 46.987261 | J15: 55.046071 | K15: 63.781953 | L15: 73.134468 | M15: 83.141732 | N15: 92.58647 | O15: 108.99206 | P15: 126.11236 | Q15: 143.71631 | R15: 161.5155
B18: Televisions
B19: Demand scenario | F19: 68305377 | G19: 83587665 | H19: 91824501 | I19: 1.2895238e+08 | J19: 1.7103611e+08 | K19: 1.9609138e+08 | L19: 2.2241437e+08 | M19: 2.5001129e+08 | N19: 2.6243922e+08 | O19: 2.8264235e+08 | P19: 3.0218372e+08 | Q19: 3.208098e+08 | R19: 3.3819484e+08
A20: x | B20: Weighted usage hours | D20: Hours | F20: 2190 | G20: 2190 | H20: 2190 | I20: 2190 | J20: 2190 | K20: 2190 | L20: 2190 | M20: 2190 | N20: 2190 | O20: 2190 | P20: 2190 | Q20: 2190 | R20: 2190
A21: x | B21: Weighted average of efficiency | D21: GW | F21: 7.935e-08 | G21: 7.5519232e-08 | H21: 7.182782e-08 | I21: 6.8272288e-08 | J21: 6.4849241e-08 | K21: 6.2373315e-08 | L21: 5.9996982e-08 | M21: 5.7717788e-08 | N21: 5.7717788e-08 | O21: 5.7717788e-08 | P21: 5.7717788e-08 | Q21: 5.7717788e-08 | R21: 5.7717788e-08
A22: = | B22: Total demand by televisions | D22: TWh/year | F22: 12.030495 | G22: 15.732004 | H22: 17.68358 | I22: 26.453955 | J22: 39.68799 | K22: 55.532038 | L22: 74.003609 | M22: 95.161239 | N22: 98.560828 | O22: 103.77639 | P22: 108.43793 | Q22: 112.47726 | R22: 115.80942
B24: Refrigirators
B25: Demand scenario | F25: 51871542 | G25: 75905252 | H25: 1.0516326e+08 | I25: 1.3926384e+08 | J25: 1.7903205e+08 | K25: 2.1410127e+08 | L25: 2.5176571e+08 | M25: 2.8991009e+08
A26: x | B26: Weighted usage hours | D26: Hours | F26: 1 | G26: 1 | H26: 1 | I26: 1 | J26: 1 | K26: 1 | L26: 1 | M26: 1
A27: x | B27: Weighted average of efficiency | D27: GW | F27: 4.09492e-07 | G27: 3.7517455e-07 | H27: 3.4347502e-07 | I27: 3.1425185e-07 | J27: 2.8737011e-07 | K27: 2.6950189e-07 | L27: 2.5295343e-07 | M27: 2.3765666e-07
A28: = | B28: Total demand by refrigirators | D28: TWh/year | F28: 21.240981 | G28: 28.477718 | H28: 36.120953 | I28: 43.763919 | J28: 51.44846 | K28: 57.700696 | L28: 63.684999 | M28: 68.899063
B31: Total demand by above appliances | D31: TWh/year | F31: 151.51127 | G31: 218.01252 | H31: 325.61057 | I31: 425.95689 | J31: 558.44221 | K31: 694.91016 | L31: 822.01948 | M31: 941.4932
B32: Total demand by others | D32: TWh/year | F32: 39.068944 | G32: 60.153374 | H32: 95.891786 | I32: 133.59239 | J32: 186.1474 | K32: 247.3409 | L32: 311.80049 | M32: 379.90076
B33: Demand Consumed by water heaters | D33: TWh/year | F33: 22.853156 | G33: 34.342824 | H33: 52.959965 | I33: 64.08997 | J33: 75.684541 | K33: 75.023778 | L33: 72.7892 | M33: 68.619314
B34: water Heating adjusted demand by other appliances | D34: TWh/year | F34: 16.215788 | G34: 25.81055 | H34: 42.93182 | I34: 69.502422 | J34: 110.46286 | K34: 172.31713 | L34: 239.01129 | M34: 311.28145
B35: Total demand by all appliances | D35: TWh/year | F35: 190.58021 | G35: 278.16589 | H35: 421.50235 | I35: 559.54929 | J35: 744.58961 | K35: 942.25107 | L35: 1133.82 | M35: 1321.394
B38: Total demand by lighting | D38: TWh/year | F38: 38.745578 | G38: 52.782885 | H38: 65.355083 | I38: 67.053933 | J38: 67.048731 | K38: 70.63206 | L38: 73.556045 | M38: 75.142025
B39: Total demand by room airconditoners | D39: TWh/year | F39: 39.349552 | G39: 71.003453 | H39: 138.6719 | I39: 219.15321 | J39: 334.9825 | K39: 446.03269 | L39: 549.85993 | M39: 649.54414
B40: Total demand by ceiling fans | D40: TWh/year | F40: 31 | G40: 38.72959 | H40: 51.808402 | I40: 55.21839 | J40: 56.499141 | K40: 67.847157 | L40: 78.07824 | M40: 87.475752
B44: Net energy demand | F44: 190.58021 | G44: 278.16589 | H44: 421.50235 | I44: 559.54929 | J44: 744.58961 | K44: 942.25107 | L44: 1133.82 | M44: 1321.394
B46: Consumption of kerosene
B47: Urban | D47: TWh | F47: 0.59884186 | G47: 0 | H47: 0 | I47: 0 | J47: 0 | K47: 0 | L47: 0 | M47: 0
B48: Rural | D48: TWh | F48: 8.5560556 | G48: 4.5141701 | H48: 0 | I48: 0 | J48: 0 | K48: 0 | L48: 0 | M48: 0
B49: Total | D49: TWh | F49: 9.1548975 | G49: 4.5141701 | H49: 0 | I49: 0 | J49: 0 | K49: 0 | L49: 0 | M49: 0
B52: Cost calculations
B53: Lighting | D53: INR Trillion | F53: 0.020529398 | G53: 0.040539493 | H53: 0.065762469 | I53: 0.083443553 | J53: 0.099407486 | K53: 0.11615853 | L53: 0.13287905 | M53: 0.14791282 | N53: 0
B54: Ceiling Fans | D54: INR Trillion | F54: 0.027608043 | G54: 0.04005281 | H54: 0.061017304 | I54: 0.072961868 | J54: 0.082766514 | K54: 0.10695548 | L54: 0.13178979 | M54: 0.15740572 | N54: 0
B55: Televisions | D55: INR Trillion | F55: 0.12478786 | G55: 0.17660886 | H55: 0.2416332 | I55: 0.31893397 | J55: 0.41032137 | K55: 0.47110566 | L55: 0.53503594 | M55: 0.59744173 | N55: 0
B56: Refrigerators | D56: INR Trillion | F56: 0.09140012 | G56: 0.14311875 | H56: 0.20763301 | I56: 0.28319202 | J56: 0.37009619 | K56: 0.44402199 | L56: 0.5220254 | M56: 0.59933373 | N56: 0
B57: Room Acs | D57: INR Trillion | F57: 0.069946198 | G57: 0.13684113 | H57: 0.28801212 | I57: 0.48797048 | J57: 0.79602023 | K57: 1.114681 | L57: 1.4416773 | M57: 1.7828018 | N57: 0
A61: V.01 | B61: Electricity (delivered to end user) | D61: TWh | F61: 190.58021 | G61: 278.16589 | H61: 421.50235 | I61: 559.54929 | J61: 744.58961 | K61: 942.25107 | L61: 1133.82 | M61: 1321.394
A62: V.04 | B62: Liquid hydrocarbons | D62: TWh | F62: 9.1548975 | G62: 4.5141701 | H62: 0 | I62: 0 | J62: 0 | K62: 0 | L62: 0 | M62: 0
B63: *liquid hydrocarbons assigned entirely to kerosene in IESS
A65: Urban/Rural split
A66: Number of households
M67: Millions
B68: Description | C68: Notes | D68: 2007 | E68: 2020 | F68: 2022 | G68: 2023 | H68: 2027 | I68: 2032 | J68: 2037 | K68: 2042 | L68: 2047 | M68: 2050 | N68: 2055 | O68: 2060 | P68: 2065 | Q68: 2065
B69: Urban | E69: 112.1599 | F69: 119.89051 | G69: 123.86955 | H69: 140.51693 | I69: 162.89154 | J69: 186.7537 | K69: 211.82321 | L69: 238.10599 | M69: 248.39926 | N69: 264.79732 | O69: 280.25103 | P69: 294.5559 | Q69: 307.44985
B70: Rural | E70: 195.00987 | F70: 197.3782 | G70: 198.48987 | H70: 202.38495 | I70: 205.85713 | J70: 207.47254 | K70: 207.04441 | L70: 204.75081 | M70: 198.85636 | N70: 188.02225 | O70: 176.20505 | P70: 163.5557 | Q70: 150.20291
A72: Number of Households
B73: 2012 | C73: 2013 | D73: 2014 | E73: 2015 | F73: 2016 | G73: 2017 | H73: 2018 | I73: 2019 | J73: 2020 | K73: 2021 | L73: 2022 | M73: 2023 | N73: 2024 | O73: 2025 | P73: 2026 | Q73: 2027 | R73: 2028 | S73: 2029 | T73: 2030 | U73: 2031 | V73: 2032 | W73: 2033 | X73: 2034 | Y73: 2035 | Z73: 2036 | AA73: 2037 | AB73: 2038 | AC73: 2039 | AD73: 2040 | AE73: 2041 | AF73: 2042 | AG73: 2043 | AH73: 2044 | AI73: 2045 | AJ73: 2046 | AK73: 2047 | AL73: 2048 | AM73: 2049 | AN73: 2050 | AO73: 2051 | AP73: 2052 | AQ73: 2053 | AR73: 2054 | AS73: 2055 | AT73: 2056 | AU73: 2057 | AV73: 2058 | AW73: 2059 | AX73: 2060 | AY73: 2061 | AZ73: 2062 | BA73: 2063 | BB73: 2064 | BC73: 2065 | BD73: 2066 | BE73: 2067 | BF73: 2068 | BG73: 2069 | BH73: 2070
A74: Urban | B74: =TREND($E69:$F69,$E$68:$F$68,B$73) -> 81.237437 | C74: =TREND($E69:$F69,$E$68:$F$68,C$73) -> 85.102745 | D74: =TREND($E69:$F69,$E$68:$F$68,D$73) -> 88.968052 | E74: =TREND($E69:$F69,$E$68:$F$68,E$73) -> 92.83336 | F74: =TREND($E69:$F69,$E$68:$F$68,F$73) -> 96.698667 | G74: =TREND($E69:$F69,$E$68:$F$68,G$73) -> 100.56397 | H74: =TREND($F69:$G69,$F$68:$G$68,H$73) -> 103.97434 | I74: =TREND($F69:$G69,$F$68:$G$68,I$73) -> 107.95339 | J74: =TREND($F69:$G69,$F$68:$G$68,J$73) -> 111.93243 | K74: =TREND($F69:$G69,$F$68:$G$68,K$73) -> 115.91147 | L74: =TREND($F69:$G69,$F$68:$G$68,L$73) -> 119.89051 | M74: =TREND($G69:$H69,$G$68:$H$68,M$73) -> 123.86955 | N74: =TREND($G69:$H69,$G$68:$H$68,N$73) -> 128.0314 | O74: =TREND($G69:$H69,$G$68:$H$68,O$73) -> 132.19324 | P74: =TREND($G69:$H69,$G$68:$H$68,P$73) -> 136.35508 | Q74: =TREND($G69:$H69,$G$68:$H$68,Q$73) -> 140.51693 | R74: =TREND($H69:$I69,$H$68:$I$68,R$73) -> 144.99185 | S74: =TREND($H69:$I69,$H$68:$I$68,S$73) -> 149.46677 | T74: =TREND($H69:$I69,$H$68:$I$68,T$73) -> 153.94169 | U74: =TREND($H69:$I69,$H$68:$I$68,U$73) -> 158.41661 | V74: =TREND($H69:$I69,$H$68:$I$68,V$73) -> 162.89154 | W74: =TREND($I69:$J69,$I$68:$J$68,W$73) -> 167.66397 | X74: =TREND($I69:$J69,$I$68:$J$68,X$73) -> 172.4364 | Y74: =TREND($I69:$J69,$I$68:$J$68,Y$73) -> 177.20883 | Z74: =TREND($I69:$J69,$I$68:$J$68,Z$73) -> 181.98127 | AA74: =TREND($I69:$J69,$I$68:$J$68,AA$73) -> 186.7537 | AB74: =TREND($J69:$K69,$J$68:$K$68,AB$73) -> 191.7676 | AC74: =TREND($J69:$K69,$J$68:$K$68,AC$73) -> 196.7815 | AD74: =TREND($J69:$K69,$J$68:$K$68,AD$73) -> 201.79541 | AE74: =TREND($J69:$K69,$J$68:$K$68,AE$73) -> 206.80931 | AF74: =TREND($J69:$K69,$J$68:$K$68,AF$73) -> 211.82321 | AG74: =TREND($K69:$L69,$K$68:$L$68,AG$73) -> 217.07977 | AH74: =TREND($K69:$L69,$K$68:$L$68,AH$73) -> 222.33632 | AI74: =TREND($K69:$L69,$K$68:$L$68,AI$73) -> 227.59288 | AJ74: =TREND($K69:$L69,$K$68:$L$68,AJ$73) -> 232.84943 | AK74: =TREND($K69:$L69,$K$68:$L$68,AK$73) -> 238.10599 | AL74: =TREND($K69:$L69,$K$68:$L$68,AL$73) -> 243.36254 | AM74: =TREND($K69:$L69,$K$68:$L$68,AM$73) -> 248.6191 | AN74: =TREND($K69:$L69,$K$68:$L$68,AN$73) -> 253.87565 | ... BH74: =TREND($K69:$L69,$K$68:$L$68,BH$73) -> 359.00676
A75: Rural | B75: =TREND($E70:$F70,$E$68:$F$68,B$73) -> 185.53658 | C75: =TREND($E70:$F70,$E$68:$F$68,C$73) -> 186.72075 | D75: =TREND($E70:$F70,$E$68:$F$68,D$73) -> 187.90491 | E75: =TREND($E70:$F70,$E$68:$F$68,E$73) -> 189.08907 | F75: =TREND($E70:$F70,$E$68:$F$68,F$73) -> 190.27323 | G75: =TREND($E70:$F70,$E$68:$F$68,G$73) -> 191.45739 | H75: =TREND($F70:$G70,$F$68:$G$68,H$73) -> 192.93149 | I75: =TREND($F70:$G70,$F$68:$G$68,I$73) -> 194.04317 | J75: =TREND($F70:$G70,$F$68:$G$68,J$73) -> 195.15484 | K75: =TREND($F70:$G70,$F$68:$G$68,K$73) -> 196.26652 | L75: =TREND($F70:$G70,$F$68:$G$68,L$73) -> 197.3782 | M75: =TREND($G70:$H70,$G$68:$H$68,M$73) -> 198.48987 | N75: =TREND($G70:$H70,$G$68:$H$68,N$73) -> 199.46364 | O75: =TREND($G70:$H70,$G$68:$H$68,O$73) -> 200.43741 | P75: =TREND($G70:$H70,$G$68:$H$68,P$73) -> 201.41118 | Q75: =TREND($G70:$H70,$G$68:$H$68,Q$73) -> 202.38495 | R75: =TREND($H70:$I70,$H$68:$I$68,R$73) -> 203.07939 | S75: =TREND($H70:$I70,$H$68:$I$68,S$73) -> 203.77382 | T75: =TREND($H70:$I70,$H$68:$I$68,T$73) -> 204.46826 | U75: =TREND($H70:$I70,$H$68:$I$68,U$73) -> 205.1627 | V75: =TREND($H70:$I70,$H$68:$I$68,V$73) -> 205.85713 | W75: =TREND($I70:$J70,$I$68:$J$68,W$73) -> 206.18022 | X75: =TREND($I70:$J70,$I$68:$J$68,X$73) -> 206.5033 | Y75: =TREND($I70:$J70,$I$68:$J$68,Y$73) -> 206.82638 | Z75: =TREND($I70:$J70,$I$68:$J$68,Z$73) -> 207.14946 | AA75: =TREND($I70:$J70,$I$68:$J$68,AA$73) -> 207.47254 | AB75: =TREND($J70:$K70,$J$68:$K$68,AB$73) -> 207.38692 | AC75: =TREND($J70:$K70,$J$68:$K$68,AC$73) -> 207.30129 | AD75: =TREND($J70:$K70,$J$68:$K$68,AD$73) -> 207.21567 | AE75: =TREND($J70:$K70,$J$68:$K$68,AE$73) -> 207.13004 | AF75: =TREND($J70:$K70,$J$68:$K$68,AF$73) -> 207.04441 | AG75: =TREND($K70:$L70,$K$68:$L$68,AG$73) -> 206.58569 | AH75: =TREND($K70:$L70,$K$68:$L$68,AH$73) -> 206.12697 | AI75: =TREND($K70:$L70,$K$68:$L$68,AI$73) -> 205.66825 | AJ75: =TREND($K70:$L70,$K$68:$L$68,AJ$73) -> 205.20953 | AK75: =TREND($K70:$L70,$K$68:$L$68,AK$73) -> 204.75081 | AL75: =TREND($K70:$L70,$K$68:$L$68,AL$73) -> 204.29209 | AM75: =TREND($K70:$L70,$K$68:$L$68,AM$73) -> 203.83337 | AN75: =TREND($K70:$L70,$K$68:$L$68,AN$73) -> 203.37464 | ... BH75: =TREND($K70:$L70,$K$68:$L$68,BH$73) -> 194.20022
A77: Urban % | B77: =B74/SUM(B74:B75) -> 0.3045178 | C77: =C74/SUM(C74:C75) -> 0.31308091 | D77: =D74/SUM(D74:D75) -> 0.32133168 | E77: =E74/SUM(E74:E75) -> 0.32928689 | F77: =F74/SUM(F74:F75) -> 0.33696215 | G77: =G74/SUM(G74:G75) -> 0.34437198 | H77: =H74/SUM(H74:H75) -> 0.35019299 | I77: =I74/SUM(I74:I75) -> 0.35746562 | ... BH77: =BH74/SUM(BH74:BH75) -> 0.64895558
A78: Rural % | B78: =B75/SUM(B74:B75) -> 0.6954822 | C78: =C75/SUM(C74:C75) -> 0.68691909 | D78: =D75/SUM(D74:D75) -> 0.67866832 | E78: =E75/SUM(E74:E75) -> 0.67071311 | F78: =F75/SUM(F74:F75) -> 0.66303785 | G78: =G75/SUM(G74:G75) -> 0.65562802 | H78: =H75/SUM(H74:H75) -> 0.64980701 | I78: =I75/SUM(I74:I75) -> 0.64253438 | ... BH78: =BH75/SUM(BH74:BH75) -> 0.35104442
A81: IESS Cooking Demand
B83: Energy produced and required-Rural | N83: TWh
B85: Vector | C85: Name | D85: Notes | E85: 2007 | F85: 2012 | G85: 2017 | H85: 2022 | I85: 2027 | J85: 2032 | K85: 2037 | L85: 2042 | M85: 2047 | N85: 2052
B86: M.01 | C86: Cooking | E86: 0 | F86: 880.85157 | G86: 755.86741 | H86: 596.38041 | I86: 456.97975 | J86: 379.13244 | K86: 308.16025 | L86: 302.08697 | M86: 294.00658 | N86: 0
B87: V.01 | C87: Electricity (delivered to end user) | E87: 0 | F87: -0.24343846 | G87: -7.2901068 | H87: -11.563311 | I87: -22.107518 | J87: -31.560729 | K87: -39.075902 | L87: -49.512239 | M87: -59.796909 | N87: 0
B88: V.03 | C88: Solid hydrocarbons | E88: 0 | F88: -842.93974 | G88: -678.78501 | H88: -490.05405 | I88: -323.56842 | J88: -200.8843 | K88: -114.5319 | L88: -92.224081 | M88: -70.274146 | N88: 0
B89: V.04 | C89: Liquid hydrocarbons | E89: 0 | F89: -32.146942 | G89: -56.048579 | H89: -75.169398 | I89: -86.902589 | J89: -114.85624 | K89: -113.77438 | L89: -113.18336 | M89: -110.92971 | N89: 0
B90: V.05 | C90: Gaseous hydrocarbons | E90: 0 | F90: -5.5214536 | G90: -13.743713 | H90: -19.593655 | I90: -24.40122 | J90: -31.831168 | K90: -40.778068 | L90: -47.167295 | M90: -53.00582 | N90: 0
B91: Total | E91: 0 | F91: -3.0198066e-14 | G91: 0 | H91: -7.8159701e-14 | I91: 5.3290705e-14 | J91: 0 | K91: 0 | L91: 0 | M91: 0 | N91: 0
B93: Energy produced and required-Urban | N93: TWh
B95: Vector | C95: Name | D95: Notes | E95: 2007 | F95: 2012 | G95: 2017 | H95: 2022 | I95: 2027 | J95: 2032 | K95: 2037 | L95: 2042 | M95: 2047 | N95: 2052
B96: M.01 | C96: Cooking | E96: 0 | F96: 191.61074 | G96: 194.51011 | H96: 185.18615 | I96: 173.64457 | J96: 183.98843 | K96: 194.95094 | L96: 212.40507 | M96: 228.12192 | N96: 0
B97: V.01 | C97: Electricity (delivered to end user) | E97: 0 | F97: -0.060235397 | G97: -3.5566523 | H97: -6.1908899 | I97: -10.487022 | J97: -14.550147 | K97: -17.658461 | L97: -24.647096 | M97: -32.52689 | N97: 0
B98: V.03 | C98: Solid hydrocarbons | E98: 0 | F98: -102.86337 | G98: -88.429822 | H98: -56.846922 | I98: -22.511775 | J98: -10.824757 | K98: 0 | L98: 0 | M98: 0 | N98: 0
B99: V.04 | C99: Liquid hydrocarbons | E99: 0 | F99: -77.621904 | G99: -79.173519 | H99: -86.051695 | I99: -86.373054 | J99: -89.856407 | K99: -94.650007 | L99: -88.400873 | M99: -87.159055 | N99: 0
B100: V.05 | C100: Gaseous hydrocarbons | E100: 0 | F100: -11.065236 | G100: -23.350116 | H100: -36.096647 | I100: -54.272723 | J100: -68.75712 | K100: -82.642471 | L100: -99.357104 | M100: -108.43598 | N100: 0
B101: Total | E101: 0 | F101: -3.0198066e-14 | G101: 0 | H101: 0 | I101: 0 | J101: 0 | K101: 0 | L101: 0 | M101: 0 | N101: 0
B104: Energy produced and required | N104: TWh
B106: Vector | C106: Name | D106: Notes | E106: 2007 | F106: 2012 | G106: 2017 | H106: 2022 | I106: 2027 | J106: 2032 | K106: 2037 | L106: 2042 | M106: 2047 | N106: 2052
B107: M.01 | C107: Cooking | E107: 0 | F107: 1072.4623 | G107: 950.37752 | H107: 781.56657 | I107: 630.62432 | J107: 563.12087 | K107: 503.11119 | L107: 514.49204 | M107: 522.12851 | N107: 0
B108: V.01 | C108: Electricity (delivered to end user) | E108: 0 | F108: -0.30367386 | G108: -10.846759 | H108: -17.754201 | I108: -32.594539 | J108: -46.110876 | K108: -56.734364 | L108: -74.159334 | M108: -92.3238 | N108: 0
B109: V.03 | C109: Solid hydrocarbons | E109: 0 | F109: -945.8031 | G109: -767.21483 | H109: -546.90097 | I109: -346.0802 | J109: -211.70906 | K109: -114.5319 | L109: -92.224081 | M109: -70.274146 | N109: 0
B110: V.04 | C110: Liquid hydrocarbons | E110: 0 | F110: -109.76885 | G110: -135.2221 | H110: -161.22109 | I110: -173.27564 | J110: -204.71265 | K110: -208.42438 | L110: -201.58423 | M110: -198.08876 | N110: 0
A111: 0 | B111: V.05 | C111: Gaseous hydrocarbons | E111: 0 | F111: -16.58669 | G111: -37.093829 | H111: -55.690302 | I111: -78.673943 | J111: -100.58829 | K111: -123.42054 | L111: -146.5244 | M111: -161.4418 | N111: 0
B112: Total | E112: 0 | F112: 3.1974423e-14 | G112: -6.3948846e-14 | H112: -2.0605739e-13 | I112: 0 | J112: 0 | K112: 0 | L112: 0 | M112: 0 | N112: 0
A114: IESS Electricity
A115: Fuel | B115: End Use | C115: Building Type | D115: 2017 | E115: 2018 | F115: 2019 | G115: 2020 | H115: 2021 | I115: 2022 | J115: 2023 | K115: 2024 | L115: 2025 | M115: 2026 | N115: 2027 | O115: 2028 | P115: 2029 | Q115: 2030 | R115: 2031 | S115: 2032 | T115: 2033 | U115: 2034 | V115: 2035 | W115: 2036 | X115: 2037 | Y115: 2038 | Z115: 2039 | AA115: 2040 | AB115: 2041 | AC115: 2042 | AD115: 2043 | AE115: 2044 | AF115: 2045 | AG115: 2046 | AH115: 2047 | AI115: 2048 | AJ115: 2049 | AK115: 2050 | AL115: 2051 | AM115: 2052 | AN115: 2053 | AO115: 2054 | AP115: 2055 | AQ115: 2056 | AR115: 2057 | AS115: 2058 | AT115: 2059 | AU115: 2060 | AV115: 2061 | AW115: 2062 | AX115: 2063 | AY115: 2064 | AZ115: 2065 | BA115: 2066 | BB115: 2067 | BC115: 2068 | BD115: 2069 | BE115: 2070
A116: Electricity | B116: Cooling | C116: Residential | D116: =G6 -> 16.218951 | E116: =($I116-$D116)/5+D116 -> 16.739722 | F116: =($I116-$D116)/5+E116 -> 17.260493 | G116: =($I116-$D116)/5+F116 -> 17.781264 | H116: =($I116-$D116)/5+G116 -> 18.302035 | I116: =H6 -> 18.822807 | J116: =($N116-$I116)/5+I116 -> 21.268054 | K116: =($N116-$I116)/5+J116 -> 23.713301 | L116: =($N116-$I116)/5+K116 -> 26.158549 | M116: =($N116-$I116)/5+L116 -> 28.603796 | N116: =I6 -> 31.049043 | O116: =($S116-$N116)/5+N116 -> 35.007158 | P116: =($S116-$N116)/5+O116 -> 38.965273 | Q116: =($S116-$N116)/5+P116 -> 42.923388 | R116: =($S116-$N116)/5+Q116 -> 46.881503 | S116: =J6 -> 50.839618 | T116: =($X116-$S116)/5+S116 -> 55.919021 | U116: =($X116-$S116)/5+T116 -> 60.998424 | V116: =($X116-$S116)/5+U116 -> 66.077827 | W116: =($X116-$S116)/5+V116 -> 71.15723 | X116: =K6 -> 76.236633 | Y116: =($AC116-$X116)/5+X116 -> 82.545176 | Z116: =($AC116-$X116)/5+Y116 -> 88.853718 | AA116: =($AC116-$X116)/5+Z116 -> 95.16226 | AB116: =($AC116-$X116)/5+AA116 -> 101.4708 | AC116: =L6 -> 107.77935 | AD116: =($AH116-$AC116)/5+AC116 -> 115.43542 | AE116: =($AH116-$AC116)/5+AD116 -> 123.09149 | AF116: =($AH116-$AC116)/5+AE116 -> 130.74757 | AG116: =($AH116-$AC116)/5+AF116 -> 138.40364 | AH116: =M6 -> 146.05972 | AI116: =($AH116-$AC116)/5+AH116 -> 153.71579 | AJ116: =($AH116-$AC116)/5+AI116 -> 161.37186 | AK116: =($AH116-$AC116)/5+AJ116 -> 169.02794 | AL116: =($AH116-$AC116)/5+AK116 -> 176.68401 | AM116: =($AH116-$AC116)/5+AL116 -> 184.34009 | AN116: =($AH116-$AC116)/5+AM116 -> 191.99616 | AO116: =($AH116-$AC116)/5+AN116 -> 199.65223 | AP116: =($AH116-$AC116)/5+AO116 -> 207.30831 | ... BE116: =($AH116-$AC116)/5+BD116 -> 322.14942
A117: Electricity | B117: Lighting | C117: Residential | D117: =G15 -> 39.659085 | E117: =($I117-$D117)/5+D117 -> 39.940411 | F117: =($I117-$D117)/5+E117 -> 40.221738 | G117: =($I117-$D117)/5+F117 -> 40.503065 | H117: =($I117-$D117)/5+G117 -> 40.784391 | I117: =H15 -> 41.065718 | J117: =($N117-$I117)/5+I117 -> 42.250026 | K117: =($N117-$I117)/5+J117 -> 43.434335 | L117: =($N117-$I117)/5+K117 -> 44.618644 | M117: =($N117-$I117)/5+L117 -> 45.802953 | N117: =I15 -> 46.987261 | O117: =($S117-$N117)/5+N117 -> 48.599023 | P117: =($S117-$N117)/5+O117 -> 50.210785 | Q117: =($S117-$N117)/5+P117 -> 51.822547 | R117: =($S117-$N117)/5+Q117 -> 53.434309 | S117: =J15 -> 55.046071 | T117: =($X117-$S117)/5+S117 -> 56.793248 | U117: =($X117-$S117)/5+T117 -> 58.540424 | V117: =($X117-$S117)/5+U117 -> 60.287601 | W117: =($X117-$S117)/5+V117 -> 62.034777 | X117: =K15 -> 63.781953 | Y117: =($AC117-$X117)/5+X117 -> 65.652456 | Z117: =($AC117-$X117)/5+Y117 -> 67.522959 | AA117: =($AC117-$X117)/5+Z117 -> 69.393462 | AB117: =($AC117-$X117)/5+AA117 -> 71.263965 | AC117: =L15 -> 73.134468 | AD117: =($AH117-$AC117)/5+AC117 -> 75.135921 | AE117: =($AH117-$AC117)/5+AD117 -> 77.137373 | AF117: =($AH117-$AC117)/5+AE117 -> 79.138826 | AG117: =($AH117-$AC117)/5+AF117 -> 81.140279 | AH117: =M15 -> 83.141732 | AI117: =($AH117-$AC117)/5+AH117 -> 85.143185 | AJ117: =($AH117-$AC117)/5+AI117 -> 87.144638 | AK117: =($AH117-$AC117)/5+AJ117 -> 89.146091 | AL117: =($AH117-$AC117)/5+AK117 -> 91.147543 | AM117: =($AH117-$AC117)/5+AL117 -> 93.148996 | AN117: =($AH117-$AC117)/5+AM117 -> 95.150449 | AO117: =($AH117-$AC117)/5+AN117 -> 97.151902 | AP117: =($AH117-$AC117)/5+AO117 -> 99.153355 | ... BE117: =($AH117-$AC117)/5+BD117 -> 129.17515
A118: Electricity | B118: Appliances | C118: Residential | D118: =SUM(G5,G22,G28,G33,-G108) -> 129.67874 | E118: =($I118-$D118)/5+D118 -> 136.98433 | F118: =($I118-$D118)/5+E118 -> 144.28992 | G118: =($I118-$D118)/5+F118 -> 151.59551 | H118: =($I118-$D118)/5+G118 -> 158.90111 | I118: =SUM(H5,H22,H28,H33,-H108) -> 166.2067 | J118: =($N118-$I118)/5+I118 -> 175.86353 | K118: =($N118-$I118)/5+J118 -> 185.52036 | L118: =($N118-$I118)/5+K118 -> 195.17718 | M118: =($N118-$I118)/5+L118 -> 204.83401 | N118: =SUM(I5,I22,I28,I33,-I108) -> 214.49084 | O118: =($S118-$N118)/5+N118 -> 225.28402 | P118: =($S118-$N118)/5+O118 -> 236.0772 | Q118: =($S118-$N118)/5+P118 -> 246.87038 | R118: =($S118-$N118)/5+Q118 -> 257.66357 | S118: =SUM(J5,J22,J28,J33,-J108) -> 268.45675 | T118: =($X118-$S118)/5+S118 -> 276.55897 | U118: =($X118-$S118)/5+T118 -> 284.66119 | V118: =($X118-$S118)/5+U118 -> 292.76341 | W118: =($X118-$S118)/5+V118 -> 300.86563 | X118: =SUM(K5,K22,K28,K33,-K108) -> 308.96785 | Y118: =($AC118-$X118)/5+X118 -> 318.6656 | Z118: =($AC118-$X118)/5+Y118 -> 328.36334 | AA118: =($AC118-$X118)/5+Z118 -> 338.06109 | AB118: =($AC118-$X118)/5+AA118 -> 347.75884 | AC118: =SUM(L5,L22,L28,L33,-L108) -> 357.45659 | AD118: =($AH118-$AC118)/5+AC118 -> 367.36994 | AE118: =($AH118-$AC118)/5+AD118 -> 377.2833 | AF118: =($AH118-$AC118)/5+AE118 -> 387.19666 | AG118: =($AH118-$AC118)/5+AF118 -> 397.11001 | AH118: =SUM(M5,M22,M28,M33,-M108) -> 407.02337 | AI118: =($AH118-$AC118)/5+AH118 -> 416.93672 | AJ118: =($AH118-$AC118)/5+AI118 -> 426.85008 | AK118: =($AH118-$AC118)/5+AJ118 -> 436.76344 | AL118: =($AH118-$AC118)/5+AK118 -> 446.67679 | AM118: =($AH118-$AC118)/5+AL118 -> 456.59015 | AN118: =($AH118-$AC118)/5+AM118 -> 466.5035 | AO118: =($AH118-$AC118)/5+AN118 -> 476.41686 | AP118: =($AH118-$AC118)/5+AO118 -> 486.33021 | ... BE118: =($AH118-$AC118)/5+BD118 -> 635.03055
A119: Electricity | B119: Other | C119: Residential | D119: =H34 -> 42.93182 | E119: =($I119-$D119)/5+D119 -> 42.93182 | F119: =($I119-$D119)/5+E119 -> 42.93182 | G119: =($I119-$D119)/5+F119 -> 42.93182 | H119: =($I119-$D119)/5+G119 -> 42.93182 | I119: =H34 -> 42.93182 | J119: =($N119-$I119)/5+I119 -> 48.245941 | K119: =($N119-$I119)/5+J119 -> 53.560061 | L119: =($N119-$I119)/5+K119 -> 58.874181 | M119: =($N119-$I119)/5+L119 -> 64.188301 | N119: =I34 -> 69.502422 | O119: =($S119-$N119)/5+N119 -> 77.694509 | P119: =($S119-$N119)/5+O119 -> 85.886597 | Q119: =($S119-$N119)/5+P119 -> 94.078685 | R119: =($S119-$N119)/5+Q119 -> 102.27077 | S119: =J34 -> 110.46286 | T119: =($X119-$S119)/5+S119 -> 122.83371 | U119: =($X119-$S119)/5+T119 -> 135.20457 | V119: =($X119-$S119)/5+U119 -> 147.57542 | W119: =($X119-$S119)/5+V119 -> 159.94627 | X119: =K34 -> 172.31713 | Y119: =($AC119-$X119)/5+X119 -> 185.65596 | Z119: =($AC119-$X119)/5+Y119 -> 198.99479 | AA119: =($AC119-$X119)/5+Z119 -> 212.33363 | AB119: =($AC119-$X119)/5+AA119 -> 225.67246 | AC119: =L34 -> 239.01129 | AD119: =($AH119-$AC119)/5+AC119 -> 253.46533 | AE119: =($AH119-$AC119)/5+AD119 -> 267.91936 | AF119: =($AH119-$AC119)/5+AE119 -> 282.37339 | AG119: =($AH119-$AC119)/5+AF119 -> 296.82742 | AH119: =M34 -> 311.28145 | AI119: =($AH119-$AC119)/5+AH119 -> 325.73548 | AJ119: =($AH119-$AC119)/5+AI119 -> 340.18951 | AK119: =($AH119-$AC119)/5+AJ119 -> 354.64354 | AL119: =($AH119-$AC119)/5+AK119 -> 369.09757 | AM119: =($AH119-$AC119)/5+AL119 -> 383.5516 | AN119: =($AH119-$AC119)/5+AM119 -> 398.00564 | AO119: =($AH119-$AC119)/5+AN119 -> 412.45967 | AP119: =($AH119-$AC119)/5+AO119 -> 426.9137 | ... BE119: =($AH119-$AC119)/5+BD119 -> 643.72416
AH120: =SUM(AH116:AH119) -> 947.50626
A121: IESS Cooking Demand
A122: Liquid hydrocarbons | B122: Appliances (cooking) | C122: Urban Residential | D122: =-G99 -> 79.173519 | E122: =($I122-$D122)/5+D122 -> 80.549154 | F122: =($I122-$D122)/5+E122 -> 81.924789 | G122: =($I122-$D122)/5+F122 -> 83.300425 | H122: =($I122-$D122)/5+G122 -> 84.67606 | I122: =-H99 -> 86.051695 | J122: =($N122-$I122)/5+I122 -> 86.115967 | K122: =($N122-$I122)/5+J122 -> 86.180238 | L122: =($N122-$I122)/5+K122 -> 86.24451 | M122: =($N122-$I122)/5+L122 -> 86.308782 | N122: =-I99 -> 86.373054 | O122: =($S122-$N122)/5+N122 -> 87.069724 | P122: =($S122-$N122)/5+O122 -> 87.766395 | Q122: =($S122-$N122)/5+P122 -> 88.463066 | R122: =($S122-$N122)/5+Q122 -> 89.159737 | S122: =-J99 -> 89.856407 | T122: =($X122-$S122)/5+S122 -> 90.815127 | U122: =($X122-$S122)/5+T122 -> 91.773847 | V122: =($X122-$S122)/5+U122 -> 92.732567 | W122: =($X122-$S122)/5+V122 -> 93.691287 | X122: =-K99 -> 94.650007 | Y122: =($AC122-$X122)/5+X122 -> 93.40018 | Z122: =($AC122-$X122)/5+Y122 -> 92.150354 | AA122: =($AC122-$X122)/5+Z122 -> 90.900527 | AB122: =($AC122-$X122)/5+AA122 -> 89.6507 | AC122: =-L99 -> 88.400873 | AD122: =($AH122-$AC122)/5+AC122 -> 88.15251 | AE122: =($AH122-$AC122)/5+AD122 -> 87.904146 | AF122: =($AH122-$AC122)/5+AE122 -> 87.655782 | AG122: =($AH122-$AC122)/5+AF122 -> 87.407419 | AH122: =-M99 -> 87.159055 | AI122: =($AH122-$AC122)/5+AH122 -> 86.910692 | AJ122: =($AH122-$AC122)/5+AI122 -> 86.662328 | AK122: =($AH122-$AC122)/5+AJ122 -> 86.413964 | AL122: =($AH122-$AC122)/5+AK122 -> 86.165601 | AM122: =($AH122-$AC122)/5+AL122 -> 85.917237 | AN122: =($AH122-$AC122)/5+AM122 -> 85.668873 | AO122: =($AH122-$AC122)/5+AN122 -> 85.42051 | AP122: =($AH122-$AC122)/5+AO122 -> 85.172146 | ... BE122: =($AH122-$AC122)/5+BD122 -> 81.446692
A123: Solid hydrocarbons | B123: Appliances (cooking) | C123: Urban Residential | D123: =-G98 -> 88.429822 | E123: =($I123-$D123)/5+D123 -> 82.113242 | F123: =($I123-$D123)/5+E123 -> 75.796662 | G123: =($I123-$D123)/5+F123 -> 69.480082 | H123: =($I123-$D123)/5+G123 -> 63.163502 | I123: =-H98 -> 56.846922 | J123: =($N123-$I123)/5+I123 -> 49.979892 | K123: =($N123-$I123)/5+J123 -> 43.112863 | L123: =($N123-$I123)/5+K123 -> 36.245833 | M123: =($N123-$I123)/5+L123 -> 29.378804 | N123: =-I98 -> 22.511775 | O123: =($S123-$N123)/5+N123 -> 20.174371 | P123: =($S123-$N123)/5+O123 -> 17.836967 | Q123: =($S123-$N123)/5+P123 -> 15.499564 | R123: =($S123-$N123)/5+Q123 -> 13.16216 | S123: =-J98 -> 10.824757 | T123: =($X123-$S123)/5+S123 -> 8.6598054 | U123: =($X123-$S123)/5+T123 -> 6.4948541 | V123: =($X123-$S123)/5+U123 -> 4.3299027 | W123: =($X123-$S123)/5+V123 -> 2.1649514 | X123: =-K98 -> 0 | Y123: =($AC123-$X123)/5+X123 -> 0 | Z123: =($AC123-$X123)/5+Y123 -> 0 | AA123: =($AC123-$X123)/5+Z123 -> 0 | AB123: =($AC123-$X123)/5+AA123 -> 0 | AC123: =-L98 -> 0 | AD123: =($AH123-$AC123)/5+AC123 -> 0 | AE123: =($AH123-$AC123)/5+AD123 -> 0 | AF123: =($AH123-$AC123)/5+AE123 -> 0 | AG123: =($AH123-$AC123)/5+AF123 -> 0 | AH123: =-M98 -> 0 | AI123: =($AH123-$AC123)/5+AH123 -> 0 | AJ123: =($AH123-$AC123)/5+AI123 -> 0 | AK123: =($AH123-$AC123)/5+AJ123 -> 0 | AL123: =($AH123-$AC123)/5+AK123 -> 0 | AM123: =($AH123-$AC123)/5+AL123 -> 0 | AN123: =($AH123-$AC123)/5+AM123 -> 0 | AO123: =($AH123-$AC123)/5+AN123 -> 0 | AP123: =($AH123-$AC123)/5+AO123 -> 0 | ... BE123: =($AH123-$AC123)/5+BD123 -> 0
A124: Gaseous hydrocarbons | B124: Appliances (cooking) | C124: Urban Residential | D124: =-G100 -> 23.350116 | E124: =($I124-$D124)/5+D124 -> 25.899422 | F124: =($I124-$D124)/5+E124 -> 28.448728 | G124: =($I124-$D124)/5+F124 -> 30.998035 | H124: =($I124-$D124)/5+G124 -> 33.547341 | I124: =-H100 -> 36.096647 | J124: =($N124-$I124)/5+I124 -> 39.731862 | K124: =($N124-$I124)/5+J124 -> 43.367078 | L124: =($N124-$I124)/5+K124 -> 47.002293 | M124: =($N124-$I124)/5+L124 -> 50.637508 | N124: =-I100 -> 54.272723 | O124: =($S124-$N124)/5+N124 -> 57.169603 | P124: =($S124-$N124)/5+O124 -> 60.066482 | Q124: =($S124-$N124)/5+P124 -> 62.963361 | R124: =($S124-$N124)/5+Q124 -> 65.86024 | S124: =-J100 -> 68.75712 | T124: =($X124-$S124)/5+S124 -> 71.53419 | U124: =($X124-$S124)/5+T124 -> 74.31126 | V124: =($X124-$S124)/5+U124 -> 77.088331 | W124: =($X124-$S124)/5+V124 -> 79.865401 | X124: =-K100 -> 82.642471 | Y124: =($AC124-$X124)/5+X124 -> 85.985398 | Z124: =($AC124-$X124)/5+Y124 -> 89.328324 | AA124: =($AC124-$X124)/5+Z124 -> 92.671251 | AB124: =($AC124-$X124)/5+AA124 -> 96.014177 | AC124: =-L100 -> 99.357104 | AD124: =($AH124-$AC124)/5+AC124 -> 101.17288 | AE124: =($AH124-$AC124)/5+AD124 -> 102.98865 | AF124: =($AH124-$AC124)/5+AE124 -> 104.80443 | AG124: =($AH124-$AC124)/5+AF124 -> 106.6202 | AH124: =-M100 -> 108.43598 | AI124: =($AH124-$AC124)/5+AH124 -> 110.25175 | AJ124: =($AH124-$AC124)/5+AI124 -> 112.06753 | AK124: =($AH124-$AC124)/5+AJ124 -> 113.8833 | AL124: =($AH124-$AC124)/5+AK124 -> 115.69908 | AM124: =($AH124-$AC124)/5+AL124 -> 117.51485 | AN124: =($AH124-$AC124)/5+AM124 -> 119.33063 | AO124: =($AH124-$AC124)/5+AN124 -> 121.1464 | AP124: =($AH124-$AC124)/5+AO124 -> 122.96218 | ... BE124: =($AH124-$AC124)/5+BD124 -> 150.1988
A125: Liquid hydrocarbons | B125: Appliances (cooking) | C125: Rural Residential | D125: =-G89 -> 56.048579 | E125: =($I125-$D125)/5+D125 -> 59.872743 | F125: =($I125-$D125)/5+E125 -> 63.696906 | G125: =($I125-$D125)/5+F125 -> 67.52107 | H125: =($I125-$D125)/5+G125 -> 71.345234 | I125: =-H89 -> 75.169398 | J125: =($N125-$I125)/5+I125 -> 77.516036 | K125: =($N125-$I125)/5+J125 -> 79.862674 | L125: =($N125-$I125)/5+K125 -> 82.209312 | M125: =($N125-$I125)/5+L125 -> 84.555951 | N125: =-I89 -> 86.902589 | O125: =($S125-$N125)/5+N125 -> 92.49332 | P125: =($S125-$N125)/5+O125 -> 98.08405 | Q125: =($S125-$N125)/5+P125 -> 103.67478 | R125: =($S125-$N125)/5+Q125 -> 109.26551 | S125: =-J89 -> 114.85624 | T125: =($X125-$S125)/5+S125 -> 114.63987 | U125: =($X125-$S125)/5+T125 -> 114.4235 | V125: =($X125-$S125)/5+U125 -> 114.20712 | W125: =($X125-$S125)/5+V125 -> 113.99075 | X125: =-K89 -> 113.77438 | Y125: =($AC125-$X125)/5+X125 -> 113.65617 | Z125: =($AC125-$X125)/5+Y125 -> 113.53797 | AA125: =($AC125-$X125)/5+Z125 -> 113.41976 | AB125: =($AC125-$X125)/5+AA125 -> 113.30156 | AC125: =-L89 -> 113.18336 | AD125: =($AH125-$AC125)/5+AC125 -> 112.73263 | AE125: =($AH125-$AC125)/5+AD125 -> 112.2819 | AF125: =($AH125-$AC125)/5+AE125 -> 111.83117 | AG125: =($AH125-$AC125)/5+AF125 -> 111.38044 | AH125: =-M89 -> 110.92971 | AI125: =($AH125-$AC125)/5+AH125 -> 110.47898 | AJ125: =($AH125-$AC125)/5+AI125 -> 110.02825 | AK125: =($AH125-$AC125)/5+AJ125 -> 109.57752 | AL125: =($AH125-$AC125)/5+AK125 -> 109.12679 | AM125: =($AH125-$AC125)/5+AL125 -> 108.67606 | AN125: =($AH125-$AC125)/5+AM125 -> 108.22533 | AO125: =($AH125-$AC125)/5+AN125 -> 107.7746 | AP125: =($AH125-$AC125)/5+AO125 -> 107.32387 | ... BE125: =($AH125-$AC125)/5+BD125 -> 100.56292
A126: Solid hydrocarbons | B126: Appliances (cooking) | C126: Rural Residential | D126: =-G88 -> 678.78501 | E126: =($I126-$D126)/5+D126 -> 641.03882 | F126: =($I126-$D126)/5+E126 -> 603.29263 | G126: =($I126-$D126)/5+F126 -> 565.54643 | H126: =($I126-$D126)/5+G126 -> 527.80024 | I126: =-H88 -> 490.05405 | J126: =($N126-$I126)/5+I126 -> 456.75692 | K126: =($N126-$I126)/5+J126 -> 423.4598 | L126: =($N126-$I126)/5+K126 -> 390.16267 | M126: =($N126-$I126)/5+L126 -> 356.86555 | N126: =-I88 -> 323.56842 | O126: =($S126-$N126)/5+N126 -> 299.0316 | P126: =($S126-$N126)/5+O126 -> 274.49477 | Q126: =($S126-$N126)/5+P126 -> 249.95795 | R126: =($S126-$N126)/5+Q126 -> 225.42113 | S126: =-J88 -> 200.8843 | T126: =($X126-$S126)/5+S126 -> 183.61382 | U126: =($X126-$S126)/5+T126 -> 166.34334 | V126: =($X126-$S126)/5+U126 -> 149.07286 | W126: =($X126-$S126)/5+V126 -> 131.80238 | X126: =-K88 -> 114.5319 | Y126: =($AC126-$X126)/5+X126 -> 110.07034 | Z126: =($AC126-$X126)/5+Y126 -> 105.60877 | AA126: =($AC126-$X126)/5+Z126 -> 101.14721 | AB126: =($AC126-$X126)/5+AA126 -> 96.685646 | AC126: =-L88 -> 92.224081 | AD126: =($AH126-$AC126)/5+AC126 -> 87.834094 | AE126: =($AH126-$AC126)/5+AD126 -> 83.444107 | AF126: =($AH126-$AC126)/5+AE126 -> 79.05412 | AG126: =($AH126-$AC126)/5+AF126 -> 74.664133 | AH126: =-M88 -> 70.274146 | AI126: =($AH126-$AC126)/5+AH126 -> 65.884159 | AJ126: =($AH126-$AC126)/5+AI126 -> 61.494171 | AK126: =($AH126-$AC126)/5+AJ126 -> 57.104184 | AL126: =($AH126-$AC126)/5+AK126 -> 52.714197 | AM126: =($AH126-$AC126)/5+AL126 -> 48.32421 | AN126: =($AH126-$AC126)/5+AM126 -> 43.934223 | AO126: =($AH126-$AC126)/5+AN126 -> 39.544236 | AP126: =($AH126-$AC126)/5+AO126 -> 35.154248 | ... BE126: =($AH126-$AC126)/5+BD126 -> -30.695559
A127: Gaseous hydrocarbons | B127: Appliances (cooking) | C127: Rural Residential | D127: =-G90 -> 13.743713 | E127: =($I127-$D127)/5+D127 -> 14.913701 | F127: =($I127-$D127)/5+E127 -> 16.08369 | G127: =($I127-$D127)/5+F127 -> 17.253678 | H127: =($I127-$D127)/5+G127 -> 18.423666 | I127: =-H90 -> 19.593655 | J127: =($N127-$I127)/5+I127 -> 20.555168 | K127: =($N127-$I127)/5+J127 -> 21.516681 | L127: =($N127-$I127)/5+K127 -> 22.478194 | M127: =($N127-$I127)/5+L127 -> 23.439707 | N127: =-I90 -> 24.40122 | O127: =($S127-$N127)/5+N127 -> 25.887209 | P127: =($S127-$N127)/5+O127 -> 27.373199 | Q127: =($S127-$N127)/5+P127 -> 28.859189 | R127: =($S127-$N127)/5+Q127 -> 30.345178 | S127: =-J90 -> 31.831168 | T127: =($X127-$S127)/5+S127 -> 33.620548 | U127: =($X127-$S127)/5+T127 -> 35.409928 | V127: =($X127-$S127)/5+U127 -> 37.199308 | W127: =($X127-$S127)/5+V127 -> 38.988688 | X127: =-K90 -> 40.778068 | Y127: =($AC127-$X127)/5+X127 -> 42.055913 | Z127: =($AC127-$X127)/5+Y127 -> 43.333759 | AA127: =($AC127-$X127)/5+Z127 -> 44.611604 | AB127: =($AC127-$X127)/5+AA127 -> 45.88945 | AC127: =-L90 -> 47.167295 | AD127: =($AH127-$AC127)/5+AC127 -> 48.335 | AE127: =($AH127-$AC127)/5+AD127 -> 49.502705 | AF127: =($AH127-$AC127)/5+AE127 -> 50.67041 | AG127: =($AH127-$AC127)/5+AF127 -> 51.838115 | AH127: =-M90 -> 53.00582 | AI127: =($AH127-$AC127)/5+AH127 -> 54.173525 | AJ127: =($AH127-$AC127)/5+AI127 -> 55.34123 | AK127: =($AH127-$AC127)/5+AJ127 -> 56.508935 | AL127: =($AH127-$AC127)/5+AK127 -> 57.67664 | AM127: =($AH127-$AC127)/5+AL127 -> 58.844345 | AN127: =($AH127-$AC127)/5+AM127 -> 60.01205 | AO127: =($AH127-$AC127)/5+AN127 -> 61.179755 | AP127: =($AH127-$AC127)/5+AO127 -> 62.34746 | ... BE127: =($AH127-$AC127)/5+BD127 -> 79.863036
A129: Total liquid hydrocarbons | B129: Appliances (cooking) | C129: Commercial | D129: =SUM(D122,D125) -> 135.2221 | E129: =SUM(E122,E125) -> 140.4219 | F129: =SUM(F122,F125) -> 145.6217 | G129: =SUM(G122,G125) -> 150.82149 | H129: =SUM(H122,H125) -> 156.02129 | I129: =SUM(I122,I125) -> 161.22109 | J129: =SUM(J122,J125) -> 163.632 | K129: =SUM(K122,K125) -> 166.04291 | ... BE129: =SUM(BE122,BE125) -> 182.00961
A131: Residential Electricity Breakdown
A132: End Use | B132: Building Type | C132: 2020
A133: Cooling | B133: Residential | C133: =H6/($H$61-H108) -> 0.04285151
A134: Lighting | B134: Residential | C134: =H15/($H$61-H108) -> 0.09348914
...

Sheet Conversion Factors
A1: BTU per GWh | F1: Weight to Volume Conversion
A2: This is a pure unit conversion. It does not involve a heat rate. | F2: Product | G2: Weight | H2: Volume | I2: Barrel
A3: =3.41214*10^9 -> 3412140000 | G3: (MT) | H3: (KL) | I3: (bbl)
F4: LPG | G4: 1 | H4: 1.844 | I4: 11.6
A5: BTU per PJ | F5: Petrol (MS) | G5: 1 | H5: 1.411 | I5: 8.88
A6: 947817120000 | F6: Diesel (HSD) | G6: 1 | H6: 1.21 | I6: 7.61
F7: Kerosene (SKO) | G7: 1 | H7: 1.285 | I7: 8.08
F8: ATF | G8: 1 | H8: 1.288 | I8: 8.1
A9: Energy in LPG | F9: Light Diesel Oil (LDO) | G9: 1 | H9: 1.172 | I9: 7.37
A10: 11300 | B10: kcal/kg | F10: Furnace Oil (FO) | G10: 1 | H10: 1.071 | I10: 6.74
A11: =A10*1000 -> 11300000 | B11: kcal/ton | F11: Crude Oil | G11: 1 | H11: 1.17 | I11: 7.33
A12: 3.96567 | B12: BTU/kcal | F12: Source: PPAC
A13: =A11*A12 -> 44812071 | B13: BTU/ton
A14: =A13*1000 -> 44812071000 | B14: BTU/thousand tons
A16: Energy in Kerosene
A17: 10450 | B17: kcal/kg
A18: =A17*1000 -> 10450000 | B18: kcal/ton
A19: 3.96567 | B19: BTU/kcal
A20: =A18*A19 -> 41441252 | B20: BTU/ton
A21: =A20*1000 -> 41441251500 | B21: BTU/thousand tons
A23: Energy in Biomass
A24: Wood wastes | B24: =AVERAGE(2500,3850) -> 3175 | C24: kcal/kg
A25: Cowdung | B25: =AVERAGE(3140,3290) -> 3215 | C25: kcal/kg
A26: Average of biomass fuels | B26: =AVERAGE(B24:B25) -> 3195 | C26: kcal/kg
B27: 3.96567 | C27: BTU/kcal
B28: =B26*B27 -> 12670.316 | C28: BTU/kg
A30: Energy in Petroleum Diesel
B31: 5.817 | C31: million BTU/barrel
B32: 7.61 | C32: barrel/MT
B33: =B32*B31 -> 44.26737 | C33: million BTU/MT
B34: =B33*1000 -> 44267.37 | C34: million BTU/'000 MT
B35: =B34*10^6 -> 44267370000 | C35: BTU/'000 MT

Sheet Calculations
A1: Building Type | B1: Fuel Type | C1: Service | D1: 2017 | E1: 2018 | F1: 2019 | G1: 2020 | H1: 2021 | I1: 2022 | J1: 2023 | K1: 2024 | L1: 2025 | M1: 2026 | N1: 2027 | O1: 2028 | P1: 2029 | Q1: 2030 | R1: 2031 | S1: 2032 | T1: 2033 | U1: 2034 | V1: 2035 | W1: 2036 | X1: 2037 | Y1: 2038 | Z1: 2039 | AA1: 2040 | AB1: 2041 | AC1: 2042 | AD1: 2043 | AE1: 2044 | AF1: 2045 | AG1: 2046 | AH1: 2047 | AI1: 2048 | AJ1: 2049 | AK1: 2050 | AL1: 2051 | AM1: 2052 | AN1: 2053 | AO1: 2054 | AP1: 2055 | AQ1: 2056 | AR1: 2057 | AS1: 2058 | AT1: 2059 | AU1: 2060 | AV1: 2061 | AW1: 2062 | AX1: 2063 | AY1: 2064 | AZ1: 2065 | BA1: 2066 | BB1: 2067 | BC1: 2068 | BD1: 2069 | BE1: 2070
A2: Urban Residential | B2: electricity (BTU) | C2: Heating | D2: 0 | E2: 0 | F2: 0 | G2: 0 | H2: 0 | I2: 0 | J2: 0 | K2: 0 | L2: 0 | M2: 0 | N2: 0 | O2: 0 | P2: 0 | Q2: 0 | R2: 0 | S2: 0 | T2: 0 | U2: 0 | V2: 0 | W2: 0 | X2: 0 | Y2: 0 | Z2: 0 | AA2: 0 | AB2: 0 | AC2: 0 | AD2: 0 | AE2: 0 | AF2: 0 | AG2: 0 | AH2: 0 | AI2: 0 | AJ2: 0 | AK2: 0 | AL2: 0 | AM2: 0 | AN2: 0 | AO2: 0 | AP2: 0 | AQ2: 0 | AR2: 0 | AS2: 0 | AT2: 0 | AU2: 0 | AV2: 0 | AW2: 0 | AX2: 0 | AY2: 0 | AZ2: 0 | BA2: 0 | BB2: 0 | BC2: 0 | BD2: 0 | BE2: 0
A3: Urban Residential | B3: electricity (BTU) | C3: Cooling and Ventilation | D3: =('Elec Use'!$D$24*BTU_per_GWh)*'IESS Demand'!$C133*'IESS Demand'!G$77*'IESS Demand'!D116/'IESS Demand'!$D116 -> 1.6657047e+13 | E3: =('Elec Use'!$D$18*BTU_per_GWh)*'IESS Demand'!$C133*'IESS Demand'!H$77*'IESS Demand'!E116/'IESS Demand'!$E116 -> 1.4006486e+13 | F3: =('Elec Use'!$D$19*BTU_per_GWh)*'IESS Demand'!$C133*'IESS Demand'!I$77*'IESS Demand'!F116/'IESS Demand'!$F116 -> 1.5065586e+13 | G3: =('Elec Use'!$D$19*BTU_per_GWh)*'IESS Demand'!$C133*'IESS Demand'!J$77*'IESS Demand'!G116/'IESS Demand'!$F116 -> 1.5825421e+13 | H3: =('Elec Use'!$D$19*BTU_per_GWh)*'IESS Demand'!$C133*'IESS Demand'!K$77*'IESS Demand'!H116/'IESS Demand'!$F116 -> 1.6592891e+13 | I3: =('Elec Use'!$D$19*BTU_per_GWh)*'IESS Demand'!$C133*'IESS Demand'!L$77*'IESS Demand'!I116/'IESS Demand'!$F116 -> 1.7367628e+13 | J3: =('Elec Use'!$D$19*BTU_per_GWh)*'IESS Demand'!$C133*'IESS Demand'!M$77*'IESS Demand'!J116/'IESS Demand'!$F116 -> 1.9954943e+13 | K3: =('Elec Use'!$D$19*BTU_per_GWh)*'IESS Demand'!$C133*'IESS Demand'!N$77*'IESS Demand'!K116/'IESS Demand'!$F116 -> 2.2636137e+13 | L3: =('Elec Use'!$D$19*BTU_per_GWh)*'IESS Demand'!$C133*'IESS Demand'!O$77*'IESS Demand'!L116/'IESS Demand'!$F116 -> 2.5383948e+13 | M3: =('Elec Use'!$D$19*BTU_per_GWh)*'IESS Demand'!$C133*'IESS Demand'!P$77*'IESS Demand'!M116/'IESS Demand'!$F116 -> 2.8195336e+13 | ... BE3: =('Elec Use'!$D$19*BTU_per_GWh)*'IESS Demand'!$C133*'IESS Demand'!BH$77*'IESS Demand'!BE116/'IESS Demand'!$F116 -> 5.1047076e+14
A4: Urban Residential | B4: electricity (BTU) | C4: Lighting | D4: =('Elec Use'!$D$24*BTU_per_GWh)*'IESS Demand'!$C134*'IESS Demand'!J$77*'IESS Demand'!H117/'IESS Demand'!$H117 -> 3.8464435e+13 | E4: =('Elec Use'!$D$18*BTU_per_GWh)*'IESS Demand'!$C134*'IESS Demand'!H$77*'IESS Demand'!E117/'IESS Demand'!$E117 -> 3.0557952e+13 | F4: =('Elec Use'!$D$19*BTU_per_GWh)*'IESS Demand'!$C134*'IESS Demand'!I$77*'IESS Demand'!F117/'IESS Demand'!$F117 -> 3.2868589e+13 | G4: =('Elec Use'!$D$19*BTU_per_GWh)*'IESS Demand'!$C134*'IESS Demand'!J$77*'IESS Demand'!G117/'IESS Demand'!$F117 -> 3.3749546e+13 | H4: =('Elec Use'!$D$19*BTU_per_GWh)*'IESS Demand'!$C134*'IESS Demand'!K$77*'IESS Demand'!H117/'IESS Demand'!$F117 -> 3.4618167e+13 | I4: =('Elec Use'!$D$19*BTU_per_GWh)*'IESS Demand'!$C134*'IESS Demand'!L$77*'IESS Demand'!I117/'IESS Demand'!$F117 -> 3.5475044e+13 | J4: =('Elec Use'!$D$19*BTU_per_GWh)*'IESS Demand'!$C134*'IESS Demand'!M$77*'IESS Demand'!J117/'IESS Demand'!$F117 -> 3.7113946e+13 | K4: =('Elec Use'!$D$19*BTU_per_GWh)*'IESS Demand'!$C134*'IESS Demand'!N$77*'IESS Demand'!K117/'IESS Demand'!$F117 -> 3.8817797e+13 | L4: =('Elec Use'!$D$19*BTU_per_GWh)*'IESS Demand'!$C134*'IESS Demand'!O$77*'IESS Demand'!L117/'IESS Demand'!$F117 -> 4.0536784e+13 | M4: =('Elec Use'!$D$19*BTU_per_GWh)*'IESS Demand'!$C134*'IESS Demand'!P$77*'IESS Demand'!M117/'IESS Demand'!$F117 -> 4.2270218e+13 | ... BE4: =('Elec Use'!$D$19*BTU_per_GWh)*'IESS Demand'!$C134*'IESS Demand'!BH$77*'IESS Demand'!BE117/'IESS Demand'!$F117 -> 1.9163723e+14
A5: Urban Residential | B5: electricity (BTU) | C5: Appliances | D5: =('Elec Use'!$D$17*BTU_per_GWh)*'IESS Demand'!$C135*'IESS Demand'!G$77*'IESS Demand'!D118/'IESS Demand'!$D118 -> 1.3488114e+14 | E5: =('Elec Use'!$D$18*BTU_per_GWh)*'IESS Demand'!$C135*'IESS Demand'!H$77*'IESS Demand'!E118/'IESS Demand'!$E118 -> 1.4666112e+14 | F5: =('Elec Use'!$D$19*BTU_per_GWh)*'IESS Demand'!$C135*'IESS Demand'!I$77*'IESS Demand'!F118/'IESS Demand'!$F118 -> 1.5775089e+14 | G5: =('Elec Use'!$D$19*BTU_per_GWh)*'IESS Demand'!$C135*'IESS Demand'!J$77*'IESS Demand'!G118/'IESS Demand'!$F118 -> 1.6899816e+14 | H5: =('Elec Use'!$D$19*BTU_per_GWh)*'IESS Demand'!$C135*'IESS Demand'!K$77*'IESS Demand'!H118/'IESS Demand'!$F118 -> 1.8044821e+14 | I5: =('Elec Use'!$D$19*BTU_per_GWh)*'IESS Demand'!$C135*'IESS Demand'!L$77*'IESS Demand'!I118/'IESS Demand'!$F118 -> 1.9209127e+14 | J5: =('Elec Use'!$D$19*BTU_per_GWh)*'IESS Demand'!$C135*'IESS Demand'!M$77*'IESS Demand'!J118/'IESS Demand'!$F118 -> 2.0668146e+14 | K5: =('Elec Use'!$D$19*BTU_per_GWh)*'IESS Demand'!$C135*'IESS Demand'!N$77*'IESS Demand'!K118/'IESS Demand'!$F118 -> 2.2182212e+14 | L5: =('Elec Use'!$D$19*BTU_per_GWh)*'IESS Demand'!$C135*'IESS Demand'!O$77*'IESS Demand'!L118/'IESS Demand'!$F118 -> 2.3723434e+14 | M5: =('Elec Use'!$D$19*BTU_per_GWh)*'IESS Demand'!$C135*'IESS Demand'!P$77*'IESS Demand'!M118/'IESS Demand'!$F118 -> 2.5290573e+14 | ... BE5: =('Elec Use'!$D$19*BTU_per_GWh)*'IESS Demand'!$C135*'IESS Demand'!BH$77*'IESS Demand'!BE118/'IESS Demand'!$F118 -> 1.2604079e+15
A6: Urban Residential | B6: electricity (BTU) | C6: Other | D6: =('Elec Use'!$D$17*BTU_per_GWh)*'IESS Demand'!$C136*'IESS Demand'!G$77*'IESS Demand'!D119/'IESS Demand'!$D119 -> 2.9380581e+13 | E6: =('Elec Use'!$D$18*BTU_per_GWh)*'IESS Demand'!$C136*'IESS Demand'!H$77*'IESS Demand'!E119/'IESS Demand'!$E119 -> 3.1946562e+13 | F6: =('Elec Use'!$D$19*BTU_per_GWh)*'IESS Demand'!$C136*'IESS Demand'!I$77*'IESS Demand'!F119/'IESS Demand'!$F119 -> 3.4362199e+13 | G6: =('Elec Use'!$D$19*BTU_per_GWh)*'IESS Demand'!$C136*'IESS Demand'!J$77*'IESS Demand'!G119/'IESS Demand'!$F119 -> 3.5038118e+13 | H6: =('Elec Use'!$D$24*BTU_per_GWh)*'IESS Demand'!$C136*'IESS Demand'!K$77*'IESS Demand'!H119/'IESS Demand'!$F119 -> 4.0962765e+13 | I6: =('Elec Use'!$D$19*BTU_per_GWh)*'IESS Demand'!$C136*'IESS Demand'!L$77*'IESS Demand'!I119/'IESS Demand'!$F119 -> 3.6324884e+13 | J6: =('Elec Use'!$D$19*BTU_per_GWh)*'IESS Demand'!$C136*'IESS Demand'!M$77*'IESS Demand'!J119/'IESS Demand'!$F119 -> 4.1509962e+13 | K6: =('Elec Use'!$D$19*BTU_per_GWh)*'IESS Demand'!$C136*'IESS Demand'!N$77*'IESS Demand'!K119/'IESS Demand'!$F119 -> 4.6883517e+13 | L6: =('Elec Use'!$D$19*BTU_per_GWh)*'IESS Demand'!$C136*'IESS Demand'!O$77*'IESS Demand'!L119/'IESS Demand'!$F119 -> 5.2388893e+13 | M6: =('Elec Use'!$D$19*BTU_per_GWh)*'IESS Demand'!$C136*'IESS Demand'!P$77*'IESS Demand'!M119/'IESS Demand'!$F119 -> 5.8020078e+13 | N6: =('Elec Use'!$D$19*BTU_per_GWh)*'IESS Demand'!$C136*'IESS Demand'!Q$77*'IESS Demand'!N119/'IESS Demand'!$F119 -> 6.3771419e+13 | O6: =('Elec Use'!$D$19*BTU_per_GWh)*'IESS Demand'!$C136*'IESS Demand'!R$77*'IESS Demand'!O119/'IESS Demand'!$F119 -> 7.2465809e+13 | P6: =('Elec Use'!$D$19*BTU_per_GWh)*'IESS Demand'!$C136*'IESS Demand'!S$77*'IESS Demand'!P119/'IESS Demand'!$F119 -> 8.1370466e+13 | ... BE6: =('Elec Use'!$D$19*BTU_per_GWh)*'IESS Demand'!$C136*'IESS Demand'!BH$77*'IESS Demand'!BE119/'IESS Demand'!$F119 -> 9.3536722e+14
A7: Rural Residential | B7: electricity (BTU) | C7: Heating | D7: 0 | E7: 0 | F7: 0 | G7: 0 | H7: 0 | I7: 0 | J7: 0 | K7: 0 | L7: 0 | M7: 0 | N7: 0 | O7: 0 | P7: 0 | Q7: 0 | R7: 0 | S7: 0 | T7: 0 | U7: 0 | V7: 0 | W7: 0 | X7: 0 | Y7: 0 | Z7: 0 | AA7: 0 | AB7: 0 | AC7: 0 | AD7: 0 | AE7: 0 | AF7: 0 | AG7: 0 | AH7: 0 | AI7: 0 | AJ7: 0 | AK7: 0 | AL7: 0 | AM7: 0 | AN7: 0 | AO7: 0 | AP7: 0 | AQ7: 0 | AR7: 0 | AS7: 0 | AT7: 0 | AU7: 0 | AV7: 0 | AW7: 0 | AX7: 0 | AY7: 0 | AZ7: 0 | BA7: 0 | BB7: 0 | BC7: 0 | BD7: 0 | BE7: 0
A8: Rural Residential | B8: electricity (BTU) | C8: Cooling and Ventilation | D8: =('Elec Use'!$D$17*BTU_per_GWh)*'IESS Demand'!$C133*'IESS Demand'!G$78*'IESS Demand'!D116/'IESS Demand'!$D116 -> 2.4524217e+13 | E8: =('Elec Use'!$D$18*BTU_per_GWh)*'IESS Demand'!$C133*'IESS Demand'!H$78*'IESS Demand'!E116/'IESS Demand'!$E116 -> 2.5989992e+13 | F8: =('Elec Use'!$D$19*BTU_per_GWh)*'IESS Demand'!$C133*'IESS Demand'!I$78*'IESS Demand'!F116/'IESS Demand'!$F116 -> 2.7079966e+13 | G8: =('Elec Use'!$D$19*BTU_per_GWh)*'IESS Demand'!$C133*'IESS Demand'!J$78*'IESS Demand'!G116/'IESS Demand'!$F116 -> 2.7591715e+13 | H8: =('Elec Use'!$D$24*BTU_per_GWh)*'IESS Demand'!$C133*'IESS Demand'!K$78*'IESS Demand'!H116/'IESS Demand'!$F116 -> 3.2244849e+13 | I8: =('Elec Use'!$D$19*BTU_per_GWh)*'IESS Demand'!$C133*'IESS Demand'!L$78*'IESS Demand'!I116/'IESS Demand'!$F116 -> 2.859268e+13 | J8: =('Elec Use'!$D$19*BTU_per_GWh)*'IESS Demand'!$C133*'IESS Demand'!M$78*'IESS Demand'!J116/'IESS Demand'!$F116 -> 3.197601e+13 | K8: =('Elec Use'!$D$19*BTU_per_GWh)*'IESS Demand'!$C133*'IESS Demand'!N$78*'IESS Demand'!K116/'IESS Demand'!$F116 -> 3.5265462e+13 | L8: =('Elec Use'!$D$19*BTU_per_GWh)*'IESS Demand'!$C133*'IESS Demand'!O$78*'IESS Demand'!L116/'IESS Demand'!$F116 -> 3.8488298e+13 | M8: =('Elec Use'!$D$19*BTU_per_GWh)*'IESS Demand'!$C133*'IESS Demand'!P$78*'IESS Demand'!M116/'IESS Demand'!$F116 -> 4.1647556e+13 | N8: =('Elec Use'!$D$19*BTU_per_GWh)*'IESS Demand'!$C133*'IESS Demand'!Q$78*'IESS Demand'!N116/'IESS Demand'!$F116 -> 4.4746093e+13 | O8: =('Elec Use'!$D$19*BTU_per_GWh)*'IESS Demand'!$C133*'IESS Demand'!R$78*'IESS Demand'!O116/'IESS Demand'!$F116 -> 4.9871578e+13 | P8: =('Elec Use'!$D$19*BTU_per_GWh)*'IESS Demand'!$C133*'IESS Demand'!S$78*'IESS Demand'!P116/'IESS Demand'!$F116 -> 5.4885049e+13 | ... BE8: =('Elec Use'!$D$19*BTU_per_GWh)*'IESS Demand'!$C133*'IESS Demand'!BH$78*'IESS Demand'!BE116/'IESS Demand'!$F116 -> 2.7613278e+14
A9: Rural Residential | B9: electricity (BTU) | C9: Lighting | D9: =('Elec Use'!$D$17*BTU_per_GWh)*'IESS Demand'!$C134*'IESS Demand'!G$78*'IESS Demand'!D117/'IESS Demand'!$D117 -> 5.3504486e+13 | E9: =('Elec Use'!$D$18*BTU_per_GWh)*'IESS Demand'!$C134*'IESS Demand'!H$78*'IESS Demand'!E117/'IESS Demand'!$E117 -> 5.6702366e+13 | F9: =('Elec Use'!$D$19*BTU_per_GWh)*'IESS Demand'!$C134*'IESS Demand'!I$78*'IESS Demand'!F117/'IESS Demand'!$F117 -> 5.9080362e+13 | G9: =('Elec Use'!$D$19*BTU_per_GWh)*'IESS Demand'!$C134*'IESS Demand'!J$78*'IESS Demand'!G117/'IESS Demand'!$F117 -> 5.8842532e+13 | H9: =('Elec Use'!$D$24*BTU_per_GWh)*'IESS Demand'!$C134*'IESS Demand'!K$78*'IESS Demand'!H117/'IESS Demand'!$F117 -> 6.7273239e+13 | I9: =('Elec Use'!$D$19*BTU_per_GWh)*'IESS Demand'!$C134*'IESS Demand'!L$78*'IESS Demand'!I117/'IESS Demand'!$F117 -> 5.8403288e+13 | J9: =('Elec Use'!$D$19*BTU_per_GWh)*'IESS Demand'!$C134*'IESS Demand'!M$78*'IESS Demand'!J117/'IESS Demand'!$F117 -> 5.9471776e+13 | K9: =('Elec Use'!$D$19*BTU_per_GWh)*'IESS Demand'!$C134*'IESS Demand'!N$78*'IESS Demand'!K117/'IESS Demand'!$F117 -> 6.0475315e+13 | L9: =('Elec Use'!$D$19*BTU_per_GWh)*'IESS Demand'!$C134*'IESS Demand'!O$78*'IESS Demand'!L117/'IESS Demand'!$F117 -> 6.1463718e+13 | M9: =('Elec Use'!$D$19*BTU_per_GWh)*'IESS Demand'!$C134*'IESS Demand'!P$78*'IESS Demand'!M117/'IESS Demand'!$F117 -> 6.2437675e+13 | N9: =('Elec Use'!$D$19*BTU_per_GWh)*'IESS Demand'!$C134*'IESS Demand'!Q$78*'IESS Demand'!N117/'IESS Demand'!$F117 -> 6.3397835e+13 | O9: =('Elec Use'!$D$19*BTU_per_GWh)*'IESS Demand'!$C134*'IESS Demand'!R$78*'IESS Demand'!O117/'IESS Demand'!$F117 -> 6.4820323e+13 | P9: =('Elec Use'!$D$19*BTU_per_GWh)*'IESS Demand'!$C134*'IESS Demand'!S$78*'IESS Demand'!P117/'IESS Demand'!$F117 -> 6.6215665e+13 | ... BE9: =('Elec Use'!$D$19*BTU_per_GWh)*'IESS Demand'!$C134*'IESS Demand'!BH$78*'IESS Demand'!BE117/'IESS Demand'!$F117 -> 1.0366377e+14
A10: Rural Residential | B10: electricity (BTU) | C10: Appliances | D10: =('Elec Use'!$D$17*BTU_per_GWh)*'IESS Demand'!$C135*'IESS Demand'!G$78*'IESS Demand'!D118/'IESS Demand'!$D118 -> 2.5679168e+14 | E10: =('Elec Use'!$D$18*BTU_per_GWh)*'IESS Demand'!$C135*'IESS Demand'!H$78*'IESS Demand'!E118/'IESS Demand'!$E118 -> 2.7213972e+14 | F10: =('Elec Use'!$D$19*BTU_per_GWh)*'IESS Demand'!$C135*'IESS Demand'!I$78*'IESS Demand'!F118/'IESS Demand'!$F118 -> 283552771406053 | G10: =('Elec Use'!$D$19*BTU_per_GWh)*'IESS Demand'!$C135*'IESS Demand'!J$78*'IESS Demand'!G118/'IESS Demand'!$F118 -> 2.9464929e+14 | H10: =('Elec Use'!$D$24*BTU_per_GWh)*'IESS Demand'!$C135*'IESS Demand'!K$78*'IESS Demand'!H118/'IESS Demand'!$F118 -> 3.5066374e+14 | I10: =('Elec Use'!$D$24*BTU_per_GWh)*'IESS Demand'!$C135*'IESS Demand'!L$78*'IESS Demand'!I118/'IESS Demand'!$F118 -> 3.629447e+14 | J10: =('Elec Use'!$D$24*BTU_per_GWh)*'IESS Demand'!$C135*'IESS Demand'!M$78*'IESS Demand'!J118/'IESS Demand'!$F118 -> 3.800964e+14 | K10: =('Elec Use'!$D$24*BTU_per_GWh)*'IESS Demand'!$C135*'IESS Demand'!N$78*'IESS Demand'!K118/'IESS Demand'!$F118 -> 3.9661632e+14 | L10: =('Elec Use'!$D$24*BTU_per_GWh)*'IESS Demand'!$C135*'IESS Demand'!O$78*'IESS Demand'!L118/'IESS Demand'!$F118 -> 4.1282459e+14 | M10: =('Elec Use'!$D$24*BTU_per_GWh)*'IESS Demand'!$C135*'IESS Demand'!P$78*'IESS Demand'!M118/'IESS Demand'!$F118 -> 4.2873543e+14 | N10: =('Elec Use'!$D$24*BTU_per_GWh)*'IESS Demand'!$C135*'IESS Demand'!Q$78*'IESS Demand'!N118/'IESS Demand'!$F118 -> 4.4436219e+14 | O10: =('Elec Use'!$D$24*BTU_per_GWh)*'IESS Demand'!$C135*'IESS Demand'!R$78*'IESS Demand'!O118/'IESS Demand'!$F118 -> 4.6136866e+14 | ... BE10: =('Elec Use'!$D$24*BTU_per_GWh)*'IESS Demand'!$C135*'IESS Demand'!BH$78*'IESS Demand'!BE118/'IESS Demand'!$F118 -> 7.8248621e+14
A11: Rural Residential | B11: electricity (BTU) | C11: Other | D11: =('Elec Use'!$D$17*BTU_per_GWh)*'IESS Demand'!$C136*'IESS Demand'!G$78*'IESS Demand'!D119/'IESS Demand'!$D119 -> 5.5935829e+13 | E11: =('Elec Use'!$D$18*BTU_per_GWh)*'IESS Demand'!$C136*'IESS Demand'!H$78*'IESS Demand'!E119/'IESS Demand'!$E119 -> 5.9279027e+13 | F11: =('Elec Use'!$D$19*BTU_per_GWh)*'IESS Demand'!$C136*'IESS Demand'!I$78*'IESS Demand'!F119/'IESS Demand'!$F119 -> 6.1765083e+13 | G11: =('Elec Use'!$D$19*BTU_per_GWh)*'IESS Demand'!$C136*'IESS Demand'!J$78*'IESS Demand'!G119/'IESS Demand'!$F119 -> 6.1089164e+13 | H11: =('Elec Use'!$D$19*BTU_per_GWh)*'IESS Demand'!$C136*'IESS Demand'!K$78*'IESS Demand'!H119/'IESS Demand'!$F119 -> 6.0435289e+13 | I11: =('Elec Use'!$D$19*BTU_per_GWh)*'IESS Demand'!$C136*'IESS Demand'!L$78*'IESS Demand'!I119/'IESS Demand'!$F119 -> 5.9802398e+13 | J11: =('Elec Use'!$D$19*BTU_per_GWh)*'IESS Demand'!$C136*'IESS Demand'!M$78*'IESS Demand'!J119/'IESS Demand'!$F119 -> 6.6515998e+13 | K11: =('Elec Use'!$D$19*BTU_per_GWh)*'IESS Demand'!$C136*'IESS Demand'!N$78*'IESS Demand'!K119/'IESS Demand'!$F119 -> 7.3041122e+13 | L11: =('Elec Use'!$D$19*BTU_per_GWh)*'IESS Demand'!$C136*'IESS Demand'!O$78*'IESS Demand'!L119/'IESS Demand'!$F119 -> 7.9434425e+13 | M11: =('Elec Use'!$D$19*BTU_per_GWh)*'IESS Demand'!$C136*'IESS Demand'!P$78*'IESS Demand'!M119/'IESS Demand'!$F119 -> 8.5701919e+13 | ... BE11: =('Elec Use'!$D$19*BTU_per_GWh)*'IESS Demand'!$C136*'IESS Demand'!BH$78*'IESS Demand'!BE119/'IESS Demand'!$F119 -> 5.0597521e+14
A12: Commercial | B12: electricity (BTU) | C12: Heating | D12: 0 | E12: 0 | F12: 0 | G12: 0 | H12: 0 | I12: 0 | J12: 0 | K12: 0 | L12: 0 | M12: 0 | N12: 0 | O12: 0 | P12: 0 | Q12: 0 | R12: 0 | S12: 0 | T12: 0 | U12: 0 | V12: 0 | W12: 0 | X12: 0 | Y12: 0 | Z12: 0 | AA12: 0 | AB12: 0 | AC12: 0 | AD12: 0 | AE12: 0 | AF12: 0 | AG12: 0 | AH12: 0 | AI12: 0 | AJ12: 0 | AK12: 0 | AL12: 0 | AM12: 0 | AN12: 0 | AO12: 0 | AP12: 0 | AQ12: 0 | AR12: 0 | AS12: 0 | AT12: 0 | AU12: 0 | AV12: 0 | AW12: 0 | AX12: 0 | AY12: 0 | AZ12: 0 | BA12: 0 | BB12: 0 | BC12: 0 | BD12: 0 | BE12: 0
A13: Commercial | B13: electricity (BTU) | C13: Cooling and Ventilation | D13: =('Elec Use'!$E$17*BTU_per_GWh)*'IESS Demand'!$C167*'IESS Demand'!C160/'IESS Demand'!$C160 -> 1.8115555e+14 | E13: =('Elec Use'!$E$18*BTU_per_GWh)*'IESS Demand'!$C167*'IESS Demand'!D160/'IESS Demand'!$D160 -> 1.8908143e+14 | F13: =('Elec Use'!$E$19*BTU_per_GWh)*'IESS Demand'!$C167*'IESS Demand'!E160/'IESS Demand'!$E160 -> 1.981024e+14 | G13: =('Elec Use'!$E$19*BTU_per_GWh)*'IESS Demand'!$C167*'IESS Demand'!F160/'IESS Demand'!$E160 -> 2.0676738e+14 | H13: =('Elec Use'!$E$24*BTU_per_GWh)*'IESS Demand'!$C167*'IESS Demand'!G160/'IESS Demand'!$E160 -> 1.9069822e+14 | I13: =('Elec Use'!$E$19*BTU_per_GWh)*'IESS Demand'!$C167*'IESS Demand'!H160/'IESS Demand'!$E160 -> 2.2409735e+14 | J13: =('Elec Use'!$E$19*BTU_per_GWh)*'IESS Demand'!$C167*'IESS Demand'!I160/'IESS Demand'!$E160 -> 2.3648852e+14 | K13: =('Elec Use'!$E$19*BTU_per_GWh)*'IESS Demand'!$C167*'IESS Demand'!J160/'IESS Demand'!$E160 -> 2.4887969e+14 | L13: =('Elec Use'!$E$19*BTU_per_GWh)*'IESS Demand'!$C167*'IESS Demand'!K160/'IESS Demand'!$E160 -> 2.6127087e+14 | M13: =('Elec Use'!$E$19*BTU_per_GWh)*'IESS Demand'!$C167*'IESS Demand'!L160/'IESS Demand'!$E160 -> 2.7366204e+14 | N13: =('Elec Use'!$E$19*BTU_per_GWh)*'IESS Demand'!$C167*'IESS Demand'!M160/'IESS Demand'!$E160 -> 2.8605321e+14 | O13: =('Elec Use'!$E$19*BTU_per_GWh)*'IESS Demand'!$C167*'IESS Demand'!N160/'IESS Demand'!$E160 -> 3.0440671e+14 | P13: =('Elec Use'!$E$19*BTU_per_GWh)*'IESS Demand'!$C167*'IESS Demand'!O160/'IESS Demand'!$E160 -> 3.2276021e+14 | ... BE13: =('Elec Use'!$E$19*BTU_per_GWh)*'IESS Demand'!$C167*'IESS Demand'!BD160/'IESS Demand'!$E160 -> 1.6786618e+15
A14: Commercial | B14: electricity (BTU) | C14: Lighting | D14: =('Elec Use'!$E$17*BTU_per_GWh)*'IESS Demand'!$C168*'IESS Demand'!C161/'IESS Demand'!$C161 -> 3.7652421e+13 | E14: =('Elec Use'!$E$18*BTU_per_GWh)*'IESS Demand'!$C168*'IESS Demand'!D161/'IESS Demand'!$D161 -> 3.929978e+13 | F14: =('Elec Use'!$E$19*BTU_per_GWh)*'IESS Demand'!$C168*'IESS Demand'!E161/'IESS Demand'!$E161 -> 4.1174751e+13 | G14: =('Elec Use'!$E$19*BTU_per_GWh)*'IESS Demand'!$C168*'IESS Demand'!F161/'IESS Demand'!$E161 -> 4.215154e+13 | H14: =('Elec Use'!$E$24*BTU_per_GWh)*'IESS Demand'!$C168*'IESS Demand'!G161/'IESS Demand'!$E161 -> 3.8176694e+13 | I14: =('Elec Use'!$E$19*BTU_per_GWh)*'IESS Demand'!$C168*'IESS Demand'!H161/'IESS Demand'!$E161 -> 4.4105118e+13 | J14: =('Elec Use'!$E$19*BTU_per_GWh)*'IESS Demand'!$C168*'IESS Demand'!I161/'IESS Demand'!$E161 -> 4.5537087e+13 | K14: =('Elec Use'!$E$19*BTU_per_GWh)*'IESS Demand'!$C168*'IESS Demand'!J161/'IESS Demand'!$E161 -> 4.6969055e+13 | L14: =('Elec Use'!$E$19*BTU_per_GWh)*'IESS Demand'!$C168*'IESS Demand'!K161/'IESS Demand'!$E161 -> 4.8401024e+13 | M14: =('Elec Use'!$E$19*BTU_per_GWh)*'IESS Demand'!$C168*'IESS Demand'!L161/'IESS Demand'!$E161 -> 4.9832992e+13 | N14: =('Elec Use'!$E$19*BTU_per_GWh)*'IESS Demand'!$C168*'IESS Demand'!M161/'IESS Demand'!$E161 -> 51264960799005 | O14: =('Elec Use'!$E$19*BTU_per_GWh)*'IESS Demand'!$C168*'IESS Demand'!N161/'IESS Demand'!$E161 -> 5.3405225e+13 | P14: =('Elec Use'!$E$19*BTU_per_GWh)*'IESS Demand'!$C168*'IESS Demand'!O161/'IESS Demand'!$E161 -> 5.5545489e+13 | ... BE14: =('Elec Use'!$E$19*BTU_per_GWh)*'IESS Demand'!$C168*'IESS Demand'!BD161/'IESS Demand'!$E161 -> 3.3021525e+14
A15: Commercial | B15: electricity (BTU) | C15: Appliances | D15: =('Elec Use'!$E$17*BTU_per_GWh)*'IESS Demand'!$C169*'IESS Demand'!C162/'IESS Demand'!$C162 -> 5.7688405e+13 | E15: =('Elec Use'!$E$18*BTU_per_GWh)*'IESS Demand'!$C169*'IESS Demand'!D162/'IESS Demand'!$D162 -> 6.0212373e+13 | F15: =('Elec Use'!$E$19*BTU_per_GWh)*'IESS Demand'!$C169*'IESS Demand'!E162/'IESS Demand'!$E162 -> 6.3085072e+13 | G15: =('Elec Use'!$E$19*BTU_per_GWh)*'IESS Demand'!$C169*'IESS Demand'!F162/'IESS Demand'!$E162 -> 6.4728891e+13 | H15: =('Elec Use'!$E$24*BTU_per_GWh)*'IESS Demand'!$C169*'IESS Demand'!G162/'IESS Demand'!$E162 -> 5.8752349e+13 | I15: =('Elec Use'!$E$19*BTU_per_GWh)*'IESS Demand'!$C169*'IESS Demand'!H162/'IESS Demand'!$E162 -> 6.8016529e+13 | J15: =('Elec Use'!$E$19*BTU_per_GWh)*'IESS Demand'!$C169*'IESS Demand'!I162/'IESS Demand'!$E162 -> 6.9453496e+13 | K15: =('Elec Use'!$E$19*BTU_per_GWh)*'IESS Demand'!$C169*'IESS Demand'!J162/'IESS Demand'!$E162 -> 7.0890463e+13 | L15: =('Elec Use'!$E$19*BTU_per_GWh)*'IESS Demand'!$C169*'IESS Demand'!K162/'IESS Demand'!$E162 -> 7.232743e+13 | M15: =('Elec Use'!$E$19*BTU_per_GWh)*'IESS Demand'!$C169*'IESS Demand'!L162/'IESS Demand'!$E162 -> 7.3764397e+13 | N15: =('Elec Use'!$E$19*BTU_per_GWh)*'IESS Demand'!$C169*'IESS Demand'!M162/'IESS Demand'!$E162 -> 7.5201364e+13 | O15: =('Elec Use'!$E$19*BTU_per_GWh)*'IESS Demand'!$C169*'IESS Demand'!N162/'IESS Demand'!$E162 -> 7.6855825e+13 | P15: =('Elec Use'!$E$19*BTU_per_GWh)*'IESS Demand'!$C169*'IESS Demand'!O162/'IESS Demand'!$E162 -> 7.8510286e+13 | ... BE15: =('Elec Use'!$E$19*BTU_per_GWh)*'IESS Demand'!$C169*'IESS Demand'!BD162/'IESS Demand'!$E162 -> 1.3780799e+14
A16: Commercial | B16: electricity (BTU) | C16: Other | D16: =('Elec Use'!$E$17*BTU_per_GWh)*'IESS Demand'!$C170*'IESS Demand'!C163/'IESS Demand'!$C163 -> 2.9999095e+13 | E16: =('Elec Use'!$E$18*BTU_per_GWh)*'IESS Demand'!$C170*'IESS Demand'!D163/'IESS Demand'!$D163 -> 3.1311608e+13 | F16: =('Elec Use'!$E$19*BTU_per_GWh)*'IESS Demand'!$C170*'IESS Demand'!E163/'IESS Demand'!$E163 -> 3.2805468e+13 | G16: =('Elec Use'!$E$19*BTU_per_GWh)*'IESS Demand'!$C170*'IESS Demand'!F163/'IESS Demand'!$E163 -> 3.381106e+13 | H16: =('Elec Use'!$E$24*BTU_per_GWh)*'IESS Demand'!$C170*'IESS Demand'!G163/'IESS Demand'!$E163 -> 3.0819295e+13 | I16: =('Elec Use'!$E$24*BTU_per_GWh)*'IESS Demand'!$C170*'IESS Demand'!H163/'IESS Demand'!$E163 -> 3.1709434e+13 | J16: =('Elec Use'!$E$24*BTU_per_GWh)*'IESS Demand'!$C170*'IESS Demand'!I163/'IESS Demand'!$E163 -> 3.250376e+13 | K16: =('Elec Use'!$E$24*BTU_per_GWh)*'IESS Demand'!$C170*'IESS Demand'!J163/'IESS Demand'!$E163 -> 3.3298086e+13 | L16: =('Elec Use'!$E$24*BTU_per_GWh)*'IESS Demand'!$C170*'IESS Demand'!K163/'IESS Demand'!$E163 -> 3.4092412e+13 | M16: =('Elec Use'!$E$24*BTU_per_GWh)*'IESS Demand'!$C170*'IESS Demand'!L163/'IESS Demand'!$E163 -> 3.4886738e+13 | N16: =('Elec Use'!$E$24*BTU_per_GWh)*'IESS Demand'!$C170*'IESS Demand'!M163/'IESS Demand'!$E163 -> 3.5681064e+13 | O16: =('Elec Use'!$E$24*BTU_per_GWh)*'IESS Demand'!$C170*'IESS Demand'!N163/'IESS Demand'!$E163 -> 3.7179202e+13 | ... BE16: =('Elec Use'!$E$24*BTU_per_GWh)*'IESS Demand'!$C170*'IESS Demand'!BD163/'IESS Demand'!$E163 -> 1.6690584e+14
A17: Urban Residential | B17: coal (BTU) | C17: Heating | D17: 0 | E17: 0 | F17: 0 | G17: 0 | H17: 0 | I17: 0 | J17: 0 | K17: 0 | L17: 0 | M17: 0 | N17: 0 | O17: 0 | P17: 0 | Q17: 0 | R17: 0 | S17: 0 | T17: 0 | U17: 0 | V17: 0 | W17: 0 | X17: 0 | Y17: 0 | Z17: 0 | AA17: 0 | AB17: 0 | AC17: 0 | AD17: 0 | AE17: 0 | AF17: 0 | AG17: 0 | AH17: 0 | AI17: 0 | AJ17: 0 | AK17: 0 | AL17: 0 | AM17: 0 | AN17: 0 | AO17: 0 | AP17: 0 | AQ17: 0 | AR17: 0 | AS17: 0 | AT17: 0 | AU17: 0 | AV17: 0 | AW17: 0 | AX17: 0 | AY17: 0 | AZ17: 0 | BA17: 0 | BB17: 0 | BC17: 0 | BD17: 0 | BE17: 0
A18: Urban Residential | B18: coal (BTU) | C18: Cooling and Ventilation | D18: 0 | E18: 0 | F18: 0 | G18: 0 | H18: 0 | I18: 0 | J18: 0 | K18: 0 | L18: 0 | M18: 0 | N18: 0 | O18: 0 | P18: 0 | Q18: 0 | R18: 0 | S18: 0 | T18: 0 | U18: 0 | V18: 0 | W18: 0 | X18: 0 | Y18: 0 | Z18: 0 | AA18: 0 | AB18: 0 | AC18: 0 | AD18: 0 | AE18: 0 | AF18: 0 | AG18: 0 | AH18: 0 | AI18: 0 | AJ18: 0 | AK18: 0 | AL18: 0 | AM18: 0 | AN18: 0 | AO18: 0 | AP18: 0 | AQ18: 0 | AR18: 0 | AS18: 0 | AT18: 0 | AU18: 0 | AV18: 0 | AW18: 0 | AX18: 0 | AY18: 0 | AZ18: 0 | BA18: 0 | BB18: 0 | BC18: 0 | BD18: 0 | BE18: 0
A19: Urban Residential | B19: coal (BTU) | C19: Lighting | D19: 0 | E19: 0 | F19: 0 | G19: 0 | H19: 0 | I19: 0 | J19: 0 | K19: 0 | L19: 0 | M19: 0 | N19: 0 | O19: 0 | P19: 0 | Q19: 0 | R19: 0 | S19: 0 | T19: 0 | U19: 0 | V19: 0 | W19: 0 | X19: 0 | Y19: 0 | Z19: 0 | AA19: 0 | AB19: 0 | AC19: 0 | AD19: 0 | AE19: 0 | AF19: 0 | AG19: 0 | AH19: 0 | AI19: 0 | AJ19: 0 | AK19: 0 | AL19: 0 | AM19: 0 | AN19: 0 | AO19: 0 | AP19: 0 | AQ19: 0 | AR19: 0 | AS19: 0 | AT19: 0 | AU19: 0 | AV19: 0 | AW19: 0 | AX19: 0 | AY19: 0 | AZ19: 0 | BA19: 0 | BB19: 0 | BC19: 0 | BD19: 0 | BE19: 0
A20: Urban Residential | B20: coal (BTU) | C20: Appliances | D20: 0 | E20: 0 | F20: 0 | G20: 0 | H20: 0 | I20: 0 | J20: 0 | K20: 0 | L20: 0 | M20: 0 | N20: 0 | O20: 0 | P20: 0 | Q20: 0 | R20: 0 | S20: 0 | T20: 0 | U20: 0 | V20: 0 | W20: 0 | X20: 0 | Y20: 0 | Z20: 0 | AA20: 0 | AB20: 0 | AC20: 0 | AD20: 0 | AE20: 0 | AF20: 0 | AG20: 0 | AH20: 0 | AI20: 0 | AJ20: 0 | AK20: 0 | AL20: 0 | AM20: 0 | AN20: 0 | AO20: 0 | AP20: 0 | AQ20: 0 | AR20: 0 | AS20: 0 | AT20: 0 | AU20: 0 | AV20: 0 | AW20: 0 | AX20: 0 | AY20: 0 | AZ20: 0 | BA20: 0 | BB20: 0 | BC20: 0 | BD20: 0 | BE20: 0
A21: Urban Residential | B21: coal (BTU) | C21: Other | D21: 0 | E21: 0 | F21: 0 | G21: 0 | H21: 0 | I21: 0 | J21: 0 | K21: 0 | L21: 0 | M21: 0 | N21: 0 | O21: 0 | P21: 0 | Q21: 0 | R21: 0 | S21: 0 | T21: 0 | U21: 0 | V21: 0 | W21: 0 | X21: 0 | Y21: 0 | Z21: 0 | AA21: 0 | AB21: 0 | AC21: 0 | AD21: 0 | AE21: 0 | AF21: 0 | AG21: 0 | AH21: 0 | AI21: 0 | AJ21: 0 | AK21: 0 | AL21: 0 | AM21: 0 | AN21: 0 | AO21: 0 | AP21: 0 | AQ21: 0 | AR21: 0 | AS21: 0 | AT21: 0 | AU21: 0 | AV21: 0 | AW21: 0 | AX21: 0 | AY21: 0 | AZ21: 0 | BA21: 0 | BB21: 0 | BC21: 0 | BD21: 0 | BE21: 0
A22: Rural Residential | B22: coal (BTU) | C22: Heating | D22: 0 | E22: 0 | F22: 0 | G22: 0 | H22: 0 | I22: 0 | J22: 0 | K22: 0 | L22: 0 | M22: 0 | N22: 0 | O22: 0 | P22: 0 | Q22: 0 | R22: 0 | S22: 0 | T22: 0 | U22: 0 | V22: 0 | W22: 0 | X22: 0 | Y22: 0 | Z22: 0 | AA22: 0 | AB22: 0 | AC22: 0 | AD22: 0 | AE22: 0 | AF22: 0 | AG22: 0 | AH22: 0 | AI22: 0 | AJ22: 0 | AK22: 0 | AL22: 0 | AM22: 0 | AN22: 0 | AO22: 0 | AP22: 0 | AQ22: 0 | AR22: 0 | AS22: 0 | AT22: 0 | AU22: 0 | AV22: 0 | AW22: 0 | AX22: 0 | AY22: 0 | AZ22: 0 | BA22: 0 | BB22: 0 | BC22: 0 | BD22: 0 | BE22: 0
A23: Rural Residential | B23: coal (BTU) | C23: Cooling and Ventilation | D23: 0 | E23: 0 | F23: 0 | G23: 0 | H23: 0 | I23: 0 | J23: 0 | K23: 0 | L23: 0 | M23: 0 | N23: 0 | O23: 0 | P23: 0 | Q23: 0 | R23: 0 | S23: 0 | T23: 0 | U23: 0 | V23: 0 | W23: 0 | X23: 0 | Y23: 0 | Z23: 0 | AA23: 0 | AB23: 0 | AC23: 0 | AD23: 0 | AE23: 0 | AF23: 0 | AG23: 0 | AH23: 0 | AI23: 0 | AJ23: 0 | AK23: 0 | AL23: 0 | AM23: 0 | AN23: 0 | AO23: 0 | AP23: 0 | AQ23: 0 | AR23: 0 | AS23: 0 | AT23: 0 | AU23: 0 | AV23: 0 | AW23: 0 | AX23: 0 | AY23: 0 | AZ23: 0 | BA23: 0 | BB23: 0 | BC23: 0 | BD23: 0 | BE23: 0
A24: Rural Residential | B24: coal (BTU) | C24: Lighting | D24: 0 | E24: 0 | F24: 0 | G24: 0 | H24: 0 | I24: 0 | J24: 0 | K24: 0 | L24: 0 | M24: 0 | N24: 0 | O24: 0 | P24: 0 | Q24: 0 | R24: 0 | S24: 0 | T24: 0 | U24: 0 | V24: 0 | W24: 0 | X24: 0 | Y24: 0 | Z24: 0 | AA24: 0 | AB24: 0 | AC24: 0 | AD24: 0 | AE24: 0 | AF24: 0 | AG24: 0 | AH24: 0 | AI24: 0 | AJ24: 0 | AK24: 0 | AL24: 0 | AM24: 0 | AN24: 0 | AO24: 0 | AP24: 0 | AQ24: 0 | AR24: 0 | AS24: 0 | AT24: 0 | AU24: 0 | AV24: 0 | AW24: 0 | AX24: 0 | AY24: 0 | AZ24: 0 | BA24: 0 | BB24: 0 | BC24: 0 | BD24: 0 | BE24: 0
A25: Rural Residential | B25: coal (BTU) | C25: Appliances | D25: 0 | E25: 0 | F25: 0 | G25: 0 | H25: 0 | I25: 0 | J25: 0 | K25: 0 | L25: 0 | M25: 0 | N25: 0 | O25: 0 | P25: 0 | Q25: 0 | R25: 0 | S25: 0 | T25: 0 | U25: 0 | V25: 0 | W25: 0 | X25: 0 | Y25: 0 | Z25: 0 | AA25: 0 | AB25: 0 | AC25: 0 | AD25: 0 | AE25: 0 | AF25: 0 | AG25: 0 | AH25: 0 | AI25: 0 | AJ25: 0 | AK25: 0 | AL25: 0 | AM25: 0 | AN25: 0 | AO25: 0 | AP25: 0 | AQ25: 0 | AR25: 0 | AS25: 0 | AT25: 0 | AU25: 0 | AV25: 0 | AW25: 0 | AX25: 0 | AY25: 0 | AZ25: 0 | BA25: 0 | BB25: 0 | BC25: 0 | BD25: 0 | BE25: 0
A26: Rural Residential | B26: coal (BTU) | C26: Other | D26: 0 | E26: 0 | F26: 0 | G26: 0 | H26: 0 | I26: 0 | J26: 0 | K26: 0 | L26: 0 | M26: 0 | N26: 0 | O26: 0 | P26: 0 | Q26: 0 | R26: 0 | S26: 0 | T26: 0 | U26: 0 | V26: 0 | W26: 0 | X26: 0 | Y26: 0 | Z26: 0 | AA26: 0 | AB26: 0 | AC26: 0 | AD26: 0 | AE26: 0 | AF26: 0 | AG26: 0 | AH26: 0 | AI26: 0 | AJ26: 0 | AK26: 0 | AL26: 0 | AM26: 0 | AN26: 0 | AO26: 0 | AP26: 0 | AQ26: 0 | AR26: 0 | AS26: 0 | AT26: 0 | AU26: 0 | AV26: 0 | AW26: 0 | AX26: 0 | AY26: 0 | AZ26: 0 | BA26: 0 | BB26: 0 | BC26: 0 | BD26: 0 | BE26: 0
A27: Commercial | B27: coal (BTU) | C27: Heating | D27: ='Summed Activity Data'!$E$40*BTU_per_PJ*'IESS Demand'!D129/'IESS Demand'!$D$129 -> 0 | E27: ='Summed Activity Data'!$E$40*BTU_per_PJ*'IESS Demand'!E129/'IESS Demand'!$D$129 -> 0 | F27: ='Summed Activity Data'!$E$40*BTU_per_PJ*'IESS Demand'!F129/'IESS Demand'!$D$129 -> 0 | G27: ='Summed Activity Data'!$E$40*BTU_per_PJ*'IESS Demand'!G129/'IESS Demand'!$D$129 -> 0 | H27: ='Summed Activity Data'!$E$40*BTU_per_PJ*'IESS Demand'!H129/'IESS Demand'!$D$129 -> 0 | I27: ='Summed Activity Data'!$E$40*BTU_per_PJ*'IESS Demand'!I129/'IESS Demand'!$D$129 -> 0 | J27: ='Summed Activity Data'!$E$40*BTU_per_PJ*'IESS Demand'!J129/'IESS Demand'!$D$129 -> 0 | K27: ='Summed Activity Data'!$E$40*BTU_per_PJ*'IESS Demand'!K129/'IESS Demand'!$D$129 -> 0 | ... BE27: ='Summed Activity Data'!$E$40*BTU_per_PJ*'IESS Demand'!BE129/'IESS Demand'!$D$129 -> 0
A28: Commercial | B28: coal (BTU) | C28: Cooling and Ventilation | D28: 0 | E28: 0 | F28: 0 | G28: 0 | H28: 0 | I28: 0 | J28: 0 | K28: 0 | L28: 0 | M28: 0 | N28: 0 | O28: 0 | P28: 0 | Q28: 0 | R28: 0 | S28: 0 | T28: 0 | U28: 0 | V28: 0 | W28: 0 | X28: 0 | Y28: 0 | Z28: 0 | AA28: 0 | AB28: 0 | AC28: 0 | AD28: 0 | AE28: 0 | AF28: 0 | AG28: 0 | AH28: 0 | AI28: 0 | AJ28: 0 | AK28: 0 | AL28: 0 | AM28: 0 | AN28: 0 | AO28: 0 | AP28: 0 | AQ28: 0 | AR28: 0 | AS28: 0 | AT28: 0 | AU28: 0 | AV28: 0 | AW28: 0 | AX28: 0 | AY28: 0 | AZ28: 0 | BA28: 0 | BB28: 0 | BC28: 0 | BD28: 0 | BE28: 0
A29: Commercial | B29: coal (BTU) | C29: Lighting | D29: 0 | E29: 0 | F29: 0 | G29: 0 | H29: 0 | I29: 0 | J29: 0 | K29: 0 | L29: 0 | M29: 0 | N29: 0 | O29: 0 | P29: 0 | Q29: 0 | R29: 0 | S29: 0 | T29: 0 | U29: 0 | V29: 0 | W29: 0 | X29: 0 | Y29: 0 | Z29: 0 | AA29: 0 | AB29: 0 | AC29: 0 | AD29: 0 | AE29: 0 | AF29: 0 | AG29: 0 | AH29: 0 | AI29: 0 | AJ29: 0 | AK29: 0 | AL29: 0 | AM29: 0 | AN29: 0 | AO29: 0 | AP29: 0 | AQ29: 0 | AR29: 0 | AS29: 0 | AT29: 0 | AU29: 0 | AV29: 0 | AW29: 0 | AX29: 0 | AY29: 0 | AZ29: 0 | BA29: 0 | BB29: 0 | BC29: 0 | BD29: 0 | BE29: 0
A30: Commercial | B30: coal (BTU) | C30: Appliances | D30: 0 | E30: 0 | F30: 0 | G30: 0 | H30: 0 | I30: 0 | J30: 0 | K30: 0 | L30: 0 | M30: 0 | N30: 0 | O30: 0 | P30: 0 | Q30: 0 | R30: 0 | S30: 0 | T30: 0 | U30: 0 | V30: 0 | W30: 0 | X30: 0 | Y30: 0 | Z30: 0 | AA30: 0 | AB30: 0 | AC30: 0 | AD30: 0 | AE30: 0 | AF30: 0 | AG30: 0 | AH30: 0 | AI30: 0 | AJ30: 0 | AK30: 0 | AL30: 0 | AM30: 0 | AN30: 0 | AO30: 0 | AP30: 0 | AQ30: 0 | AR30: 0 | AS30: 0 | AT30: 0 | AU30: 0 | AV30: 0 | AW30: 0 | AX30: 0 | AY30: 0 | AZ30: 0 | BA30: 0 | BB30: 0 | BC30: 0 | BD30: 0 | BE30: 0
A31: Commercial | B31: coal (BTU) | C31: Other | D31: 0 | E31: 0 | F31: 0 | G31: 0 | H31: 0 | I31: 0 | J31: 0 | K31: 0 | L31: 0 | M31: 0 | N31: 0 | O31: 0 | P31: 0 | Q31: 0 | R31: 0 | S31: 0 | T31: 0 | U31: 0 | V31: 0 | W31: 0 | X31: 0 | Y31: 0 | Z31: 0 | AA31: 0 | AB31: 0 | AC31: 0 | AD31: 0 | AE31: 0 | AF31: 0 | AG31: 0 | AH31: 0 | AI31: 0 | AJ31: 0 | AK31: 0 | AL31: 0 | AM31: 0 | AN31: 0 | AO31: 0 | AP31: 0 | AQ31: 0 | AR31: 0 | AS31: 0 | AT31: 0 | AU31: 0 | AV31: 0 | AW31: 0 | AX31: 0 | AY31: 0 | AZ31: 0 | BA31: 0 | BB31: 0 | BC31: 0 | BD31: 0 | BE31: 0
A32: Urban Residential | B32: natural gas (BTU) | C32: Heating | D32: 0 | E32: 0 | F32: 0 | G32: 0 | H32: 0 | I32: 0 | J32: 0 | K32: 0 | L32: 0 | M32: 0 | N32: 0 | O32: 0 | P32: 0 | Q32: 0 | R32: 0 | S32: 0 | T32: 0 | U32: 0 | V32: 0 | W32: 0 | X32: 0 | Y32: 0 | Z32: 0 | AA32: 0 | AB32: 0 | AC32: 0 | AD32: 0 | AE32: 0 | AF32: 0 | AG32: 0 | AH32: 0 | AI32: 0 | AJ32: 0 | AK32: 0 | AL32: 0 | AM32: 0 | AN32: 0 | AO32: 0 | AP32: 0 | AQ32: 0 | AR32: 0 | AS32: 0 | AT32: 0 | AU32: 0 | AV32: 0 | AW32: 0 | AX32: 0 | AY32: 0 | AZ32: 0 | BA32: 0 | BB32: 0 | BC32: 0 | BD32: 0 | BE32: 0
A33: Urban Residential | B33: natural gas (BTU) | C33: Cooling and Ventilation | D33: 0 | E33: 0 | F33: 0 | G33: 0 | H33: 0 | I33: 0 | J33: 0 | K33: 0 | L33: 0 | M33: 0 | N33: 0 | O33: 0 | P33: 0 | Q33: 0 | R33: 0 | S33: 0 | T33: 0 | U33: 0 | V33: 0 | W33: 0 | X33: 0 | Y33: 0 | Z33: 0 | AA33: 0 | AB33: 0 | AC33: 0 | AD33: 0 | AE33: 0 | AF33: 0 | AG33: 0 | AH33: 0 | AI33: 0 | AJ33: 0 | AK33: 0 | AL33: 0 | AM33: 0 | AN33: 0 | AO33: 0 | AP33: 0 | AQ33: 0 | AR33: 0 | AS33: 0 | AT33: 0 | AU33: 0 | AV33: 0 | AW33: 0 | AX33: 0 | AY33: 0 | AZ33: 0 | BA33: 0 | BB33: 0 | BC33: 0 | BD33: 0 | BE33: 0
A34: Urban Residential | B34: natural gas (BTU) | C34: Lighting | D34: 0 | E34: 0 | F34: 0 | G34: 0 | H34: 0 | I34: 0 | J34: 0 | K34: 0 | L34: 0 | M34: 0 | N34: 0 | O34: 0 | P34: 0 | Q34: 0 | R34: 0 | S34: 0 | T34: 0 | U34: 0 | V34: 0 | W34: 0 | X34: 0 | Y34: 0 | Z34: 0 | AA34: 0 | AB34: 0 | AC34: 0 | AD34: 0 | AE34: 0 | AF34: 0 | AG34: 0 | AH34: 0 | AI34: 0 | AJ34: 0 | AK34: 0 | AL34: 0 | AM34: 0 | AN34: 0 | AO34: 0 | AP34: 0 | AQ34: 0 | AR34: 0 | AS34: 0 | AT34: 0 | AU34: 0 | AV34: 0 | AW34: 0 | AX34: 0 | AY34: 0 | AZ34: 0 | BA34: 0 | BB34: 0 | BC34: 0 | BD34: 0 | BE34: 0
A35: Urban Residential | B35: natural gas (BTU) | C35: Appliances | D35: =BTU_per_GWh*1000*'IESS Demand'!D124 -> 7.9673864e+13 | E35: =BTU_per_GWh*1000*'IESS Demand'!E124 -> 8.8372454e+13 | F35: =BTU_per_GWh*1000*'IESS Demand'!F124 -> 9.7071044e+13 | G35: =BTU_per_GWh*1000*'IESS Demand'!G124 -> 1.0576963e+14 | H35: =BTU_per_GWh*1000*'IESS Demand'!H124 -> 1.1446822e+14 | I35: =BTU_per_GWh*1000*'IESS Demand'!I124 -> 1.2316681e+14 | J35: =BTU_per_GWh*1000*'IESS Demand'!J124 -> 1.3557068e+14 | K35: =BTU_per_GWh*1000*'IESS Demand'!K124 -> 1.4797454e+14 | ... BE35: =BTU_per_GWh*1000*'IESS Demand'!BE124 -> 5.1249934e+14
A36: Urban Residential | B36: natural gas (BTU) | C36: Other | D36: 0 | E36: 0 | F36: 0 | G36: 0 | H36: 0 | I36: 0 | J36: 0 | K36: 0 | L36: 0 | M36: 0 | N36: 0 | O36: 0 | P36: 0 | Q36: 0 | R36: 0 | S36: 0 | T36: 0 | U36: 0 | V36: 0 | W36: 0 | X36: 0 | Y36: 0 | Z36: 0 | AA36: 0 | AB36: 0 | AC36: 0 | AD36: 0 | AE36: 0 | AF36: 0 | AG36: 0 | AH36: 0 | AI36: 0 | AJ36: 0 | AK36: 0 | AL36: 0 | AM36: 0 | AN36: 0 | AO36: 0 | AP36: 0 | AQ36: 0 | AR36: 0 | AS36: 0 | AT36: 0 | AU36: 0 | AV36: 0 | AW36: 0 | AX36: 0 | AY36: 0 | AZ36: 0 | BA36: 0 | BB36: 0 | BC36: 0 | BD36: 0 | BE36: 0
A37: Rural Residential | B37: natural gas (BTU) | C37: Heating | D37: 0 | E37: 0 | F37: 0 | G37: 0 | H37: 0 | I37: 0 | J37: 0 | K37: 0 | L37: 0 | M37: 0 | N37: 0 | O37: 0 | P37: 0 | Q37: 0 | R37: 0 | S37: 0 | T37: 0 | U37: 0 | V37: 0 | W37: 0 | X37: 0 | Y37: 0 | Z37: 0 | AA37: 0 | AB37: 0 | AC37: 0 | AD37: 0 | AE37: 0 | AF37: 0 | AG37: 0 | AH37: 0 | AI37: 0 | AJ37: 0 | AK37: 0 | AL37: 0 | AM37: 0 | AN37: 0 | AO37: 0 | AP37: 0 | AQ37: 0 | AR37: 0 | AS37: 0 | AT37: 0 | AU37: 0 | AV37: 0 | AW37: 0 | AX37: 0 | AY37: 0 | AZ37: 0 | BA37: 0 | BB37: 0 | BC37: 0 | BD37: 0 | BE37: 0
A38: Rural Residential | B38: natural gas (BTU) | C38: Cooling and Ventilation | D38: 0 | E38: 0 | F38: 0 | G38: 0 | H38: 0 | I38: 0 | J38: 0 | K38: 0 | L38: 0 | M38: 0 | N38: 0 | O38: 0 | P38: 0 | Q38: 0 | R38: 0 | S38: 0 | T38: 0 | U38: 0 | V38: 0 | W38: 0 | X38: 0 | Y38: 0 | Z38: 0 | AA38: 0 | AB38: 0 | AC38: 0 | AD38: 0 | AE38: 0 | AF38: 0 | AG38: 0 | AH38: 0 | AI38: 0 | AJ38: 0 | AK38: 0 | AL38: 0 | AM38: 0 | AN38: 0 | AO38: 0 | AP38: 0 | AQ38: 0 | AR38: 0 | AS38: 0 | AT38: 0 | AU38: 0 | AV38: 0 | AW38: 0 | AX38: 0 | AY38: 0 | AZ38: 0 | BA38: 0 | BB38: 0 | BC38: 0 | BD38: 0 | BE38: 0
A39: Rural Residential | B39: natural gas (BTU) | C39: Lighting | D39: 0 | E39: 0 | F39: 0 | G39: 0 | H39: 0 | I39: 0 | J39: 0 | K39: 0 | L39: 0 | M39: 0 | N39: 0 | O39: 0 | P39: 0 | Q39: 0 | R39: 0 | S39: 0 | T39: 0 | U39: 0 | V39: 0 | W39: 0 | X39: 0 | Y39: 0 | Z39: 0 | AA39: 0 | AB39: 0 | AC39: 0 | AD39: 0 | AE39: 0 | AF39: 0 | AG39: 0 | AH39: 0 | AI39: 0 | AJ39: 0 | AK39: 0 | AL39: 0 | AM39: 0 | AN39: 0 | AO39: 0 | AP39: 0 | AQ39: 0 | AR39: 0 | AS39: 0 | AT39: 0 | AU39: 0 | AV39: 0 | AW39: 0 | AX39: 0 | AY39: 0 | AZ39: 0 | BA39: 0 | BB39: 0 | BC39: 0 | BD39: 0 | BE39: 0
A40: Rural Residential | B40: natural gas (BTU) | C40: Appliances | D40: =BTU_per_GWh*1000*'IESS Demand'!D127 -> 4.6895472e+13 | E40: =BTU_per_GWh*1000*'IESS Demand'!E127 -> 5.0887636e+13 | F40: =BTU_per_GWh*1000*'IESS Demand'!F127 -> 5.48798e+13 | G40: =BTU_per_GWh*1000*'IESS Demand'!G127 -> 5.8871965e+13 | H40: =BTU_per_GWh*1000*'IESS Demand'!H127 -> 6.2864129e+13 | I40: =BTU_per_GWh*1000*'IESS Demand'!I127 -> 66856292947929 | J40: =BTU_per_GWh*1000*'IESS Demand'!J127 -> 7.013711e+13 | K40: =BTU_per_GWh*1000*'IESS Demand'!K127 -> 7.3417927e+13 | ... BE40: =BTU_per_GWh*1000*'IESS Demand'!BE127 -> 2.7250386e+14
A41: Rural Residential | B41: natural gas (BTU) | C41: Other | D41: 0 | E41: 0 | F41: 0 | G41: 0 | H41: 0 | I41: 0 | J41: 0 | K41: 0 | L41: 0 | M41: 0 | N41: 0 | O41: 0 | P41: 0 | Q41: 0 | R41: 0 | S41: 0 | T41: 0 | U41: 0 | V41: 0 | W41: 0 | X41: 0 | Y41: 0 | Z41: 0 | AA41: 0 | AB41: 0 | AC41: 0 | AD41: 0 | AE41: 0 | AF41: 0 | AG41: 0 | AH41: 0 | AI41: 0 | AJ41: 0 | AK41: 0 | AL41: 0 | AM41: 0 | AN41: 0 | AO41: 0 | AP41: 0 | AQ41: 0 | AR41: 0 | AS41: 0 | AT41: 0 | AU41: 0 | AV41: 0 | AW41: 0 | AX41: 0 | AY41: 0 | AZ41: 0 | BA41: 0 | BB41: 0 | BC41: 0 | BD41: 0 | BE41: 0
A42: Commercial | B42: natural gas (BTU) | C42: Heating | D42: 0 | E42: 0 | F42: 0 | G42: 0 | H42: 0 | I42: 0 | J42: 0 | K42: 0 | L42: 0 | M42: 0 | N42: 0 | O42: 0 | P42: 0 | Q42: 0 | R42: 0 | S42: 0 | T42: 0 | U42: 0 | V42: 0 | W42: 0 | X42: 0 | Y42: 0 | Z42: 0 | AA42: 0 | AB42: 0 | AC42: 0 | AD42: 0 | AE42: 0 | AF42: 0 | AG42: 0 | AH42: 0 | AI42: 0 | AJ42: 0 | AK42: 0 | AL42: 0 | AM42: 0 | AN42: 0 | AO42: 0 | AP42: 0 | AQ42: 0 | AR42: 0 | AS42: 0 | AT42: 0 | AU42: 0 | AV42: 0 | AW42: 0 | AX42: 0 | AY42: 0 | AZ42: 0 | BA42: 0 | BB42: 0 | BC42: 0 | BD42: 0 | BE42: 0
A43: Commercial | B43: natural gas (BTU) | C43: Cooling and Ventilation | D43: 0 | E43: 0 | F43: 0 | G43: 0 | H43: 0 | I43: 0 | J43: 0 | K43: 0 | L43: 0 | M43: 0 | N43: 0 | O43: 0 | P43: 0 | Q43: 0 | R43: 0 | S43: 0 | T43: 0 | U43: 0 | V43: 0 | W43: 0 | X43: 0 | Y43: 0 | Z43: 0 | AA43: 0 | AB43: 0 | AC43: 0 | AD43: 0 | AE43: 0 | AF43: 0 | AG43: 0 | AH43: 0 | AI43: 0 | AJ43: 0 | AK43: 0 | AL43: 0 | AM43: 0 | AN43: 0 | AO43: 0 | AP43: 0 | AQ43: 0 | AR43: 0 | AS43: 0 | AT43: 0 | AU43: 0 | AV43: 0 | AW43: 0 | AX43: 0 | AY43: 0 | AZ43: 0 | BA43: 0 | BB43: 0 | BC43: 0 | BD43: 0 | BE43: 0
A44: Commercial | B44: natural gas (BTU) | C44: Lighting | D44: 0 | E44: 0 | F44: 0 | G44: 0 | H44: 0 | I44: 0 | J44: 0 | K44: 0 | L44: 0 | M44: 0 | N44: 0 | O44: 0 | P44: 0 | Q44: 0 | R44: 0 | S44: 0 | T44: 0 | U44: 0 | V44: 0 | W44: 0 | X44: 0 | Y44: 0 | Z44: 0 | AA44: 0 | AB44: 0 | AC44: 0 | AD44: 0 | AE44: 0 | AF44: 0 | AG44: 0 | AH44: 0 | AI44: 0 | AJ44: 0 | AK44: 0 | AL44: 0 | AM44: 0 | AN44: 0 | AO44: 0 | AP44: 0 | AQ44: 0 | AR44: 0 | AS44: 0 | AT44: 0 | AU44: 0 | AV44: 0 | AW44: 0 | AX44: 0 | AY44: 0 | AZ44: 0 | BA44: 0 | BB44: 0 | BC44: 0 | BD44: 0 | BE44: 0
A45: Commercial | B45: natural gas (BTU) | C45: Appliances | D45: 0 | E45: 0 | F45: 0 | G45: 0 | H45: 0 | I45: 0 | J45: 0 | K45: 0 | L45: 0 | M45: 0 | N45: 0 | O45: 0 | P45: 0 | Q45: 0 | R45: 0 | S45: 0 | T45: 0 | U45: 0 | V45: 0 | W45: 0 | X45: 0 | Y45: 0 | Z45: 0 | AA45: 0 | AB45: 0 | AC45: 0 | AD45: 0 | AE45: 0 | AF45: 0 | AG45: 0 | AH45: 0 | AI45: 0 | AJ45: 0 | AK45: 0 | AL45: 0 | AM45: 0 | AN45: 0 | AO45: 0 | AP45: 0 | AQ45: 0 | AR45: 0 | AS45: 0 | AT45: 0 | AU45: 0 | AV45: 0 | AW45: 0 | AX45: 0 | AY45: 0 | AZ45: 0 | BA45: 0 | BB45: 0 | BC45: 0 | BD45: 0 | BE45: 0
A46: Commercial | B46: natural gas (BTU) | C46: Other | D46: 0 | E46: 0 | F46: 0 | G46: 0 | H46: 0 | I46: 0 | J46: 0 | K46: 0 | L46: 0 | M46: 0 | N46: 0 | O46: 0 | P46: 0 | Q46: 0 | R46: 0 | S46: 0 | T46: 0 | U46: 0 | V46: 0 | W46: 0 | X46: 0 | Y46: 0 | Z46: 0 | AA46: 0 | AB46: 0 | AC46: 0 | AD46: 0 | AE46: 0 | AF46: 0 | AG46: 0 | AH46: 0 | AI46: 0 | AJ46: 0 | AK46: 0 | AL46: 0 | AM46: 0 | AN46: 0 | AO46: 0 | AP46: 0 | AQ46: 0 | AR46: 0 | AS46: 0 | AT46: 0 | AU46: 0 | AV46: 0 | AW46: 0 | AX46: 0 | AY46: 0 | AZ46: 0 | BA46: 0 | BB46: 0 | BC46: 0 | BD46: 0 | BE46: 0
A47: Urban Residential | B47: petroleum diesel (BTU) | C47: Heating | D47: 0 | E47: 0 | F47: 0 | G47: 0 | H47: 0 | I47: 0 | J47: 0 | K47: 0 | L47: 0 | M47: 0 | N47: 0 | O47: 0 | P47: 0 | Q47: 0 | R47: 0 | S47: 0 | T47: 0 | U47: 0 | V47: 0 | W47: 0 | X47: 0 | Y47: 0 | Z47: 0 | AA47: 0 | AB47: 0 | AC47: 0 | AD47: 0 | AE47: 0 | AF47: 0 | AG47: 0 | AH47: 0 | AI47: 0 | AJ47: 0 | AK47: 0 | AL47: 0 | AM47: 0 | AN47: 0 | AO47: 0 | AP47: 0 | AQ47: 0 | AR47: 0 | AS47: 0 | AT47: 0 | AU47: 0 | AV47: 0 | AW47: 0 | AX47: 0 | AY47: 0 | AZ47: 0 | BA47: 0 | BB47: 0 | BC47: 0 | BD47: 0 | BE47: 0
A48: Urban Residential | B48: petroleum diesel (BTU) | C48: Cooling and Ventilation | D48: 0 | E48: 0 | F48: 0 | G48: 0 | H48: 0 | I48: 0 | J48: 0 | K48: 0 | L48: 0 | M48: 0 | N48: 0 | O48: 0 | P48: 0 | Q48: 0 | R48: 0 | S48: 0 | T48: 0 | U48: 0 | V48: 0 | W48: 0 | X48: 0 | Y48: 0 | Z48: 0 | AA48: 0 | AB48: 0 | AC48: 0 | AD48: 0 | AE48: 0 | AF48: 0 | AG48: 0 | AH48: 0 | AI48: 0 | AJ48: 0 | AK48: 0 | AL48: 0 | AM48: 0 | AN48: 0 | AO48: 0 | AP48: 0 | AQ48: 0 | AR48: 0 | AS48: 0 | AT48: 0 | AU48: 0 | AV48: 0 | AW48: 0 | AX48: 0 | AY48: 0 | AZ48: 0 | BA48: 0 | BB48: 0 | BC48: 0 | BD48: 0 | BE48: 0
A49: Urban Residential | B49: petroleum diesel (BTU) | C49: Lighting | D49: 0 | E49: 0 | F49: 0 | G49: 0 | H49: 0 | I49: 0 | J49: 0 | K49: 0 | L49: 0 | M49: 0 | N49: 0 | O49: 0 | P49: 0 | Q49: 0 | R49: 0 | S49: 0 | T49: 0 | U49: 0 | V49: 0 | W49: 0 | X49: 0 | Y49: 0 | Z49: 0 | AA49: 0 | AB49: 0 | AC49: 0 | AD49: 0 | AE49: 0 | AF49: 0 | AG49: 0 | AH49: 0 | AI49: 0 | AJ49: 0 | AK49: 0 | AL49: 0 | AM49: 0 | AN49: 0 | AO49: 0 | AP49: 0 | AQ49: 0 | AR49: 0 | AS49: 0 | AT49: 0 | AU49: 0 | AV49: 0 | AW49: 0 | AX49: 0 | AY49: 0 | AZ49: 0 | BA49: 0 | BB49: 0 | BC49: 0 | BD49: 0 | BE49: 0
A50: Urban Residential | B50: petroleum diesel (BTU) | C50: Appliances | D50: 0 | E50: 0 | F50: 0 | G50: 0 | H50: 0 | I50: 0 | J50: 0 | K50: 0 | L50: 0 | M50: 0 | N50: 0 | O50: 0 | P50: 0 | Q50: 0 | R50: 0 | S50: 0 | T50: 0 | U50: 0 | V50: 0 | W50: 0 | X50: 0 | Y50: 0 | Z50: 0 | AA50: 0 | AB50: 0 | AC50: 0 | AD50: 0 | AE50: 0 | AF50: 0 | AG50: 0 | AH50: 0 | AI50: 0 | AJ50: 0 | AK50: 0 | AL50: 0 | AM50: 0 | AN50: 0 | AO50: 0 | AP50: 0 | AQ50: 0 | AR50: 0 | AS50: 0 | AT50: 0 | AU50: 0 | AV50: 0 | AW50: 0 | AX50: 0 | AY50: 0 | AZ50: 0 | BA50: 0 | BB50: 0 | BC50: 0 | BD50: 0 | BE50: 0
A51: Urban Residential | B51: petroleum diesel (BTU) | C51: Other | D51: 0 | E51: 0 | F51: 0 | G51: 0 | H51: 0 | I51: 0 | J51: 0 | K51: 0 | L51: 0 | M51: 0 | N51: 0 | O51: 0 | P51: 0 | Q51: 0 | R51: 0 | S51: 0 | T51: 0 | U51: 0 | V51: 0 | W51: 0 | X51: 0 | Y51: 0 | Z51: 0 | AA51: 0 | AB51: 0 | AC51: 0 | AD51: 0 | AE51: 0 | AF51: 0 | AG51: 0 | AH51: 0 | AI51: 0 | AJ51: 0 | AK51: 0 | AL51: 0 | AM51: 0 | AN51: 0 | AO51: 0 | AP51: 0 | AQ51: 0 | AR51: 0 | AS51: 0 | AT51: 0 | AU51: 0 | AV51: 0 | AW51: 0 | AX51: 0 | AY51: 0 | AZ51: 0 | BA51: 0 | BB51: 0 | BC51: 0 | BD51: 0 | BE51: 0
A52: Rural Residential | B52: petroleum diesel (BTU) | C52: Heating | D52: 0 | E52: 0 | F52: 0 | G52: 0 | H52: 0 | I52: 0 | J52: 0 | K52: 0 | L52: 0 | M52: 0 | N52: 0 | O52: 0 | P52: 0 | Q52: 0 | R52: 0 | S52: 0 | T52: 0 | U52: 0 | V52: 0 | W52: 0 | X52: 0 | Y52: 0 | Z52: 0 | AA52: 0 | AB52: 0 | AC52: 0 | AD52: 0 | AE52: 0 | AF52: 0 | AG52: 0 | AH52: 0 | AI52: 0 | AJ52: 0 | AK52: 0 | AL52: 0 | AM52: 0 | AN52: 0 | AO52: 0 | AP52: 0 | AQ52: 0 | AR52: 0 | AS52: 0 | AT52: 0 | AU52: 0 | AV52: 0 | AW52: 0 | AX52: 0 | AY52: 0 | AZ52: 0 | BA52: 0 | BB52: 0 | BC52: 0 | BD52: 0 | BE52: 0
... A79: Urban Residential | B79: biomass (BTU) | C79: Lighting | D79: 0 | E79: 0 | F79: 0 | G79: 0 | H79: 0 | I79: 0 | J79: 0 | K79: 0 | L79: 0 | M79: 0 | N79: 0 | O79: 0 | P79: 0 | Q79: 0 | R79: 0 | S79: 0 | T79: 0 | U79: 0 | V79: 0 | W79: 0 | X79: 0 | Y79: 0 | Z79: 0 | AA79: 0 | AB79: 0 | AC79: 0 | AD79: 0 | AE79: 0 | AF79: 0 | AG79: 0 | AH79: 0 | AI79: 0 | AJ79: 0 | AK79: 0 | AL79: 0 | AM79: 0 | AN79: 0 | AO79: 0 | AP79: 0 | AQ79: 0 | AR79: 0 | AS79: 0 | AT79: 0 | AU79: 0 | AV79: 0 | AW79: 0 | AX79: 0 | AY79: 0 | AZ79: 0 | BA79: 0 | BB79: 0 | BC79: 0 | BD79: 0 | BE79: 0
A80: Urban Residential | B80: biomass (BTU) | C80: Appliances | D80: =MAX((-'IESS Demand'!$G$98*BTU_per_GWh*1000+'Summed Activity Data'!$B$40*BTU_per_PJ*('IESS Demand'!$G$98/SUM('IESS Demand'!$G$98,'IESS Demand'!$G$88)))*'IESS Demand'!D123/'IESS Demand'!$D$123,0) -> 4.456917e+14 | E80: =MAX((-'IESS Demand'!$G$98*BTU_per_GWh*1000+'Summed Activity Data'!$B$40*BTU_per_PJ*('IESS Demand'!$G$98/SUM('IESS Demand'!$G$98,'IESS Demand'!$G$88)))*'IESS Demand'!E123/'IESS Demand'!$D$123,0) -> 4.1385575e+14 | F80: =MAX((-'IESS Demand'!$G$98*BTU_per_GWh*1000+'Summed Activity Data'!$B$40*BTU_per_PJ*('IESS Demand'!$G$98/SUM('IESS Demand'!$G$98,'IESS Demand'!$G$88)))*'IESS Demand'!F123/'IESS Demand'!$D$123,0) -> 3.820198e+14 | G80: =MAX((-'IESS Demand'!$G$98*BTU_per_GWh*1000+'Summed Activity Data'!$B$40*BTU_per_PJ*('IESS Demand'!$G$98/SUM('IESS Demand'!$G$98,'IESS Demand'!$G$88)))*'IESS Demand'!G123/'IESS Demand'!$D$123,0) -> 3.5018385e+14 | H80: =MAX((-'IESS Demand'!$G$98*BTU_per_GWh*1000+'Summed Activity Data'!$B$40*BTU_per_PJ*('IESS Demand'!$G$98/SUM('IESS Demand'!$G$98,'IESS Demand'!$G$88)))*'IESS Demand'!H123/'IESS Demand'!$D$123,0) -> 3.183479e+14 | I80: =MAX((-'IESS Demand'!$G$98*BTU_per_GWh*1000+'Summed Activity Data'!$B$40*BTU_per_PJ*('IESS Demand'!$G$98/SUM('IESS Demand'!$G$98,'IESS Demand'!$G$88)))*'IESS Demand'!I123/'IESS Demand'!$D$123,0) -> 2.8651196e+14 | J80: =MAX((-'IESS Demand'!$G$98*BTU_per_GWh*1000+'Summed Activity Data'!$B$40*BTU_per_PJ*('IESS Demand'!$G$98/SUM('IESS Demand'!$G$98,'IESS Demand'!$G$88)))*'IESS Demand'!J123/'IESS Demand'!$D$123,0) -> 2.5190171e+14 | K80: =MAX((-'IESS Demand'!$G$98*BTU_per_GWh*1000+'Summed Activity Data'!$B$40*BTU_per_PJ*('IESS Demand'!$G$98/SUM('IESS Demand'!$G$98,'IESS Demand'!$G$88)))*'IESS Demand'!K123/'IESS Demand'!$D$123,0) -> 2.1729146e+14 | ... BE80: =MAX((-'IESS Demand'!$G$98*BTU_per_GWh*1000+'Summed Activity Data'!$B$40*BTU_per_PJ*('IESS Demand'!$G$98/SUM('IESS Demand'!$G$98,'IESS Demand'!$G$88)))*'IESS Demand'!BE123/'IESS Demand'!$D$123,0) -> 0
A81: Urban Residential | B81: biomass (BTU) | C81: Other | D81: 0 | E81: 0 | F81: 0 | G81: 0 | H81: 0 | I81: 0 | J81: 0 | K81: 0 | L81: 0 | M81: 0 | N81: 0 | O81: 0 | P81: 0 | Q81: 0 | R81: 0 | S81: 0 | T81: 0 | U81: 0 | V81: 0 | W81: 0 | X81: 0 | Y81: 0 | Z81: 0 | AA81: 0 | AB81: 0 | AC81: 0 | AD81: 0 | AE81: 0 | AF81: 0 | AG81: 0 | AH81: 0 | AI81: 0 | AJ81: 0 | AK81: 0 | AL81: 0 | AM81: 0 | AN81: 0 | AO81: 0 | AP81: 0 | AQ81: 0 | AR81: 0 | AS81: 0 | AT81: 0 | AU81: 0 | AV81: 0 | AW81: 0 | AX81: 0 | AY81: 0 | AZ81: 0 | BA81: 0 | BB81: 0 | BC81: 0 | BD81: 0 | BE81: 0
A82: Rural Residential | B82: biomass (BTU) | C82: Heating | D82: 0 | E82: 0 | F82: 0 | G82: 0 | H82: 0 | I82: 0 | J82: 0 | K82: 0 | L82: 0 | M82: 0 | N82: 0 | O82: 0 | P82: 0 | Q82: 0 | R82: 0 | S82: 0 | T82: 0 | U82: 0 | V82: 0 | W82: 0 | X82: 0 | Y82: 0 | Z82: 0 | AA82: 0 | AB82: 0 | AC82: 0 | AD82: 0 | AE82: 0 | AF82: 0 | AG82: 0 | AH82: 0 | AI82: 0 | AJ82: 0 | AK82: 0 | AL82: 0 | AM82: 0 | AN82: 0 | AO82: 0 | AP82: 0 | AQ82: 0 | AR82: 0 | AS82: 0 | AT82: 0 | AU82: 0 | AV82: 0 | AW82: 0 | AX82: 0 | AY82: 0 | AZ82: 0 | BA82: 0 | BB82: 0 | BC82: 0 | BD82: 0 | BE82: 0
A83: Rural Residential | B83: biomass (BTU) | C83: Cooling and Ventilation | D83: 0 | E83: 0 | F83: 0 | G83: 0 | H83: 0 | I83: 0 | J83: 0 | K83: 0 | L83: 0 | M83: 0 | N83: 0 | O83: 0 | P83: 0 | Q83: 0 | R83: 0 | S83: 0 | T83: 0 | U83: 0 | V83: 0 | W83: 0 | X83: 0 | Y83: 0 | Z83: 0 | AA83: 0 | AB83: 0 | AC83: 0 | AD83: 0 | AE83: 0 | AF83: 0 | AG83: 0 | AH83: 0 | AI83: 0 | AJ83: 0 | AK83: 0 | AL83: 0 | AM83: 0 | AN83: 0 | AO83: 0 | AP83: 0 | AQ83: 0 | AR83: 0 | AS83: 0 | AT83: 0 | AU83: 0 | AV83: 0 | AW83: 0 | AX83: 0 | AY83: 0 | AZ83: 0 | BA83: 0 | BB83: 0 | BC83: 0 | BD83: 0 | BE83: 0
A84: Rural Residential | B84: biomass (BTU) | C84: Lighting | D84: 0 | E84: 0 | F84: 0 | G84: 0 | H84: 0 | I84: 0 | J84: 0 | K84: 0 | L84: 0 | M84: 0 | N84: 0 | O84: 0 | P84: 0 | Q84: 0 | R84: 0 | S84: 0 | T84: 0 | U84: 0 | V84: 0 | W84: 0 | X84: 0 | Y84: 0 | Z84: 0 | AA84: 0 | AB84: 0 | AC84: 0 | AD84: 0 | AE84: 0 | AF84: 0 | AG84: 0 | AH84: 0 | AI84: 0 | AJ84: 0 | AK84: 0 | AL84: 0 | AM84: 0 | AN84: 0 | AO84: 0 | AP84: 0 | AQ84: 0 | AR84: 0 | AS84: 0 | AT84: 0 | AU84: 0 | AV84: 0 | AW84: 0 | AX84: 0 | AY84: 0 | AZ84: 0 | BA84: 0 | BB84: 0 | BC84: 0 | BD84: 0 | BE84: 0
A85: Rural Residential | B85: biomass (BTU) | C85: Appliances | D85: =(-'IESS Demand'!$G$88*BTU_per_GWh*1000+'Summed Activity Data'!$B$40*BTU_per_PJ*('IESS Demand'!$G$88/SUM('IESS Demand'!$G$98,'IESS Demand'!$G$88)))*'IESS Demand'!D126/'IESS Demand'!$D$126 -> 3.4211179e+15 | E85: =(-'IESS Demand'!$G$88*BTU_per_GWh*1000+'Summed Activity Data'!$B$40*BTU_per_PJ*('IESS Demand'!$G$88/SUM('IESS Demand'!$G$98,'IESS Demand'!$G$88)))*'IESS Demand'!E126/'IESS Demand'!$D$126 -> 3.2308748e+15 | F85: =(-'IESS Demand'!$G$88*BTU_per_GWh*1000+'Summed Activity Data'!$B$40*BTU_per_PJ*('IESS Demand'!$G$88/SUM('IESS Demand'!$G$98,'IESS Demand'!$G$88)))*'IESS Demand'!F126/'IESS Demand'!$D$126 -> 3.0406317e+15 | G85: =(-'IESS Demand'!$G$88*BTU_per_GWh*1000+'Summed Activity Data'!$B$40*BTU_per_PJ*('IESS Demand'!$G$88/SUM('IESS Demand'!$G$98,'IESS Demand'!$G$88)))*'IESS Demand'!G126/'IESS Demand'!$D$126 -> 2.8503885e+15 | H85: =(-'IESS Demand'!$G$88*BTU_per_GWh*1000+'Summed Activity Data'!$B$40*BTU_per_PJ*('IESS Demand'!$G$88/SUM('IESS Demand'!$G$98,'IESS Demand'!$G$88)))*'IESS Demand'!H126/'IESS Demand'!$D$126 -> 2.6601454e+15 | I85: =(-'IESS Demand'!$G$88*BTU_per_GWh*1000+'Summed Activity Data'!$B$40*BTU_per_PJ*('IESS Demand'!$G$88/SUM('IESS Demand'!$G$98,'IESS Demand'!$G$88)))*'IESS Demand'!I126/'IESS Demand'!$D$126 -> 2.4699023e+15 | J85: =(-'IESS Demand'!$G$88*BTU_per_GWh*1000+'Summed Activity Data'!$B$40*BTU_per_PJ*('IESS Demand'!$G$88/SUM('IESS Demand'!$G$98,'IESS Demand'!$G$88)))*'IESS Demand'!J126/'IESS Demand'!$D$126 -> 2.3020828e+15 | K85: =(-'IESS Demand'!$G$88*BTU_per_GWh*1000+'Summed Activity Data'!$B$40*BTU_per_PJ*('IESS Demand'!$G$88/SUM('IESS Demand'!$G$98,'IESS Demand'!$G$88)))*'IESS Demand'!K126/'IESS Demand'!$D$126 -> 2.1342632e+15 | ... BE85: =(-'IESS Demand'!$G$88*BTU_per_GWh*1000+'Summed Activity Data'!$B$40*BTU_per_PJ*('IESS Demand'!$G$88/SUM('IESS Demand'!$G$98,'IESS Demand'!$G$88)))*'IESS Demand'!BE126/'IESS Demand'!$D$126 -> -1.5470749e+14
A86: Rural Residential | B86: biomass (BTU) | C86: Other | D86: 0 | E86: 0 | F86: 0 | G86: 0 | H86: 0 | I86: 0 | J86: 0 | K86: 0 | L86: 0 | M86: 0 | N86: 0 | O86: 0 | P86: 0 | Q86: 0 | R86: 0 | S86: 0 | T86: 0 | U86: 0 | V86: 0 | W86: 0 | X86: 0 | Y86: 0 | Z86: 0 | AA86: 0 | AB86: 0 | AC86: 0 | AD86: 0 | AE86: 0 | AF86: 0 | AG86: 0 | AH86: 0 | AI86: 0 | AJ86: 0 | AK86: 0 | AL86: 0 | AM86: 0 | AN86: 0 | AO86: 0 | AP86: 0 | AQ86: 0 | AR86: 0 | AS86: 0 | AT86: 0 | AU86: 0 | AV86: 0 | AW86: 0 | AX86: 0 | AY86: 0 | AZ86: 0 | BA86: 0 | BB86: 0 | BC86: 0 | BD86: 0 | BE86: 0
A87: Commercial | B87: biomass (BTU) | C87: Heating | D87: 0 | E87: 0 | F87: 0 | G87: 0 | H87: 0 | I87: 0 | J87: 0 | K87: 0 | L87: 0 | M87: 0 | N87: 0 | O87: 0 | P87: 0 | Q87: 0 | R87: 0 | S87: 0 | T87: 0 | U87: 0 | V87: 0 | W87: 0 | X87: 0 | Y87: 0 | Z87: 0 | AA87: 0 | AB87: 0 | AC87: 0 | AD87: 0 | AE87: 0 | AF87: 0 | AG87: 0 | AH87: 0 | AI87: 0 | AJ87: 0 | AK87: 0 | AL87: 0 | AM87: 0 | AN87: 0 | AO87: 0 | AP87: 0 | AQ87: 0 | AR87: 0 | AS87: 0 | AT87: 0 | AU87: 0 | AV87: 0 | AW87: 0 | AX87: 0 | AY87: 0 | AZ87: 0 | BA87: 0 | BB87: 0 | BC87: 0 | BD87: 0 | BE87: 0
A88: Commercial | B88: biomass (BTU) | C88: Cooling and Ventilation | D88: 0 | E88: 0 | F88: 0 | G88: 0 | H88: 0 | I88: 0 | J88: 0 | K88: 0 | L88: 0 | M88: 0 | N88: 0 | O88: 0 | P88: 0 | Q88: 0 | R88: 0 | S88: 0 | T88: 0 | U88: 0 | V88: 0 | W88: 0 | X88: 0 | Y88: 0 | Z88: 0 | AA88: 0 | AB88: 0 | AC88: 0 | AD88: 0 | AE88: 0 | AF88: 0 | AG88: 0 | AH88: 0 | AI88: 0 | AJ88: 0 | AK88: 0 | AL88: 0 | AM88: 0 | AN88: 0 | AO88: 0 | AP88: 0 | AQ88: 0 | AR88: 0 | AS88: 0 | AT88: 0 | AU88: 0 | AV88: 0 | AW88: 0 | AX88: 0 | AY88: 0 | AZ88: 0 | BA88: 0 | BB88: 0 | BC88: 0 | BD88: 0 | BE88: 0
A89: Commercial | B89: biomass (BTU) | C89: Lighting | D89: 0 | E89: 0 | F89: 0 | G89: 0 | H89: 0 | I89: 0 | J89: 0 | K89: 0 | L89: 0 | M89: 0 | N89: 0 | O89: 0 | P89: 0 | Q89: 0 | R89: 0 | S89: 0 | T89: 0 | U89: 0 | V89: 0 | W89: 0 | X89: 0 | Y89: 0 | Z89: 0 | AA89: 0 | AB89: 0 | AC89: 0 | AD89: 0 | AE89: 0 | AF89: 0 | AG89: 0 | AH89: 0 | AI89: 0 | AJ89: 0 | AK89: 0 | AL89: 0 | AM89: 0 | AN89: 0 | AO89: 0 | AP89: 0 | AQ89: 0 | AR89: 0 | AS89: 0 | AT89: 0 | AU89: 0 | AV89: 0 | AW89: 0 | AX89: 0 | AY89: 0 | AZ89: 0 | BA89: 0 | BB89: 0 | BC89: 0 | BD89: 0 | BE89: 0
A90: Commercial | B90: biomass (BTU) | C90: Appliances | D90: 0 | E90: 0 | F90: 0 | G90: 0 | H90: 0 | I90: 0 | J90: 0 | K90: 0 | L90: 0 | M90: 0 | N90: 0 | O90: 0 | P90: 0 | Q90: 0 | R90: 0 | S90: 0 | T90: 0 | U90: 0 | V90: 0 | W90: 0 | X90: 0 | Y90: 0 | Z90: 0 | AA90: 0 | AB90: 0 | AC90: 0 | AD90: 0 | AE90: 0 | AF90: 0 | AG90: 0 | AH90: 0 | AI90: 0 | AJ90: 0 | AK90: 0 | AL90: 0 | AM90: 0 | AN90: 0 | AO90: 0 | AP90: 0 | AQ90: 0 | AR90: 0 | AS90: 0 | AT90: 0 | AU90: 0 | AV90: 0 | AW90: 0 | AX90: 0 | AY90: 0 | AZ90: 0 | BA90: 0 | BB90: 0 | BC90: 0 | BD90: 0 | BE90: 0
A91: Commercial | B91: biomass (BTU) | C91: Other | D91: 0 | E91: 0 | F91: 0 | G91: 0 | H91: 0 | I91: 0 | J91: 0 | K91: 0 | L91: 0 | M91: 0 | N91: 0 | O91: 0 | P91: 0 | Q91: 0 | R91: 0 | S91: 0 | T91: 0 | U91: 0 | V91: 0 | W91: 0 | X91: 0 | Y91: 0 | Z91: 0 | AA91: 0 | AB91: 0 | AC91: 0 | AD91: 0 | AE91: 0 | AF91: 0 | AG91: 0 | AH91: 0 | AI91: 0 | AJ91: 0 | AK91: 0 | AL91: 0 | AM91: 0 | AN91: 0 | AO91: 0 | AP91: 0 | AQ91: 0 | AR91: 0 | AS91: 0 | AT91: 0 | AU91: 0 | AV91: 0 | AW91: 0 | AX91: 0 | AY91: 0 | AZ91: 0 | BA91: 0 | BB91: 0 | BC91: 0 | BD91: 0 | BE91: 0
A92: Urban Residential | B92: kerosene (BTU) | C92: Heating | D92: 0 | E92: 0 | F92: 0 | G92: 0 | H92: 0 | I92: 0 | J92: 0 | K92: 0 | L92: 0 | M92: 0 | N92: 0 | O92: 0 | P92: 0 | Q92: 0 | R92: 0 | S92: 0 | T92: 0 | U92: 0 | V92: 0 | W92: 0 | X92: 0 | Y92: 0 | Z92: 0 | AA92: 0 | AB92: 0 | AC92: 0 | AD92: 0 | AE92: 0 | AF92: 0 | AG92: 0 | AH92: 0 | AI92: 0 | AJ92: 0 | AK92: 0 | AL92: 0 | AM92: 0 | AN92: 0 | AO92: 0 | AP92: 0 | AQ92: 0 | AR92: 0 | AS92: 0 | AT92: 0 | AU92: 0 | AV92: 0 | AW92: 0 | AX92: 0 | AY92: 0 | AZ92: 0 | BA92: 0 | BB92: 0 | BC92: 0 | BD92: 0 | BE92: 0
A93: Urban Residential | B93: kerosene (BTU) | C93: Cooling and Ventilation | D93: 0 | E93: 0 | F93: 0 | G93: 0 | H93: 0 | I93: 0 | J93: 0 | K93: 0 | L93: 0 | M93: 0 | N93: 0 | O93: 0 | P93: 0 | Q93: 0 | R93: 0 | S93: 0 | T93: 0 | U93: 0 | V93: 0 | W93: 0 | X93: 0 | Y93: 0 | Z93: 0 | AA93: 0 | AB93: 0 | AC93: 0 | AD93: 0 | AE93: 0 | AF93: 0 | AG93: 0 | AH93: 0 | AI93: 0 | AJ93: 0 | AK93: 0 | AL93: 0 | AM93: 0 | AN93: 0 | AO93: 0 | AP93: 0 | AQ93: 0 | AR93: 0 | AS93: 0 | AT93: 0 | AU93: 0 | AV93: 0 | AW93: 0 | AX93: 0 | AY93: 0 | AZ93: 0 | BA93: 0 | BB93: 0 | BC93: 0 | BD93: 0 | BE93: 0
A94: Urban Residential | B94: kerosene (BTU) | C94: Lighting | D94: 0 | E94: 0 | F94: 0 | G94: 0 | H94: 0 | I94: 0 | J94: 0 | K94: 0 | L94: 0 | M94: 0 | N94: 0 | O94: 0 | P94: 0 | Q94: 0 | R94: 0 | S94: 0 | T94: 0 | U94: 0 | V94: 0 | W94: 0 | X94: 0 | Y94: 0 | Z94: 0 | AA94: 0 | AB94: 0 | AC94: 0 | AD94: 0 | AE94: 0 | AF94: 0 | AG94: 0 | AH94: 0 | AI94: 0 | AJ94: 0 | AK94: 0 | AL94: 0 | AM94: 0 | AN94: 0 | AO94: 0 | AP94: 0 | AQ94: 0 | AR94: 0 | AS94: 0 | AT94: 0 | AU94: 0 | AV94: 0 | AW94: 0 | AX94: 0 | AY94: 0 | AZ94: 0 | BA94: 0 | BB94: 0 | BC94: 0 | BD94: 0 | BE94: 0
A95: Urban Residential | B95: kerosene (BTU) | C95: Appliances | D95: 0 | E95: 0 | F95: 0 | G95: 0 | H95: 0 | I95: 0 | J95: 0 | K95: 0 | L95: 0 | M95: 0 | N95: 0 | O95: 0 | P95: 0 | Q95: 0 | R95: 0 | S95: 0 | T95: 0 | U95: 0 | V95: 0 | W95: 0 | X95: 0 | Y95: 0 | Z95: 0 | AA95: 0 | AB95: 0 | AC95: 0 | AD95: 0 | AE95: 0 | AF95: 0 | AG95: 0 | AH95: 0 | AI95: 0 | AJ95: 0 | AK95: 0 | AL95: 0 | AM95: 0 | AN95: 0 | AO95: 0 | AP95: 0 | AQ95: 0 | AR95: 0 | AS95: 0 | AT95: 0 | AU95: 0 | AV95: 0 | AW95: 0 | AX95: 0 | AY95: 0 | AZ95: 0 | BA95: 0 | BB95: 0 | BC95: 0 | BD95: 0 | BE95: 0
A96: Urban Residential | B96: kerosene (BTU) | C96: Other | D96: 0 | E96: 0 | F96: 0 | G96: 0 | H96: 0 | I96: 0 | J96: 0 | K96: 0 | L96: 0 | M96: 0 | N96: 0 | O96: 0 | P96: 0 | Q96: 0 | R96: 0 | S96: 0 | T96: 0 | U96: 0 | V96: 0 | W96: 0 | X96: 0 | Y96: 0 | Z96: 0 | AA96: 0 | AB96: 0 | AC96: 0 | AD96: 0 | AE96: 0 | AF96: 0 | AG96: 0 | AH96: 0 | AI96: 0 | AJ96: 0 | AK96: 0 | AL96: 0 | AM96: 0 | AN96: 0 | AO96: 0 | AP96: 0 | AQ96: 0 | AR96: 0 | AS96: 0 | AT96: 0 | AU96: 0 | AV96: 0 | AW96: 0 | AX96: 0 | AY96: 0 | AZ96: 0 | BA96: 0 | BB96: 0 | BC96: 0 | BD96: 0 | BE96: 0
A97: Rural Residential | B97: kerosene (BTU) | C97: Heating | D97: 0 | E97: 0 | F97: 0 | G97: 0 | H97: 0 | I97: 0 | J97: 0 | K97: 0 | L97: 0 | M97: 0 | N97: 0 | O97: 0 | P97: 0 | Q97: 0 | R97: 0 | S97: 0 | T97: 0 | U97: 0 | V97: 0 | W97: 0 | X97: 0 | Y97: 0 | Z97: 0 | AA97: 0 | AB97: 0 | AC97: 0 | AD97: 0 | AE97: 0 | AF97: 0 | AG97: 0 | AH97: 0 | AI97: 0 | AJ97: 0 | AK97: 0 | AL97: 0 | AM97: 0 | AN97: 0 | AO97: 0 | AP97: 0 | AQ97: 0 | AR97: 0 | AS97: 0 | AT97: 0 | AU97: 0 | AV97: 0 | AW97: 0 | AX97: 0 | AY97: 0 | AZ97: 0 | BA97: 0 | BB97: 0 | BC97: 0 | BD97: 0 | BE97: 0
A98: Rural Residential | B98: kerosene (BTU) | C98: Cooling and Ventilation | D98: 0 | E98: 0 | F98: 0 | G98: 0 | H98: 0 | I98: 0 | J98: 0 | K98: 0 | L98: 0 | M98: 0 | N98: 0 | O98: 0 | P98: 0 | Q98: 0 | R98: 0 | S98: 0 | T98: 0 | U98: 0 | V98: 0 | W98: 0 | X98: 0 | Y98: 0 | Z98: 0 | AA98: 0 | AB98: 0 | AC98: 0 | AD98: 0 | AE98: 0 | AF98: 0 | AG98: 0 | AH98: 0 | AI98: 0 | AJ98: 0 | AK98: 0 | AL98: 0 | AM98: 0 | AN98: 0 | AO98: 0 | AP98: 0 | AQ98: 0 | AR98: 0 | AS98: 0 | AT98: 0 | AU98: 0 | AV98: 0 | AW98: 0 | AX98: 0 | AY98: 0 | AZ98: 0 | BA98: 0 | BB98: 0 | BC98: 0 | BD98: 0 | BE98: 0
A99: Rural Residential | B99: kerosene (BTU) | C99: Lighting | D99: ='LPG, Kerosene, Diesel Use'!B33*BTU_per_thousand_tons_kerosene*'LPG, Kerosene, Diesel Use'!B66 -> 194098721180562 | E99: ='LPG, Kerosene, Diesel Use'!B36*BTU_per_thousand_tons_kerosene*'LPG, Kerosene, Diesel Use'!B66 -> 1.3552247e+14 | F99: ='LPG, Kerosene, Diesel Use'!B39*BTU_per_thousand_tons_kerosene*'LPG, Kerosene, Diesel Use'!B66 -> 1.2051485e+14 | G99: =F99-($F$99-$I$99)/3 -> 80343231755589 | H99: ='LPG, Kerosene, Diesel Use'!B50*BTU_per_thousand_tons_kerosene*'LPG, Kerosene, Diesel Use'!B66 -> 0 | I99: ='IESS Demand'!H48 -> 0 | J99: =$I$99 -> 0 | K99: =$I$99 -> 0 | L99: =$I$99 -> 0 | M99: =$I$99 -> 0 | N99: =$I$99 -> 0 | O99: =$I$99 -> 0 | P99: =$I$99 -> 0 | Q99: =$I$99 -> 0 | ... BE99: =$I$99 -> 0
A100: Rural Residential | B100: kerosene (BTU) | C100: Appliances | D100: ='LPG, Kerosene, Diesel Use'!B33*BTU_per_thousand_tons_kerosene*'LPG, Kerosene, Diesel Use'!B67 -> 21566524575618 | E100: ='LPG, Kerosene, Diesel Use'!B36*BTU_per_thousand_tons_kerosene*'LPG, Kerosene, Diesel Use'!B67 -> 1.5058052e+13 | F100: ='LPG, Kerosene, Diesel Use'!B39*BTU_per_thousand_tons_kerosene*'LPG, Kerosene, Diesel Use'!B67 -> 1.3390539e+13 | G100: =F100-($F$100-$I$100)/3 -> 8927025750621 | H100: =G100-($F$100-$I$100)/3 -> 4.4635129e+12 | I100: ='IESS Demand'!H48 -> 0 | J100: =$I$99 -> 0 | K100: =$I$99 -> 0 | L100: =$I$99 -> 0 | M100: =$I$99 -> 0 | N100: =$I$99 -> 0 | O100: =$I$99 -> 0 | P100: =$I$99 -> 0 | Q100: =$I$99 -> 0 | ... BE100: =$I$99 -> 0
A101: Rural Residential | B101: kerosene (BTU) | C101: Other | D101: 0 | E101: 0 | F101: 0 | G101: 0 | H101: 0 | I101: 0 | J101: 0 | K101: 0 | L101: 0 | M101: 0 | N101: 0 | O101: 0 | P101: 0 | Q101: 0 | R101: 0 | S101: 0 | T101: 0 | U101: 0 | V101: 0 | W101: 0 | X101: 0 | Y101: 0 | Z101: 0 | AA101: 0 | AB101: 0 | AC101: 0 | AD101: 0 | AE101: 0 | AF101: 0 | AG101: 0 | AH101: 0 | AI101: 0 | AJ101: 0 | AK101: 0 | AL101: 0 | AM101: 0 | AN101: 0 | AO101: 0 | AP101: 0 | AQ101: 0 | AR101: 0 | AS101: 0 | AT101: 0 | AU101: 0 | AV101: 0 | AW101: 0 | AX101: 0 | AY101: 0 | AZ101: 0 | BA101: 0 | BB101: 0 | BC101: 0 | BD101: 0 | BE101: 0
A102: Commercial | B102: kerosene (BTU) | C102: Heating | D102: 0 | E102: 0 | F102: 0 | G102: 0 | H102: 0 | I102: 0 | J102: 0 | K102: 0 | L102: 0 | M102: 0 | N102: 0 | O102: 0 | P102: 0 | Q102: 0 | R102: 0 | S102: 0 | T102: 0 | U102: 0 | V102: 0 | W102: 0 | X102: 0 | Y102: 0 | Z102: 0 | AA102: 0 | AB102: 0 | AC102: 0 | AD102: 0 | AE102: 0 | AF102: 0 | AG102: 0 | AH102: 0 | AI102: 0 | AJ102: 0 | AK102: 0 | AL102: 0 | AM102: 0 | AN102: 0 | AO102: 0 | AP102: 0 | AQ102: 0 | AR102: 0 | AS102: 0 | AT102: 0 | AU102: 0 | AV102: 0 | AW102: 0 | AX102: 0 | AY102: 0 | AZ102: 0 | BA102: 0 | BB102: 0 | BC102: 0 | BD102: 0 | BE102: 0
A103: Commercial | B103: kerosene (BTU) | C103: Cooling and Ventilation | D103: 0 | E103: 0 | F103: 0 | G103: 0 | H103: 0 | I103: 0 | J103: 0 | K103: 0 | L103: 0 | M103: 0 | N103: 0 | O103: 0 | P103: 0 | Q103: 0 | R103: 0 | S103: 0 | T103: 0 | U103: 0 | V103: 0 | W103: 0 | X103: 0 | Y103: 0 | Z103: 0 | AA103: 0 | AB103: 0 | AC103: 0 | AD103: 0 | AE103: 0 | AF103: 0 | AG103: 0 | AH103: 0 | AI103: 0 | AJ103: 0 | AK103: 0 | AL103: 0 | AM103: 0 | AN103: 0 | AO103: 0 | AP103: 0 | AQ103: 0 | AR103: 0 | AS103: 0 | AT103: 0 | AU103: 0 | AV103: 0 | AW103: 0 | AX103: 0 | AY103: 0 | AZ103: 0 | BA103: 0 | BB103: 0 | BC103: 0 | BD103: 0 | BE103: 0
A104: Commercial | B104: kerosene (BTU) | C104: Lighting | D104: ='LPG, Kerosene, Diesel Use'!B34*BTU_per_thousand_tons_kerosene*'LPG, Kerosene, Diesel Use'!B66 -> 2.8759814e+12 | E104: ='LPG, Kerosene, Diesel Use'!B37*BTU_per_thousand_tons_kerosene*'LPG, Kerosene, Diesel Use'!B66 -> 3.6174483e+12 | F104: ='LPG, Kerosene, Diesel Use'!B40*BTU_per_thousand_tons_kerosene*'LPG, Kerosene, Diesel Use'!B66 -> 3629010393855 | G104: =F104-($F$104-$I$104)/3 -> 15569561071053 | H104: ='LPG, Kerosene, Diesel Use'!B51*BTU_per_thousand_tons_kerosene*'LPG, Kerosene, Diesel Use'!B66 -> 5.9175994e+13 | I104: =H104-($H$104-$K$104)/3 -> 39450662425449 | J104: 0 | K104: 0 | L104: 0 | M104: 0 | N104: 0 | O104: 0 | P104: 0 | Q104: 0 | R104: 0 | S104: 0 | T104: 0 | U104: 0 | V104: 0 | W104: 0 | X104: 0 | Y104: 0 | Z104: 0 | AA104: 0 | AB104: 0 | AC104: 0 | AD104: 0 | AE104: 0 | AF104: 0 | AG104: 0 | AH104: 0 | AI104: 0 | AJ104: 0 | AK104: 0 | AL104: 0 | AM104: 0 | AN104: 0 | AO104: 0 | AP104: 0 | AQ104: 0 | AR104: 0 | AS104: 0 | AT104: 0 | AU104: 0 | AV104: 0 | AW104: 0 | AX104: 0 | AY104: 0 | AZ104: 0 | BA104: 0 | BB104: 0 | BC104: 0 | BD104: 0 | BE104: 0
A105: Commercial | B105: kerosene (BTU) | C105: Appliances | D105: ='LPG, Kerosene, Diesel Use'!B34*BTU_per_thousand_tons_kerosene*'LPG, Kerosene, Diesel Use'!B67 -> 3.1955349e+11 | E105: ='LPG, Kerosene, Diesel Use'!B37*BTU_per_thousand_tons_kerosene*'LPG, Kerosene, Diesel Use'!B67 -> 4.019387e+11 | F105: ='LPG, Kerosene, Diesel Use'!B40*BTU_per_thousand_tons_kerosene*'LPG, Kerosene, Diesel Use'!B67 -> 403223377095 | G105: =F105-($F$105-$I$105)/3 -> 1729951230117 | H105: ='LPG, Kerosene, Diesel Use'!B51*BTU_per_thousand_tons_kerosene*'LPG, Kerosene, Diesel Use'!B67 -> 6.5751104e+12 | I105: =H105-($H$105-$K$105)/3 -> 4383406936161 | J105: 0 | K105: 0 | L105: 0 | M105: 0 | N105: 0 | O105: 0 | P105: 0 | Q105: 0 | R105: 0 | S105: 0 | T105: 0 | U105: 0 | V105: 0 | W105: 0 | X105: 0 | Y105: 0 | Z105: 0 | AA105: 0 | AB105: 0 | AC105: 0 | AD105: 0 | AE105: 0 | AF105: 0 | AG105: 0 | AH105: 0 | AI105: 0 | AJ105: 0 | AK105: 0 | AL105: 0 | AM105: 0 | AN105: 0 | AO105: 0 | AP105: 0 | AQ105: 0 | AR105: 0 | AS105: 0 | AT105: 0 | AU105: 0 | AV105: 0 | AW105: 0 | AX105: 0 | AY105: 0 | AZ105: 0 | BA105: 0 | BB105: 0 | BC105: 0 | BD105: 0 | BE105: 0
A106: Commercial | B106: kerosene (BTU) | C106: Other | D106: 0 | E106: 0 | F106: 0 | G106: 0 | H106: 0 | I106: 0 | J106: 0 | K106: 0 | L106: 0 | M106: 0 | N106: 0 | O106: 0 | P106: 0 | Q106: 0 | R106: 0 | S106: 0 | T106: 0 | U106: 0 | V106: 0 | W106: 0 | X106: 0 | Y106: 0 | Z106: 0 | AA106: 0 | AB106: 0 | AC106: 0 | AD106: 0 | AE106: 0 | AF106: 0 | AG106: 0 | AH106: 0 | AI106: 0 | AJ106: 0 | AK106: 0 | AL106: 0 | AM106: 0 | AN106: 0 | AO106: 0 | AP106: 0 | AQ106: 0 | AR106: 0 | AS106: 0 | AT106: 0 | AU106: 0 | AV106: 0 | AW106: 0 | AX106: 0 | AY106: 0 | AZ106: 0 | BA106: 0 | BB106: 0 | BC106: 0 | BD106: 0 | BE106: 0
A107: Urban Residential | B107: heavy or residual fuel oil (BTU) | C107: Heating | D107: 0 | E107: 0 | F107: 0 | G107: 0 | H107: 0 | I107: 0 | J107: 0 | K107: 0 | L107: 0 | M107: 0 | N107: 0 | O107: 0 | P107: 0 | Q107: 0 | R107: 0 | S107: 0 | T107: 0 | U107: 0 | V107: 0 | W107: 0 | X107: 0 | Y107: 0 | Z107: 0 | AA107: 0 | AB107: 0 | AC107: 0 | AD107: 0 | AE107: 0 | AF107: 0 | AG107: 0 | AH107: 0 | AI107: 0 | AJ107: 0 | AK107: 0 | AL107: 0 | AM107: 0 | AN107: 0 | AO107: 0 | AP107: 0 | AQ107: 0 | AR107: 0 | AS107: 0 | AT107: 0 | AU107: 0 | AV107: 0 | AW107: 0 | AX107: 0 | AY107: 0 | AZ107: 0 | BA107: 0 | BB107: 0 | BC107: 0 | BD107: 0 | BE107: 0
A108: Urban Residential | B108: heavy or residual fuel oil (BTU) | C108: Cooling and Ventilation | D108: 0 | E108: 0 | F108: 0 | G108: 0 | H108: 0 | I108: 0 | J108: 0 | K108: 0 | L108: 0 | M108: 0 | N108: 0 | O108: 0 | P108: 0 | Q108: 0 | R108: 0 | S108: 0 | T108: 0 | U108: 0 | V108: 0 | W108: 0 | X108: 0 | Y108: 0 | Z108: 0 | AA108: 0 | AB108: 0 | AC108: 0 | AD108: 0 | AE108: 0 | AF108: 0 | AG108: 0 | AH108: 0 | AI108: 0 | AJ108: 0 | AK108: 0 | AL108: 0 | AM108: 0 | AN108: 0 | AO108: 0 | AP108: 0 | AQ108: 0 | AR108: 0 | AS108: 0 | AT108: 0 | AU108: 0 | AV108: 0 | AW108: 0 | AX108: 0 | AY108: 0 | AZ108: 0 | BA108: 0 | BB108: 0 | BC108: 0 | BD108: 0 | BE108: 0
A109: Urban Residential | B109: heavy or residual fuel oil (BTU) | C109: Lighting | D109: 0 | E109: 0 | F109: 0 | G109: 0 | H109: 0 | I109: 0 | J109: 0 | K109: 0 | L109: 0 | M109: 0 | N109: 0 | O109: 0 | P109: 0 | Q109: 0 | R109: 0 | S109: 0 | T109: 0 | U109: 0 | V109: 0 | W109: 0 | X109: 0 | Y109: 0 | Z109: 0 | AA109: 0 | AB109: 0 | AC109: 0 | AD109: 0 | AE109: 0 | AF109: 0 | AG109: 0 | AH109: 0 | AI109: 0 | AJ109: 0 | AK109: 0 | AL109: 0 | AM109: 0 | AN109: 0 | AO109: 0 | AP109: 0 | AQ109: 0 | AR109: 0 | AS109: 0 | AT109: 0 | AU109: 0 | AV109: 0 | AW109: 0 | AX109: 0 | AY109: 0 | AZ109: 0 | BA109: 0 | BB109: 0 | BC109: 0 | BD109: 0 | BE109: 0
A110: Urban Residential | B110: heavy or residual fuel oil (BTU) | C110: Appliances | D110: 0 | E110: 0 | F110: 0 | G110: 0 | H110: 0 | I110: 0 | J110: 0 | K110: 0 | L110: 0 | M110: 0 | N110: 0 | O110: 0 | P110: 0 | Q110: 0 | R110: 0 | S110: 0 | T110: 0 | U110: 0 | V110: 0 | W110: 0 | X110: 0 | Y110: 0 | Z110: 0 | AA110: 0 | AB110: 0 | AC110: 0 | AD110: 0 | AE110: 0 | AF110: 0 | AG110: 0 | AH110: 0 | AI110: 0 | AJ110: 0 | AK110: 0 | AL110: 0 | AM110: 0 | AN110: 0 | AO110: 0 | AP110: 0 | AQ110: 0 | AR110: 0 | AS110: 0 | AT110: 0 | AU110: 0 | AV110: 0 | AW110: 0 | AX110: 0 | AY110: 0 | AZ110: 0 | BA110: 0 | BB110: 0 | BC110: 0 | BD110: 0 | BE110: 0
A111: Urban Residential | B111: heavy or residual fuel oil (BTU) | C111: Other | D111: 0 | E111: 0 | F111: 0 | G111: 0 | H111: 0 | I111: 0 | J111: 0 | K111: 0 | L111: 0 | M111: 0 | N111: 0 | O111: 0 | P111: 0 | Q111: 0 | R111: 0 | S111: 0 | T111: 0 | U111: 0 | V111: 0 | W111: 0 | X111: 0 | Y111: 0 | Z111: 0 | AA111: 0 | AB111: 0 | AC111: 0 | AD111: 0 | AE111: 0 | AF111: 0 | AG111: 0 | AH111: 0 | AI111: 0 | AJ111: 0 | AK111: 0 | AL111: 0 | AM111: 0 | AN111: 0 | AO111: 0 | AP111: 0 | AQ111: 0 | AR111: 0 | AS111: 0 | AT111: 0 | AU111: 0 | AV111: 0 | AW111: 0 | AX111: 0 | AY111: 0 | AZ111: 0 | BA111: 0 | BB111: 0 | BC111: 0 | BD111: 0 | BE111: 0
A112: Rural Residential | B112: heavy or residual fuel oil (BTU) | C112: Heating | D112: 0 | E112: 0 | F112: 0 | G112: 0 | H112: 0 | I112: 0 | J112: 0 | K112: 0 | L112: 0 | M112: 0 | N112: 0 | O112: 0 | P112: 0 | Q112: 0 | R112: 0 | S112: 0 | T112: 0 | U112: 0 | V112: 0 | W112: 0 | X112: 0 | Y112: 0 | Z112: 0 | AA112: 0 | AB112: 0 | AC112: 0 | AD112: 0 | AE112: 0 | AF112: 0 | AG112: 0 | AH112: 0 | AI112: 0 | AJ112: 0 | AK112: 0 | AL112: 0 | AM112: 0 | AN112: 0 | AO112: 0 | AP112: 0 | AQ112: 0 | AR112: 0 | AS112: 0 | AT112: 0 | AU112: 0 | AV112: 0 | AW112: 0 | AX112: 0 | AY112: 0 | AZ112: 0 | BA112: 0 | BB112: 0 | BC112: 0 | BD112: 0 | BE112: 0
A113: Rural Residential | B113: heavy or residual fuel oil (BTU) | C113: Cooling and Ventilation | D113: 0 | E113: 0 | F113: 0 | G113: 0 | H113: 0 | I113: 0 | J113: 0 | K113: 0 | L113: 0 | M113: 0 | N113: 0 | O113: 0 | P113: 0 | Q113: 0 | R113: 0 | S113: 0 | T113: 0 | U113: 0 | V113: 0 | W113: 0 | X113: 0 | Y113: 0 | Z113: 0 | AA113: 0 | AB113: 0 | AC113: 0 | AD113: 0 | AE113: 0 | AF113: 0 | AG113: 0 | AH113: 0 | AI113: 0 | AJ113: 0 | AK113: 0 | AL113: 0 | AM113: 0 | AN113: 0 | AO113: 0 | AP113: 0 | AQ113: 0 | AR113: 0 | AS113: 0 | AT113: 0 | AU113: 0 | AV113: 0 | AW113: 0 | AX113: 0 | AY113: 0 | AZ113: 0 | BA113: 0 | BB113: 0 | BC113: 0 | BD113: 0 | BE113: 0
A114: Rural Residential | B114: heavy or residual fuel oil (BTU) | C114: Lighting | D114: 0 | E114: 0 | F114: 0 | G114: 0 | H114: 0 | I114: 0 | J114: 0 | K114: 0 | L114: 0 | M114: 0 | N114: 0 | O114: 0 | P114: 0 | Q114: 0 | R114: 0 | S114: 0 | T114: 0 | U114: 0 | V114: 0 | W114: 0 | X114: 0 | Y114: 0 | Z114: 0 | AA114: 0 | AB114: 0 | AC114: 0 | AD114: 0 | AE114: 0 | AF114: 0 | AG114: 0 | AH114: 0 | AI114: 0 | AJ114: 0 | AK114: 0 | AL114: 0 | AM114: 0 | AN114: 0 | AO114: 0 | AP114: 0 | AQ114: 0 | AR114: 0 | AS114: 0 | AT114: 0 | AU114: 0 | AV114: 0 | AW114: 0 | AX114: 0 | AY114: 0 | AZ114: 0 | BA114: 0 | BB114: 0 | BC114: 0 | BD114: 0 | BE114: 0
A115: Rural Residential | B115: heavy or residual fuel oil (BTU) | C115: Appliances | D115: 0 | E115: 0 | F115: 0 | G115: 0 | H115: 0 | I115: 0 | J115: 0 | K115: 0 | L115: 0 | M115: 0 | N115: 0 | O115: 0 | P115: 0 | Q115: 0 | R115: 0 | S115: 0 | T115: 0 | U115: 0 | V115: 0 | W115: 0 | X115: 0 | Y115: 0 | Z115: 0 | AA115: 0 | AB115: 0 | AC115: 0 | AD115: 0 | AE115: 0 | AF115: 0 | AG115: 0 | AH115: 0 | AI115: 0 | AJ115: 0 | AK115: 0 | AL115: 0 | AM115: 0 | AN115: 0 | AO115: 0 | AP115: 0 | AQ115: 0 | AR115: 0 | AS115: 0 | AT115: 0 | AU115: 0 | AV115: 0 | AW115: 0 | AX115: 0 | AY115: 0 | AZ115: 0 | BA115: 0 | BB115: 0 | BC115: 0 | BD115: 0 | BE115: 0
A116: Rural Residential | B116: heavy or residual fuel oil (BTU) | C116: Other | D116: 0 | E116: 0 | F116: 0 | G116: 0 | H116: 0 | I116: 0 | J116: 0 | K116: 0 | L116: 0 | M116: 0 | N116: 0 | O116: 0 | P116: 0 | Q116: 0 | R116: 0 | S116: 0 | T116: 0 | U116: 0 | V116: 0 | W116: 0 | X116: 0 | Y116: 0 | Z116: 0 | AA116: 0 | AB116: 0 | AC116: 0 | AD116: 0 | AE116: 0 | AF116: 0 | AG116: 0 | AH116: 0 | AI116: 0 | AJ116: 0 | AK116: 0 | AL116: 0 | AM116: 0 | AN116: 0 | AO116: 0 | AP116: 0 | AQ116: 0 | AR116: 0 | AS116: 0 | AT116: 0 | AU116: 0 | AV116: 0 | AW116: 0 | AX116: 0 | AY116: 0 | AZ116: 0 | BA116: 0 | BB116: 0 | BC116: 0 | BD116: 0 | BE116: 0
A117: Commercial | B117: heavy or residual fuel oil (BTU) | C117: Heating | D117: 0 | E117: 0 | F117: 0 | G117: 0 | H117: 0 | I117: 0 | J117: 0 | K117: 0 | L117: 0 | M117: 0 | N117: 0 | O117: 0 | P117: 0 | Q117: 0 | R117: 0 | S117: 0 | T117: 0 | U117: 0 | V117: 0 | W117: 0 | X117: 0 | Y117: 0 | Z117: 0 | AA117: 0 | AB117: 0 | AC117: 0 | AD117: 0 | AE117: 0 | AF117: 0 | AG117: 0 | AH117: 0 | AI117: 0 | AJ117: 0 | AK117: 0 | AL117: 0 | AM117: 0 | AN117: 0 | AO117: 0 | AP117: 0 | AQ117: 0 | AR117: 0 | AS117: 0 | AT117: 0 | AU117: 0 | AV117: 0 | AW117: 0 | AX117: 0 | AY117: 0 | AZ117: 0 | BA117: 0 | BB117: 0 | BC117: 0 | BD117: 0 | BE117: 0
... A124: Urban Residential | B124: LPG propane or butane (BTU) | C124: Lighting | D124: 0 | E124: 0 | F124: 0 | G124: 0 | H124: 0 | I124: 0 | J124: 0 | K124: 0 | L124: 0 | M124: 0 | N124: 0 | O124: 0 | P124: 0 | Q124: 0 | R124: 0 | S124: 0 | T124: 0 | U124: 0 | V124: 0 | W124: 0 | X124: 0 | Y124: 0 | Z124: 0 | AA124: 0 | AB124: 0 | AC124: 0 | AD124: 0 | AE124: 0 | AF124: 0 | AG124: 0 | AH124: 0 | AI124: 0 | AJ124: 0 | AK124: 0 | AL124: 0 | AM124: 0 | AN124: 0 | AO124: 0 | AP124: 0 | AQ124: 0 | AR124: 0 | AS124: 0 | AT124: 0 | AU124: 0 | AV124: 0 | AW124: 0 | AX124: 0 | AY124: 0 | AZ124: 0 | BA124: 0 | BB124: 0 | BC124: 0 | BD124: 0 | BE124: 0
A125: Urban Residential | B125: LPG propane or butane (BTU) | C125: Appliances | D125: ='LPG, Kerosene, Diesel Use'!$B$2*BTU_per_thousand_tons_LPG*'IESS Demand'!$G$99/SUM('IESS Demand'!$G$89,'IESS Demand'!$G$99)*'IESS Demand'!D122/'IESS Demand'!$D$122 -> 4.9513338e+14 | E125: ='LPG, Kerosene, Diesel Use'!$B$5*BTU_per_thousand_tons_LPG*'IESS Demand'!$G$99/SUM('IESS Demand'!$G$89,'IESS Demand'!$G$99)*'IESS Demand'!E122/'IESS Demand'!$E$122 -> 533991555612341 | F125: ='LPG, Kerosene, Diesel Use'!$B$8*BTU_per_thousand_tons_LPG*'IESS Demand'!$G$99/SUM('IESS Demand'!$G$89,'IESS Demand'!$G$99)*'IESS Demand'!F122/'IESS Demand'!$F$122 -> 570094758271666 | G125: ='LPG, Kerosene, Diesel Use'!$B$8*BTU_per_thousand_tons_LPG*'IESS Demand'!$G$99/SUM('IESS Demand'!$G$89,'IESS Demand'!$G$99)*'IESS Demand'!G122/'IESS Demand'!$F$122 -> 5.7966747e+14 | H125: ='LPG, Kerosene, Diesel Use'!$B$20*BTU_per_thousand_tons_LPG*'IESS Demand'!$H$99/SUM('IESS Demand'!$H$89,'IESS Demand'!$H$99)*'IESS Demand'!I122/'IESS Demand'!$I$122 -> 6.0102219e+14 | I125: ='LPG, Kerosene, Diesel Use'!$B$20*BTU_per_thousand_tons_LPG*'IESS Demand'!$H$99/SUM('IESS Demand'!$H$89,'IESS Demand'!$H$99)*'IESS Demand'!J122/'IESS Demand'!$I$122 -> 6.0147109e+14 | J125: ='LPG, Kerosene, Diesel Use'!$B$20*BTU_per_thousand_tons_LPG*'IESS Demand'!$H$99/SUM('IESS Demand'!$H$89,'IESS Demand'!$H$99)*'IESS Demand'!K122/'IESS Demand'!$I$122 -> 6.0191999e+14 | K125: ='LPG, Kerosene, Diesel Use'!$B$20*BTU_per_thousand_tons_LPG*'IESS Demand'!$H$99/SUM('IESS Demand'!$H$89,'IESS Demand'!$H$99)*'IESS Demand'!L122/'IESS Demand'!$I$122 -> 6.023689e+14 | L125: ='LPG, Kerosene, Diesel Use'!$B$20*BTU_per_thousand_tons_LPG*'IESS Demand'!$H$99/SUM('IESS Demand'!$H$89,'IESS Demand'!$H$99)*'IESS Demand'!M122/'IESS Demand'!$I$122 -> 6.028178e+14 | M125: ='LPG, Kerosene, Diesel Use'!$B$20*BTU_per_thousand_tons_LPG*'IESS Demand'!$H$99/SUM('IESS Demand'!$H$89,'IESS Demand'!$H$99)*'IESS Demand'!N122/'IESS Demand'!$I$122 -> 603266699235329 | N125: ='LPG, Kerosene, Diesel Use'!$B$20*BTU_per_thousand_tons_LPG*'IESS Demand'!$H$99/SUM('IESS Demand'!$H$89,'IESS Demand'!$H$99)*'IESS Demand'!O122/'IESS Demand'!$I$122 -> 6.0813255e+14 | O125: ='LPG, Kerosene, Diesel Use'!$B$20*BTU_per_thousand_tons_LPG*'IESS Demand'!$H$99/SUM('IESS Demand'!$H$89,'IESS Demand'!$H$99)*'IESS Demand'!P122/'IESS Demand'!$I$122 -> 6.129984e+14 | ... BE125: ='LPG, Kerosene, Diesel Use'!$B$20*BTU_per_thousand_tons_LPG*'IESS Demand'!$H$99/SUM('IESS Demand'!$H$89,'IESS Demand'!$H$99)*'IESS Demand'!BF122/'IESS Demand'!$I$122 -> 0
A126: Urban Residential | B126: LPG propane or butane (BTU) | C126: Other | D126: 0 | E126: 0 | F126: 0 | G126: 0 | H126: 0 | I126: 0 | J126: 0 | K126: 0 | L126: 0 | M126: 0 | N126: 0 | O126: 0 | P126: 0 | Q126: 0 | R126: 0 | S126: 0 | T126: 0 | U126: 0 | V126: 0 | W126: 0 | X126: 0 | Y126: 0 | Z126: 0 | AA126: 0 | AB126: 0 | AC126: 0 | AD126: 0 | AE126: 0 | AF126: 0 | AG126: 0 | AH126: 0 | AI126: 0 | AJ126: 0 | AK126: 0 | AL126: 0 | AM126: 0 | AN126: 0 | AO126: 0 | AP126: 0 | AQ126: 0 | AR126: 0 | AS126: 0 | AT126: 0 | AU126: 0 | AV126: 0 | AW126: 0 | AX126: 0 | AY126: 0 | AZ126: 0 | BA126: 0 | BB126: 0 | BC126: 0 | BD126: 0 | BE126: 0
A127: Rural Residential | B127: LPG propane or butane (BTU) | C127: Heating | D127: 0 | E127: 0 | F127: 0 | G127: 0 | H127: 0 | I127: 0 | J127: 0 | K127: 0 | L127: 0 | M127: 0 | N127: 0 | O127: 0 | P127: 0 | Q127: 0 | R127: 0 | S127: 0 | T127: 0 | U127: 0 | V127: 0 | W127: 0 | X127: 0 | Y127: 0 | Z127: 0 | AA127: 0 | AB127: 0 | AC127: 0 | AD127: 0 | AE127: 0 | AF127: 0 | AG127: 0 | AH127: 0 | AI127: 0 | AJ127: 0 | AK127: 0 | AL127: 0 | AM127: 0 | AN127: 0 | AO127: 0 | AP127: 0 | AQ127: 0 | AR127: 0 | AS127: 0 | AT127: 0 | AU127: 0 | AV127: 0 | AW127: 0 | AX127: 0 | AY127: 0 | AZ127: 0 | BA127: 0 | BB127: 0 | BC127: 0 | BD127: 0 | BE127: 0
A128: Rural Residential | B128: LPG propane or butane (BTU) | C128: Cooling and Ventilation | D128: 0 | E128: 0 | F128: 0 | G128: 0 | H128: 0 | I128: 0 | J128: 0 | K128: 0 | L128: 0 | M128: 0 | N128: 0 | O128: 0 | P128: 0 | Q128: 0 | R128: 0 | S128: 0 | T128: 0 | U128: 0 | V128: 0 | W128: 0 | X128: 0 | Y128: 0 | Z128: 0 | AA128: 0 | AB128: 0 | AC128: 0 | AD128: 0 | AE128: 0 | AF128: 0 | AG128: 0 | AH128: 0 | AI128: 0 | AJ128: 0 | AK128: 0 | AL128: 0 | AM128: 0 | AN128: 0 | AO128: 0 | AP128: 0 | AQ128: 0 | AR128: 0 | AS128: 0 | AT128: 0 | AU128: 0 | AV128: 0 | AW128: 0 | AX128: 0 | AY128: 0 | AZ128: 0 | BA128: 0 | BB128: 0 | BC128: 0 | BD128: 0 | BE128: 0
A129: Rural Residential | B129: LPG propane or butane (BTU) | C129: Lighting | D129: 0 | E129: 0 | F129: 0 | G129: 0 | H129: 0 | I129: 0 | J129: 0 | K129: 0 | L129: 0 | M129: 0 | N129: 0 | O129: 0 | P129: 0 | Q129: 0 | R129: 0 | S129: 0 | T129: 0 | U129: 0 | V129: 0 | W129: 0 | X129: 0 | Y129: 0 | Z129: 0 | AA129: 0 | AB129: 0 | AC129: 0 | AD129: 0 | AE129: 0 | AF129: 0 | AG129: 0 | AH129: 0 | AI129: 0 | AJ129: 0 | AK129: 0 | AL129: 0 | AM129: 0 | AN129: 0 | AO129: 0 | AP129: 0 | AQ129: 0 | AR129: 0 | AS129: 0 | AT129: 0 | AU129: 0 | AV129: 0 | AW129: 0 | AX129: 0 | AY129: 0 | AZ129: 0 | BA129: 0 | BB129: 0 | BC129: 0 | BD129: 0 | BE129: 0
A130: Rural Residential | B130: LPG propane or butane (BTU) | C130: Appliances | D130: ='LPG, Kerosene, Diesel Use'!$B$2*BTU_per_thousand_tons_LPG*'IESS Demand'!$G$89/SUM('IESS Demand'!$G$89,'IESS Demand'!$G$99)*'IESS Demand'!D125/'IESS Demand'!$D$125 -> 3.5051521e+14 | E130: ='LPG, Kerosene, Diesel Use'!$B$5*BTU_per_thousand_tons_LPG*'IESS Demand'!$G$89/SUM('IESS Demand'!$G$89,'IESS Demand'!$G$99)*'IESS Demand'!E125/'IESS Demand'!$E$125 -> 3.7802371e+14 | F130: ='LPG, Kerosene, Diesel Use'!$B$8*BTU_per_thousand_tons_LPG*'IESS Demand'!$G$89/SUM('IESS Demand'!$G$89,'IESS Demand'!$G$99)*'IESS Demand'!F125/'IESS Demand'!$F$125 -> 4.0358192e+14 | G130: ='LPG, Kerosene, Diesel Use'!$B$8*BTU_per_thousand_tons_LPG*'IESS Demand'!$G$89/SUM('IESS Demand'!$G$89,'IESS Demand'!$G$99)*'IESS Demand'!G125/'IESS Demand'!$F$125 -> 4.2781172e+14 | H130: ='LPG, Kerosene, Diesel Use'!$B$8*BTU_per_thousand_tons_LPG*'IESS Demand'!$G$89/SUM('IESS Demand'!$G$89,'IESS Demand'!$G$99)*'IESS Demand'!H125/'IESS Demand'!$F$125 -> 4.5204152e+14 | I130: ='LPG, Kerosene, Diesel Use'!$B$8*BTU_per_thousand_tons_LPG*'IESS Demand'!$G$89/SUM('IESS Demand'!$G$89,'IESS Demand'!$G$99)*'IESS Demand'!I125/'IESS Demand'!$F$125 -> 4.7627132e+14 | J130: ='LPG, Kerosene, Diesel Use'!$B$8*BTU_per_thousand_tons_LPG*'IESS Demand'!$G$89/SUM('IESS Demand'!$G$89,'IESS Demand'!$G$99)*'IESS Demand'!J125/'IESS Demand'!$F$125 -> 4.9113956e+14 | K130: ='LPG, Kerosene, Diesel Use'!$B$8*BTU_per_thousand_tons_LPG*'IESS Demand'!$G$89/SUM('IESS Demand'!$G$89,'IESS Demand'!$G$99)*'IESS Demand'!K125/'IESS Demand'!$F$125 -> 5.060078e+14 | L130: ='LPG, Kerosene, Diesel Use'!$B$8*BTU_per_thousand_tons_LPG*'IESS Demand'!$G$89/SUM('IESS Demand'!$G$89,'IESS Demand'!$G$99)*'IESS Demand'!L125/'IESS Demand'!$F$125 -> 5.2087604e+14 | M130: ='LPG, Kerosene, Diesel Use'!$B$8*BTU_per_thousand_tons_LPG*'IESS Demand'!$G$89/SUM('IESS Demand'!$G$89,'IESS Demand'!$G$99)*'IESS Demand'!M125/'IESS Demand'!$F$125 -> 5.3574428e+14 | ... BE130: ='LPG, Kerosene, Diesel Use'!$B$8*BTU_per_thousand_tons_LPG*'IESS Demand'!$G$89/SUM('IESS Demand'!$G$89,'IESS Demand'!$G$99)*'IESS Demand'!BE125/'IESS Demand'!$F$125 -> 6.3716401e+14
A131: Rural Residential | B131: LPG propane or butane (BTU) | C131: Other | D131: 0 | E131: 0 | F131: 0 | G131: 0 | H131: 0 | I131: 0 | J131: 0 | K131: 0 | L131: 0 | M131: 0 | N131: 0 | O131: 0 | P131: 0 | Q131: 0 | R131: 0 | S131: 0 | T131: 0 | U131: 0 | V131: 0 | W131: 0 | X131: 0 | Y131: 0 | Z131: 0 | AA131: 0 | AB131: 0 | AC131: 0 | AD131: 0 | AE131: 0 | AF131: 0 | AG131: 0 | AH131: 0 | AI131: 0 | AJ131: 0 | AK131: 0 | AL131: 0 | AM131: 0 | AN131: 0 | AO131: 0 | AP131: 0 | AQ131: 0 | AR131: 0 | AS131: 0 | AT131: 0 | AU131: 0 | AV131: 0 | AW131: 0 | AX131: 0 | AY131: 0 | AZ131: 0 | BA131: 0 | BB131: 0 | BC131: 0 | BD131: 0 | BE131: 0
A132: Commercial | B132: LPG propane or butane (BTU) | C132: Heating | D132: 0 | E132: 0 | F132: 0 | G132: 0 | H132: 0 | I132: 0 | J132: 0 | K132: 0 | L132: 0 | M132: 0 | N132: 0 | O132: 0 | P132: 0 | Q132: 0 | R132: 0 | S132: 0 | T132: 0 | U132: 0 | V132: 0 | W132: 0 | X132: 0 | Y132: 0 | Z132: 0 | AA132: 0 | AB132: 0 | AC132: 0 | AD132: 0 | AE132: 0 | AF132: 0 | AG132: 0 | AH132: 0 | AI132: 0 | AJ132: 0 | AK132: 0 | AL132: 0 | AM132: 0 | AN132: 0 | AO132: 0 | AP132: 0 | AQ132: 0 | AR132: 0 | AS132: 0 | AT132: 0 | AU132: 0 | AV132: 0 | AW132: 0 | AX132: 0 | AY132: 0 | AZ132: 0 | BA132: 0 | BB132: 0 | BC132: 0 | BD132: 0 | BE132: 0
...

Sheet BCEU-urban-residential-heating
A1: Year | B1: 2021 | C1: 2022 | D1: 2023 | E1: 2024 | F1: 2025 | G1: 2026 | H1: 2027 | I1: 2028 | J1: 2029 | K1: 2030 | L1: 2031 | M1: 2032 | N1: 2033 | O1: 2034 | P1: 2035 | Q1: 2036 | R1: 2037 | S1: 2038 | T1: 2039 | U1: 2040 | V1: 2041 | W1: 2042 | X1: 2043 | Y1: 2044 | Z1: 2045 | AA1: 2046 | AB1: 2047 | AC1: 2048 | AD1: 2049 | AE1: 2050 | AF1: 2051 | AG1: 2052 | AH1: 2053 | AI1: 2054 | AJ1: 2055 | AK1: 2056 | AL1: 2057 | AM1: 2058 | AN1: 2059 | AO1: 2060 | AP1: 2061 | AQ1: 2062 | AR1: 2063 | AS1: 2064 | AT1: 2065 | AU1: 2066 | AV1: 2067 | AW1: 2068 | AX1: 2069 | AY1: 2070
A2: electricity (BTU) | B2: 0 | C2: 0 | D2: 0 | E2: 0 | F2: 0 | G2: 0 | H2: 0 | I2: 0 | J2: 0 | K2: 0 | L2: 0 | M2: 0 | N2: 0 | O2: 0 | P2: 0 | Q2: 0 | R2: 0 | S2: 0 | T2: 0 | U2: 0 | V2: 0 | W2: 0 | X2: 0 | Y2: 0 | Z2: 0 | AA2: 0 | AB2: 0 | AC2: 0 | AD2: 0 | AE2: 0 | AF2: 0 | AG2: 0 | AH2: 0 | AI2: 0 | AJ2: 0 | AK2: 0 | AL2: 0 | AM2: 0 | AN2: 0 | AO2: 0 | AP2: 0 | AQ2: 0 | AR2: 0 | AS2: 0 | AT2: 0 | AU2: 0 | AV2: 0 | AW2: 0 | AX2: 0 | AY2: 0
A3: coal (BTU) | B3: =Calculations!H17 -> 0 | C3: =Calculations!I17 -> 0 | D3: =Calculations!J17 -> 0 | E3: =Calculations!K17 -> 0 | F3: =Calculations!L17 -> 0 | G3: =Calculations!M17 -> 0 | H3: =Calculations!N17 -> 0 | I3: =Calculations!O17 -> 0 | ... AY3: =Calculations!BE17 -> 0
A4: natural gas (BTU) | B4: 0 | C4: 0 | D4: 0 | E4: 0 | F4: 0 | G4: 0 | H4: 0 | I4: 0 | J4: 0 | K4: 0 | L4: 0 | M4: 0 | N4: 0 | O4: 0 | P4: 0 | Q4: 0 | R4: 0 | S4: 0 | T4: 0 | U4: 0 | V4: 0 | W4: 0 | X4: 0 | Y4: 0 | Z4: 0 | AA4: 0 | AB4: 0 | AC4: 0 | AD4: 0 | AE4: 0 | AF4: 0 | AG4: 0 | AH4: 0 | AI4: 0 | AJ4: 0 | AK4: 0 | AL4: 0 | AM4: 0 | AN4: 0 | AO4: 0 | AP4: 0 | AQ4: 0 | AR4: 0 | AS4: 0 | AT4: 0 | AU4: 0 | AV4: 0 | AW4: 0 | AX4: 0 | AY4: 0
A5: petroleum diesel (BTU) | B5: 0 | C5: 0 | D5: 0 | E5: 0 | F5: 0 | G5: 0 | H5: 0 | I5: 0 | J5: 0 | K5: 0 | L5: 0 | M5: 0 | N5: 0 | O5: 0 | P5: 0 | Q5: 0 | R5: 0 | S5: 0 | T5: 0 | U5: 0 | V5: 0 | W5: 0 | X5: 0 | Y5: 0 | Z5: 0 | AA5: 0 | AB5: 0 | AC5: 0 | AD5: 0 | AE5: 0 | AF5: 0 | AG5: 0 | AH5: 0 | AI5: 0 | AJ5: 0 | AK5: 0 | AL5: 0 | AM5: 0 | AN5: 0 | AO5: 0 | AP5: 0 | AQ5: 0 | AR5: 0 | AS5: 0 | AT5: 0 | AU5: 0 | AV5: 0 | AW5: 0 | AX5: 0 | AY5: 0
A6: heat (BTU) | B6: 0 | C6: 0 | D6: 0 | E6: 0 | F6: 0 | G6: 0 | H6: 0 | I6: 0 | J6: 0 | K6: 0 | L6: 0 | M6: 0 | N6: 0 | O6: 0 | P6: 0 | Q6: 0 | R6: 0 | S6: 0 | T6: 0 | U6: 0 | V6: 0 | W6: 0 | X6: 0 | Y6: 0 | Z6: 0 | AA6: 0 | AB6: 0 | AC6: 0 | AD6: 0 | AE6: 0 | AF6: 0 | AG6: 0 | AH6: 0 | AI6: 0 | AJ6: 0 | AK6: 0 | AL6: 0 | AM6: 0 | AN6: 0 | AO6: 0 | AP6: 0 | AQ6: 0 | AR6: 0 | AS6: 0 | AT6: 0 | AU6: 0 | AV6: 0 | AW6: 0 | AX6: 0 | AY6: 0
A7: biomass (BTU) | B7: =Calculations!H77 -> 0 | C7: =Calculations!I77 -> 0 | D7: =Calculations!J77 -> 0 | E7: =Calculations!K77 -> 0 | F7: =Calculations!L77 -> 0 | G7: =Calculations!M77 -> 0 | H7: =Calculations!N77 -> 0 | I7: =Calculations!O77 -> 0 | ... AY7: =Calculations!BE77 -> 0
A8: kerosene (BTU) | B8: 0 | C8: 0 | D8: 0 | E8: 0 | F8: 0 | G8: 0 | H8: 0 | I8: 0 | J8: 0 | K8: 0 | L8: 0 | M8: 0 | N8: 0 | O8: 0 | P8: 0 | Q8: 0 | R8: 0 | S8: 0 | T8: 0 | U8: 0 | V8: 0 | W8: 0 | X8: 0 | Y8: 0 | Z8: 0 | AA8: 0 | AB8: 0 | AC8: 0 | AD8: 0 | AE8: 0 | AF8: 0 | AG8: 0 | AH8: 0 | AI8: 0 | AJ8: 0 | AK8: 0 | AL8: 0 | AM8: 0 | AN8: 0 | AO8: 0 | AP8: 0 | AQ8: 0 | AR8: 0 | AS8: 0 | AT8: 0 | AU8: 0 | AV8: 0 | AW8: 0 | AX8: 0 | AY8: 0
A9: heavy or residual fuel oil (BTU) | B9: 0 | C9: 0 | D9: 0 | E9: 0 | F9: 0 | G9: 0 | H9: 0 | I9: 0 | J9: 0 | K9: 0 | L9: 0 | M9: 0 | N9: 0 | O9: 0 | P9: 0 | Q9: 0 | R9: 0 | S9: 0 | T9: 0 | U9: 0 | V9: 0 | W9: 0 | X9: 0 | Y9: 0 | Z9: 0 | AA9: 0 | AB9: 0 | AC9: 0 | AD9: 0 | AE9: 0 | AF9: 0 | AG9: 0 | AH9: 0 | AI9: 0 | AJ9: 0 | AK9: 0 | AL9: 0 | AM9: 0 | AN9: 0 | AO9: 0 | AP9: 0 | AQ9: 0 | AR9: 0 | AS9: 0 | AT9: 0 | AU9: 0 | AV9: 0 | AW9: 0 | AX9: 0 | AY9: 0
A10: LPG propane or butane (BTU) | B10: 0 | C10: 0 | D10: 0 | E10: 0 | F10: 0 | G10: 0 | H10: 0 | I10: 0 | J10: 0 | K10: 0 | L10: 0 | M10: 0 | N10: 0 | O10: 0 | P10: 0 | Q10: 0 | R10: 0 | S10: 0 | T10: 0 | U10: 0 | V10: 0 | W10: 0 | X10: 0 | Y10: 0 | Z10: 0 | AA10: 0 | AB10: 0 | AC10: 0 | AD10: 0 | AE10: 0 | AF10: 0 | AG10: 0 | AH10: 0 | AI10: 0 | AJ10: 0 | AK10: 0 | AL10: 0 | AM10: 0 | AN10: 0 | AO10: 0 | AP10: 0 | AQ10: 0 | AR10: 0 | AS10: 0 | AT10: 0 | AU10: 0 | AV10: 0 | AW10: 0 | AX10: 0 | AY10: 0
A11: hydrogen (BTU) | B11: 0 | C11: 0 | D11: 0 | E11: 0 | F11: 0 | G11: 0 | H11: 0 | I11: 0 | J11: 0 | K11: 0 | L11: 0 | M11: 0 | N11: 0 | O11: 0 | P11: 0 | Q11: 0 | R11: 0 | S11: 0 | T11: 0 | U11: 0 | V11: 0 | W11: 0 | X11: 0 | Y11: 0 | Z11: 0 | AA11: 0 | AB11: 0 | AC11: 0 | AD11: 0 | AE11: 0 | AF11: 0 | AG11: 0 | AH11: 0 | AI11: 0 | AJ11: 0 | AK11: 0 | AL11: 0 | AM11: 0 | AN11: 0 | AO11: 0 | AP11: 0 | AQ11: 0 | AR11: 0 | AS11: 0 | AT11: 0 | AU11: 0 | AV11: 0 | AW11: 0 | AX11: 0 | AY11: 0

Sheet BCEU-urban-residential-cooling
A1: Year | B1: 2021 | C1: 2022 | D1: 2023 | E1: 2024 | F1: 2025 | G1: 2026 | H1: 2027 | I1: 2028 | J1: 2029 | K1: 2030 | L1: 2031 | M1: 2032 | N1: 2033 | O1: 2034 | P1: 2035 | Q1: 2036 | R1: 2037 | S1: 2038 | T1: 2039 | U1: 2040 | V1: 2041 | W1: 2042 | X1: 2043 | Y1: 2044 | Z1: 2045 | AA1: 2046 | AB1: 2047 | AC1: 2048 | AD1: 2049 | AE1: 2050 | AF1: 2051 | AG1: 2052 | AH1: 2053 | AI1: 2054 | AJ1: 2055 | AK1: 2056 | AL1: 2057 | AM1: 2058 | AN1: 2059 | AO1: 2060 | AP1: 2061 | AQ1: 2062 | AR1: 2063 | AS1: 2064 | AT1: 2065 | AU1: 2066 | AV1: 2067 | AW1: 2068 | AX1: 2069 | AY1: 2070
A2: electricity (BTU) | B2: =Calculations!H3 -> 1.6592891e+13 | C2: =Calculations!I3 -> 1.7367628e+13 | D2: =Calculations!J3 -> 1.9954943e+13 | E2: =Calculations!K3 -> 2.2636137e+13 | F2: =Calculations!L3 -> 2.5383948e+13 | G2: =Calculations!M3 -> 2.8195336e+13 | H2: =Calculations!N3 -> 3.1067446e+13 | I2: =Calculations!O3 -> 3.5606629e+13 | ... AY2: =Calculations!BE3 -> 5.1047076e+14
A3: coal (BTU) | B3: 0 | C3: 0 | D3: 0 | E3: 0 | F3: 0 | G3: 0 | H3: 0 | I3: 0 | J3: 0 | K3: 0 | L3: 0 | M3: 0 | N3: 0 | O3: 0 | P3: 0 | Q3: 0 | R3: 0 | S3: 0 | T3: 0 | U3: 0 | V3: 0 | W3: 0 | X3: 0 | Y3: 0 | Z3: 0 | AA3: 0 | AB3: 0 | AC3: 0 | AD3: 0 | AE3: 0 | AF3: 0 | AG3: 0 | AH3: 0 | AI3: 0 | AJ3: 0 | AK3: 0 | AL3: 0 | AM3: 0 | AN3: 0 | AO3: 0 | AP3: 0 | AQ3: 0 | AR3: 0 | AS3: 0 | AT3: 0 | AU3: 0 | AV3: 0 | AW3: 0 | AX3: 0 | AY3: 0
A4: natural gas (BTU) | B4: 0 | C4: 0 | D4: 0 | E4: 0 | F4: 0 | G4: 0 | H4: 0 | I4: 0 | J4: 0 | K4: 0 | L4: 0 | M4: 0 | N4: 0 | O4: 0 | P4: 0 | Q4: 0 | R4: 0 | S4: 0 | T4: 0 | U4: 0 | V4: 0 | W4: 0 | X4: 0 | Y4: 0 | Z4: 0 | AA4: 0 | AB4: 0 | AC4: 0 | AD4: 0 | AE4: 0 | AF4: 0 | AG4: 0 | AH4: 0 | AI4: 0 | AJ4: 0 | AK4: 0 | AL4: 0 | AM4: 0 | AN4: 0 | AO4: 0 | AP4: 0 | AQ4: 0 | AR4: 0 | AS4: 0 | AT4: 0 | AU4: 0 | AV4: 0 | AW4: 0 | AX4: 0 | AY4: 0
A5: petroleum diesel (BTU) | B5: 0 | C5: 0 | D5: 0 | E5: 0 | F5: 0 | G5: 0 | H5: 0 | I5: 0 | J5: 0 | K5: 0 | L5: 0 | M5: 0 | N5: 0 | O5: 0 | P5: 0 | Q5: 0 | R5: 0 | S5: 0 | T5: 0 | U5: 0 | V5: 0 | W5: 0 | X5: 0 | Y5: 0 | Z5: 0 | AA5: 0 | AB5: 0 | AC5: 0 | AD5: 0 | AE5: 0 | AF5: 0 | AG5: 0 | AH5: 0 | AI5: 0 | AJ5: 0 | AK5: 0 | AL5: 0 | AM5: 0 | AN5: 0 | AO5: 0 | AP5: 0 | AQ5: 0 | AR5: 0 | AS5: 0 | AT5: 0 | AU5: 0 | AV5: 0 | AW5: 0 | AX5: 0 | AY5: 0
A6: heat (BTU) | B6: 0 | C6: 0 | D6: 0 | E6: 0 | F6: 0 | G6: 0 | H6: 0 | I6: 0 | J6: 0 | K6: 0 | L6: 0 | M6: 0 | N6: 0 | O6: 0 | P6: 0 | Q6: 0 | R6: 0 | S6: 0 | T6: 0 | U6: 0 | V6: 0 | W6: 0 | X6: 0 | Y6: 0 | Z6: 0 | AA6: 0 | AB6: 0 | AC6: 0 | AD6: 0 | AE6: 0 | AF6: 0 | AG6: 0 | AH6: 0 | AI6: 0 | AJ6: 0 | AK6: 0 | AL6: 0 | AM6: 0 | AN6: 0 | AO6: 0 | AP6: 0 | AQ6: 0 | AR6: 0 | AS6: 0 | AT6: 0 | AU6: 0 | AV6: 0 | AW6: 0 | AX6: 0 | AY6: 0
A7: biomass (BTU) | B7: 0 | C7: 0 | D7: 0 | E7: 0 | F7: 0 | G7: 0 | H7: 0 | I7: 0 | J7: 0 | K7: 0 | L7: 0 | M7: 0 | N7: 0 | O7: 0 | P7: 0 | Q7: 0 | R7: 0 | S7: 0 | T7: 0 | U7: 0 | V7: 0 | W7: 0 | X7: 0 | Y7: 0 | Z7: 0 | AA7: 0 | AB7: 0 | AC7: 0 | AD7: 0 | AE7: 0 | AF7: 0 | AG7: 0 | AH7: 0 | AI7: 0 | AJ7: 0 | AK7: 0 | AL7: 0 | AM7: 0 | AN7: 0 | AO7: 0 | AP7: 0 | AQ7: 0 | AR7: 0 | AS7: 0 | AT7: 0 | AU7: 0 | AV7: 0 | AW7: 0 | AX7: 0 | AY7: 0
A8: kerosene (BTU) | B8: 0 | C8: 0 | D8: 0 | E8: 0 | F8: 0 | G8: 0 | H8: 0 | I8: 0 | J8: 0 | K8: 0 | L8: 0 | M8: 0 | N8: 0 | O8: 0 | P8: 0 | Q8: 0 | R8: 0 | S8: 0 | T8: 0 | U8: 0 | V8: 0 | W8: 0 | X8: 0 | Y8: 0 | Z8: 0 | AA8: 0 | AB8: 0 | AC8: 0 | AD8: 0 | AE8: 0 | AF8: 0 | AG8: 0 | AH8: 0 | AI8: 0 | AJ8: 0 | AK8: 0 | AL8: 0 | AM8: 0 | AN8: 0 | AO8: 0 | AP8: 0 | AQ8: 0 | AR8: 0 | AS8: 0 | AT8: 0 | AU8: 0 | AV8: 0 | AW8: 0 | AX8: 0 | AY8: 0
A9: heavy or residual fuel oil (BTU) | B9: 0 | C9: 0 | D9: 0 | E9: 0 | F9: 0 | G9: 0 | H9: 0 | I9: 0 | J9: 0 | K9: 0 | L9: 0 | M9: 0 | N9: 0 | O9: 0 | P9: 0 | Q9: 0 | R9: 0 | S9: 0 | T9: 0 | U9: 0 | V9: 0 | W9: 0 | X9: 0 | Y9: 0 | Z9: 0 | AA9: 0 | AB9: 0 | AC9: 0 | AD9: 0 | AE9: 0 | AF9: 0 | AG9: 0 | AH9: 0 | AI9: 0 | AJ9: 0 | AK9: 0 | AL9: 0 | AM9: 0 | AN9: 0 | AO9: 0 | AP9: 0 | AQ9: 0 | AR9: 0 | AS9: 0 | AT9: 0 | AU9: 0 | AV9: 0 | AW9: 0 | AX9: 0 | AY9: 0
A10: LPG propane or butane (BTU) | B10: 0 | C10: 0 | D10: 0 | E10: 0 | F10: 0 | G10: 0 | H10: 0 | I10: 0 | J10: 0 | K10: 0 | L10: 0 | M10: 0 | N10: 0 | O10: 0 | P10: 0 | Q10: 0 | R10: 0 | S10: 0 | T10: 0 | U10: 0 | V10: 0 | W10: 0 | X10: 0 | Y10: 0 | Z10: 0 | AA10: 0 | AB10: 0 | AC10: 0 | AD10: 0 | AE10: 0 | AF10: 0 | AG10: 0 | AH10: 0 | AI10: 0 | AJ10: 0 | AK10: 0 | AL10: 0 | AM10: 0 | AN10: 0 | AO10: 0 | AP10: 0 | AQ10: 0 | AR10: 0 | AS10: 0 | AT10: 0 | AU10: 0 | AV10: 0 | AW10: 0 | AX10: 0 | AY10: 0
A11: hydrogen (BTU) | B11: 0 | C11: 0 | D11: 0 | E11: 0 | F11: 0 | G11: 0 | H11: 0 | I11: 0 | J11: 0 | K11: 0 | L11: 0 | M11: 0 | N11: 0 | O11: 0 | P11: 0 | Q11: 0 | R11: 0 | S11: 0 | T11: 0 | U11: 0 | V11: 0 | W11: 0 | X11: 0 | Y11: 0 | Z11: 0 | AA11: 0 | AB11: 0 | AC11: 0 | AD11: 0 | AE11: 0 | AF11: 0 | AG11: 0 | AH11: 0 | AI11: 0 | AJ11: 0 | AK11: 0 | AL11: 0 | AM11: 0 | AN11: 0 | AO11: 0 | AP11: 0 | AQ11: 0 | AR11: 0 | AS11: 0 | AT11: 0 | AU11: 0 | AV11: 0 | AW11: 0 | AX11: 0 | AY11: 0

Sheet BCEU-urban-residential-lighting
A1: Year | B1: 2021 | C1: 2022 | D1: 2023 | E1: 2024 | F1: 2025 | G1: 2026 | H1: 2027 | I1: 2028 | J1: 2029 | K1: 2030 | L1: 2031 | M1: 2032 | N1: 2033 | O1: 2034 | P1: 2035 | Q1: 2036 | R1: 2037 | S1: 2038 | T1: 2039 | U1: 2040 | V1: 2041 | W1: 2042 | X1: 2043 | Y1: 2044 | Z1: 2045 | AA1: 2046 | AB1: 2047 | AC1: 2048 | AD1: 2049 | AE1: 2050 | AF1: 2051 | AG1: 2052 | AH1: 2053 | AI1: 2054 | AJ1: 2055 | AK1: 2056 | AL1: 2057 | AM1: 2058 | AN1: 2059 | AO1: 2060 | AP1: 2061 | AQ1: 2062 | AR1: 2063 | AS1: 2064 | AT1: 2065 | AU1: 2066 | AV1: 2067 | AW1: 2068 | AX1: 2069 | AY1: 2070
A2: electricity (BTU) | B2: =Calculations!H4 -> 3.4618167e+13 | C2: =Calculations!I4 -> 3.5475044e+13 | D2: =Calculations!J4 -> 3.7113946e+13 | E2: =Calculations!K4 -> 3.8817797e+13 | F2: =Calculations!L4 -> 4.0536784e+13 | G2: =Calculations!M4 -> 4.2270218e+13 | H2: =Calculations!N4 -> 4.4017448e+13 | I2: =Calculations!O4 -> 4.627953e+13 | ... AY2: =Calculations!BE4 -> 1.9163723e+14
A3: coal (BTU) | B3: 0 | C3: 0 | D3: 0 | E3: 0 | F3: 0 | G3: 0 | H3: 0 | I3: 0 | J3: 0 | K3: 0 | L3: 0 | M3: 0 | N3: 0 | O3: 0 | P3: 0 | Q3: 0 | R3: 0 | S3: 0 | T3: 0 | U3: 0 | V3: 0 | W3: 0 | X3: 0 | Y3: 0 | Z3: 0 | AA3: 0 | AB3: 0 | AC3: 0 | AD3: 0 | AE3: 0 | AF3: 0 | AG3: 0 | AH3: 0 | AI3: 0 | AJ3: 0 | AK3: 0 | AL3: 0 | AM3: 0 | AN3: 0 | AO3: 0 | AP3: 0 | AQ3: 0 | AR3: 0 | AS3: 0 | AT3: 0 | AU3: 0 | AV3: 0 | AW3: 0 | AX3: 0 | AY3: 0
A4: natural gas (BTU) | B4: 0 | C4: 0 | D4: 0 | E4: 0 | F4: 0 | G4: 0 | H4: 0 | I4: 0 | J4: 0 | K4: 0 | L4: 0 | M4: 0 | N4: 0 | O4: 0 | P4: 0 | Q4: 0 | R4: 0 | S4: 0 | T4: 0 | U4: 0 | V4: 0 | W4: 0 | X4: 0 | Y4: 0 | Z4: 0 | AA4: 0 | AB4: 0 | AC4: 0 | AD4: 0 | AE4: 0 | AF4: 0 | AG4: 0 | AH4: 0 | AI4: 0 | AJ4: 0 | AK4: 0 | AL4: 0 | AM4: 0 | AN4: 0 | AO4: 0 | AP4: 0 | AQ4: 0 | AR4: 0 | AS4: 0 | AT4: 0 | AU4: 0 | AV4: 0 | AW4: 0 | AX4: 0 | AY4: 0
A5: petroleum diesel (BTU) | B5: 0 | C5: 0 | D5: 0 | E5: 0 | F5: 0 | G5: 0 | H5: 0 | I5: 0 | J5: 0 | K5: 0 | L5: 0 | M5: 0 | N5: 0 | O5: 0 | P5: 0 | Q5: 0 | R5: 0 | S5: 0 | T5: 0 | U5: 0 | V5: 0 | W5: 0 | X5: 0 | Y5: 0 | Z5: 0 | AA5: 0 | AB5: 0 | AC5: 0 | AD5: 0 | AE5: 0 | AF5: 0 | AG5: 0 | AH5: 0 | AI5: 0 | AJ5: 0 | AK5: 0 | AL5: 0 | AM5: 0 | AN5: 0 | AO5: 0 | AP5: 0 | AQ5: 0 | AR5: 0 | AS5: 0 | AT5: 0 | AU5: 0 | AV5: 0 | AW5: 0 | AX5: 0 | AY5: 0
A6: heat (BTU) | B6: 0 | C6: 0 | D6: 0 | E6: 0 | F6: 0 | G6: 0 | H6: 0 | I6: 0 | J6: 0 | K6: 0 | L6: 0 | M6: 0 | N6: 0 | O6: 0 | P6: 0 | Q6: 0 | R6: 0 | S6: 0 | T6: 0 | U6: 0 | V6: 0 | W6: 0 | X6: 0 | Y6: 0 | Z6: 0 | AA6: 0 | AB6: 0 | AC6: 0 | AD6: 0 | AE6: 0 | AF6: 0 | AG6: 0 | AH6: 0 | AI6: 0 | AJ6: 0 | AK6: 0 | AL6: 0 | AM6: 0 | AN6: 0 | AO6: 0 | AP6: 0 | AQ6: 0 | AR6: 0 | AS6: 0 | AT6: 0 | AU6: 0 | AV6: 0 | AW6: 0 | AX6: 0 | AY6: 0
A7: biomass (BTU) | B7: 0 | C7: 0 | D7: 0 | E7: 0 | F7: 0 | G7: 0 | H7: 0 | I7: 0 | J7: 0 | K7: 0 | L7: 0 | M7: 0 | N7: 0 | O7: 0 | P7: 0 | Q7: 0 | R7: 0 | S7: 0 | T7: 0 | U7: 0 | V7: 0 | W7: 0 | X7: 0 | Y7: 0 | Z7: 0 | AA7: 0 | AB7: 0 | AC7: 0 | AD7: 0 | AE7: 0 | AF7: 0 | AG7: 0 | AH7: 0 | AI7: 0 | AJ7: 0 | AK7: 0 | AL7: 0 | AM7: 0 | AN7: 0 | AO7: 0 | AP7: 0 | AQ7: 0 | AR7: 0 | AS7: 0 | AT7: 0 | AU7: 0 | AV7: 0 | AW7: 0 | AX7: 0 | AY7: 0
A8: kerosene (BTU) | B8: 0 | C8: 0 | D8: 0 | E8: 0 | F8: 0 | G8: 0 | H8: 0 | I8: 0 | J8: 0 | K8: 0 | L8: 0 | M8: 0 | N8: 0 | O8: 0 | P8: 0 | Q8: 0 | R8: 0 | S8: 0 | T8: 0 | U8: 0 | V8: 0 | W8: 0 | X8: 0 | Y8: 0 | Z8: 0 | AA8: 0 | AB8: 0 | AC8: 0 | AD8: 0 | AE8: 0 | AF8: 0 | AG8: 0 | AH8: 0 | AI8: 0 | AJ8: 0 | AK8: 0 | AL8: 0 | AM8: 0 | AN8: 0 | AO8: 0 | AP8: 0 | AQ8: 0 | AR8: 0 | AS8: 0 | AT8: 0 | AU8: 0 | AV8: 0 | AW8: 0 | AX8: 0 | AY8: 0
A9: heavy or residual fuel oil (BTU) | B9: 0 | C9: 0 | D9: 0 | E9: 0 | F9: 0 | G9: 0 | H9: 0 | I9: 0 | J9: 0 | K9: 0 | L9: 0 | M9: 0 | N9: 0 | O9: 0 | P9: 0 | Q9: 0 | R9: 0 | S9: 0 | T9: 0 | U9: 0 | V9: 0 | W9: 0 | X9: 0 | Y9: 0 | Z9: 0 | AA9: 0 | AB9: 0 | AC9: 0 | AD9: 0 | AE9: 0 | AF9: 0 | AG9: 0 | AH9: 0 | AI9: 0 | AJ9: 0 | AK9: 0 | AL9: 0 | AM9: 0 | AN9: 0 | AO9: 0 | AP9: 0 | AQ9: 0 | AR9: 0 | AS9: 0 | AT9: 0 | AU9: 0 | AV9: 0 | AW9: 0 | AX9: 0 | AY9: 0
A10: LPG propane or butane (BTU) | B10: 0 | C10: 0 | D10: 0 | E10: 0 | F10: 0 | G10: 0 | H10: 0 | I10: 0 | J10: 0 | K10: 0 | L10: 0 | M10: 0 | N10: 0 | O10: 0 | P10: 0 | Q10: 0 | R10: 0 | S10: 0 | T10: 0 | U10: 0 | V10: 0 | W10: 0 | X10: 0 | Y10: 0 | Z10: 0 | AA10: 0 | AB10: 0 | AC10: 0 | AD10: 0 | AE10: 0 | AF10: 0 | AG10: 0 | AH10: 0 | AI10: 0 | AJ10: 0 | AK10: 0 | AL10: 0 | AM10: 0 | AN10: 0 | AO10: 0 | AP10: 0 | AQ10: 0 | AR10: 0 | AS10: 0 | AT10: 0 | AU10: 0 | AV10: 0 | AW10: 0 | AX10: 0 | AY10: 0
A11: hydrogen (BTU) | B11: 0 | C11: 0 | D11: 0 | E11: 0 | F11: 0 | G11: 0 | H11: 0 | I11: 0 | J11: 0 | K11: 0 | L11: 0 | M11: 0 | N11: 0 | O11: 0 | P11: 0 | Q11: 0 | R11: 0 | S11: 0 | T11: 0 | U11: 0 | V11: 0 | W11: 0 | X11: 0 | Y11: 0 | Z11: 0 | AA11: 0 | AB11: 0 | AC11: 0 | AD11: 0 | AE11: 0 | AF11: 0 | AG11: 0 | AH11: 0 | AI11: 0 | AJ11: 0 | AK11: 0 | AL11: 0 | AM11: 0 | AN11: 0 | AO11: 0 | AP11: 0 | AQ11: 0 | AR11: 0 | AS11: 0 | AT11: 0 | AU11: 0 | AV11: 0 | AW11: 0 | AX11: 0 | AY11: 0

Sheet BCEU-urban-residential-appl
A1: Year | B1: 2017 | C1: 2018 | D1: 2019 | E1: 2020 | F1: 2021 | G1: 2022 | H1: 2023 | I1: 2024 | J1: 2025 | K1: 2026 | L1: 2027 | M1: 2028 | N1: 2029 | O1: 2030 | P1: 2031 | Q1: 2032 | R1: 2033 | S1: 2034 | T1: 2035 | U1: 2036 | V1: 2037 | W1: 2038 | X1: 2039 | Y1: 2040 | Z1: 2041 | AA1: 2042 | AB1: 2043 | AC1: 2044 | AD1: 2045 | AE1: 2046 | AF1: 2047 | AG1: 2048 | AH1: 2049 | AI1: 2050 | AJ1: 2051 | AK1: 2052 | AL1: 2053 | AM1: 2054 | AN1: 2055 | AO1: 2056 | AP1: 2057 | AQ1: 2058 | AR1: 2059 | AS1: 2060 | AT1: 2061 | AU1: 2062 | AV1: 2063 | AW1: 2064 | AX1: 2065 | AY1: 2066 | AZ1: 2067 | BA1: 2068 | BB1: 2069 | BC1: 2070
A2: electricity (BTU) | B2: =Calculations!D5 -> 1.3488114e+14 | C2: =Calculations!E5 -> 1.4666112e+14 | D2: =Calculations!F5 -> 1.5775089e+14 | E2: =Calculations!G5 -> 1.6899816e+14 | F2: =Calculations!H5 -> 1.8044821e+14 | G2: =Calculations!I5 -> 1.9209127e+14 | H2: =Calculations!J5 -> 2.0668146e+14 | I2: =Calculations!K5 -> 2.2182212e+14 | ... AI2: =Calculations!AK5 -> 7.4167708e+14
A3: coal (BTU) | B3: 0 | C3: 0 | D3: 0 | E3: 0 | F3: 0 | G3: 0 | H3: 0 | I3: 0 | J3: 0 | K3: 0 | L3: 0 | M3: 0 | N3: 0 | O3: 0 | P3: 0 | Q3: 0 | R3: 0 | S3: 0 | T3: 0 | U3: 0 | V3: 0 | W3: 0 | X3: 0 | Y3: 0 | Z3: 0 | AA3: 0 | AB3: 0 | AC3: 0 | AD3: 0 | AE3: 0 | AF3: 0 | AG3: 0 | AH3: 0 | AI3: 0 | AJ3: 0 | AK3: 0 | AL3: 0 | AM3: 0 | AN3: 0 | AO3: 0 | AP3: 0 | AQ3: 0 | AR3: 0 | AS3: 0 | AT3: 0 | AU3: 0 | AV3: 0 | AW3: 0 | AX3: 0 | AY3: 0 | AZ3: 0 | BA3: 0 | BB3: 0 | BC3: 0
A4: natural gas (BTU) | B4: =Calculations!D35 -> 7.9673864e+13 | C4: =Calculations!E35 -> 8.8372454e+13 | D4: =Calculations!F35 -> 9.7071044e+13 | E4: =Calculations!G35 -> 1.0576963e+14 | F4: =Calculations!H35 -> 1.1446822e+14 | G4: =Calculations!I35 -> 1.2316681e+14 | H4: =Calculations!J35 -> 1.3557068e+14 | I4: =Calculations!K35 -> 1.4797454e+14 | ... AI4: =Calculations!AK35 -> 3.8858577e+14
A5: petroleum diesel (BTU) | B5: 0 | C5: 0 | D5: 0 | E5: 0 | F5: 0 | G5: 0 | H5: 0 | I5: 0 | J5: 0 | K5: 0 | L5: 0 | M5: 0 | N5: 0 | O5: 0 | P5: 0 | Q5: 0 | R5: 0 | S5: 0 | T5: 0 | U5: 0 | V5: 0 | W5: 0 | X5: 0 | Y5: 0 | Z5: 0 | AA5: 0 | AB5: 0 | AC5: 0 | AD5: 0 | AE5: 0 | AF5: 0 | AG5: 0 | AH5: 0 | AI5: 0 | AJ5: 0 | AK5: 0 | AL5: 0 | AM5: 0 | AN5: 0 | AO5: 0 | AP5: 0 | AQ5: 0 | AR5: 0 | AS5: 0 | AT5: 0 | AU5: 0 | AV5: 0 | AW5: 0 | AX5: 0 | AY5: 0 | AZ5: 0 | BA5: 0 | BB5: 0 | BC5: 0
A6: heat (BTU) | B6: 0 | C6: 0 | D6: 0 | E6: 0 | F6: 0 | G6: 0 | H6: 0 | I6: 0 | J6: 0 | K6: 0 | L6: 0 | M6: 0 | N6: 0 | O6: 0 | P6: 0 | Q6: 0 | R6: 0 | S6: 0 | T6: 0 | U6: 0 | V6: 0 | W6: 0 | X6: 0 | Y6: 0 | Z6: 0 | AA6: 0 | AB6: 0 | AC6: 0 | AD6: 0 | AE6: 0 | AF6: 0 | AG6: 0 | AH6: 0 | AI6: 0 | AJ6: 0 | AK6: 0 | AL6: 0 | AM6: 0 | AN6: 0 | AO6: 0 | AP6: 0 | AQ6: 0 | AR6: 0 | AS6: 0 | AT6: 0 | AU6: 0 | AV6: 0 | AW6: 0 | AX6: 0 | AY6: 0 | AZ6: 0 | BA6: 0 | BB6: 0 | BC6: 0
A7: biomass (BTU) | B7: =Calculations!D80 -> 4.456917e+14 | C7: =Calculations!E80 -> 4.1385575e+14 | D7: =Calculations!F80 -> 3.820198e+14 | E7: =Calculations!G80 -> 3.5018385e+14 | F7: =Calculations!H80 -> 3.183479e+14 | G7: =Calculations!I80 -> 2.8651196e+14 | H7: =Calculations!J80 -> 2.5190171e+14 | I7: =Calculations!K80 -> 2.1729146e+14 | ... BC7: =Calculations!BE80 -> 0
A8: kerosene (BTU) | B8: 0 | C8: 0 | D8: 0 | E8: 0 | F8: 0 | G8: 0 | H8: 0 | I8: 0 | J8: 0 | K8: 0 | L8: 0 | M8: 0 | N8: 0 | O8: 0 | P8: 0 | Q8: 0 | R8: 0 | S8: 0 | T8: 0 | U8: 0 | V8: 0 | W8: 0 | X8: 0 | Y8: 0 | Z8: 0 | AA8: 0 | AB8: 0 | AC8: 0 | AD8: 0 | AE8: 0 | AF8: 0 | AG8: 0 | AH8: 0 | AI8: 0 | AJ8: 0 | AK8: 0 | AL8: 0 | AM8: 0 | AN8: 0 | AO8: 0 | AP8: 0 | AQ8: 0 | AR8: 0 | AS8: 0 | AT8: 0 | AU8: 0 | AV8: 0 | AW8: 0 | AX8: 0 | AY8: 0 | AZ8: 0 | BA8: 0 | BB8: 0 | BC8: 0
A9: heavy or residual fuel oil (BTU) | B9: 0 | C9: 0 | D9: 0 | E9: 0 | F9: 0 | G9: 0 | H9: 0 | I9: 0 | J9: 0 | K9: 0 | L9: 0 | M9: 0 | N9: 0 | O9: 0 | P9: 0 | Q9: 0 | R9: 0 | S9: 0 | T9: 0 | U9: 0 | V9: 0 | W9: 0 | X9: 0 | Y9: 0 | Z9: 0 | AA9: 0 | AB9: 0 | AC9: 0 | AD9: 0 | AE9: 0 | AF9: 0 | AG9: 0 | AH9: 0 | AI9: 0 | AJ9: 0 | AK9: 0 | AL9: 0 | AM9: 0 | AN9: 0 | AO9: 0 | AP9: 0 | AQ9: 0 | AR9: 0 | AS9: 0 | AT9: 0 | AU9: 0 | AV9: 0 | AW9: 0 | AX9: 0 | AY9: 0 | AZ9: 0 | BA9: 0 | BB9: 0 | BC9: 0
A10: LPG propane or butane (BTU) | B10: =Calculations!D125 -> 4.9513338e+14 | C10: =Calculations!E125 -> 533991555612341 | D10: =Calculations!F125 -> 570094758271666 | E10: =Calculations!G125 -> 5.7966747e+14 | F10: =Calculations!H125 -> 6.0102219e+14 | G10: =Calculations!I125 -> 6.0147109e+14 | H10: =Calculations!J125 -> 6.0191999e+14 | I10: =Calculations!K125 -> 6.023689e+14 | ... AI10: =Calculations!AK125 -> 6.0181776e+14
A11: hydrogen (BTU) | B11: 0 | C11: 0 | D11: 0 | E11: 0 | F11: 0 | G11: 0 | H11: 0 | I11: 0 | J11: 0 | K11: 0 | L11: 0 | M11: 0 | N11: 0 | O11: 0 | P11: 0 | Q11: 0 | R11: 0 | S11: 0 | T11: 0 | U11: 0 | V11: 0 | W11: 0 | X11: 0 | Y11: 0 | Z11: 0 | AA11: 0 | AB11: 0 | AC11: 0 | AD11: 0 | AE11: 0 | AF11: 0 | AG11: 0 | AH11: 0 | AI11: 0 | AJ11: 0 | AK11: 0 | AL11: 0 | AM11: 0 | AN11: 0 | AO11: 0 | AP11: 0 | AQ11: 0 | AR11: 0 | AS11: 0 | AT11: 0 | AU11: 0 | AV11: 0 | AW11: 0 | AX11: 0 | AY11: 0 | AZ11: 0 | BA11: 0 | BB11: 0 | BC11: 0

Sheet BCEU-urban-residential-other
A1: Year | B1: 2020 | C1: 2021 | D1: 2022 | E1: 2023 | F1: 2024 | G1: 2025 | H1: 2026 | I1: 2027 | J1: 2028 | K1: 2029 | L1: 2030 | M1: 2031 | N1: 2032 | O1: 2033 | P1: 2034 | Q1: 2035 | R1: 2036 | S1: 2037 | T1: 2038 | U1: 2039 | V1: 2040 | W1: 2041 | X1: 2042 | Y1: 2043 | Z1: 2044 | AA1: 2045 | AB1: 2046 | AC1: 2047 | AD1: 2048 | AE1: 2049 | AF1: 2050 | AG1: 2051 | AH1: 2052 | AI1: 2053 | AJ1: 2054 | AK1: 2055 | AL1: 2056 | AM1: 2057 | AN1: 2058 | AO1: 2059 | AP1: 2060 | AQ1: 2061 | AR1: 2062 | AS1: 2063 | AT1: 2064 | AU1: 2065 | AV1: 2066 | AW1: 2067 | AX1: 2068 | AY1: 2069 | AZ1: 2070
A2: electricity (BTU) | B2: =Calculations!G6 -> 3.5038118e+13 | C2: =Calculations!H6 -> 4.0962765e+13 | D2: =Calculations!I6 -> 3.6324884e+13 | E2: =Calculations!J6 -> 4.1509962e+13 | F2: =Calculations!K6 -> 4.6883517e+13 | G2: =Calculations!L6 -> 5.2388893e+13 | H2: =Calculations!M6 -> 5.8020078e+13 | I2: =Calculations!N6 -> 6.3771419e+13 | ... AZ2: =Calculations!BE6 -> 9.3536722e+14
A3: coal (BTU) | B3: 0 | C3: 0 | D3: 0 | E3: 0 | F3: 0 | G3: 0 | H3: 0 | I3: 0 | J3: 0 | K3: 0 | L3: 0 | M3: 0 | N3: 0 | O3: 0 | P3: 0 | Q3: 0 | R3: 0 | S3: 0 | T3: 0 | U3: 0 | V3: 0 | W3: 0 | X3: 0 | Y3: 0 | Z3: 0 | AA3: 0 | AB3: 0 | AC3: 0 | AD3: 0 | AE3: 0 | AF3: 0 | AG3: 0 | AH3: 0 | AI3: 0 | AJ3: 0 | AK3: 0 | AL3: 0 | AM3: 0 | AN3: 0 | AO3: 0 | AP3: 0 | AQ3: 0 | AR3: 0 | AS3: 0 | AT3: 0 | AU3: 0 | AV3: 0 | AW3: 0 | AX3: 0 | AY3: 0 | AZ3: 0
A4: natural gas (BTU) | B4: 0 | C4: 0 | D4: 0 | E4: 0 | F4: 0 | G4: 0 | H4: 0 | I4: 0 | J4: 0 | K4: 0 | L4: 0 | M4: 0 | N4: 0 | O4: 0 | P4: 0 | Q4: 0 | R4: 0 | S4: 0 | T4: 0 | U4: 0 | V4: 0 | W4: 0 | X4: 0 | Y4: 0 | Z4: 0 | AA4: 0 | AB4: 0 | AC4: 0 | AD4: 0 | AE4: 0 | AF4: 0 | AG4: 0 | AH4: 0 | AI4: 0 | AJ4: 0 | AK4: 0 | AL4: 0 | AM4: 0 | AN4: 0 | AO4: 0 | AP4: 0 | AQ4: 0 | AR4: 0 | AS4: 0 | AT4: 0 | AU4: 0 | AV4: 0 | AW4: 0 | AX4: 0 | AY4: 0 | AZ4: 0
A5: petroleum diesel (BTU) | B5: 0 | C5: 0 | D5: 0 | E5: 0 | F5: 0 | G5: 0 | H5: 0 | I5: 0 | J5: 0 | K5: 0 | L5: 0 | M5: 0 | N5: 0 | O5: 0 | P5: 0 | Q5: 0 | R5: 0 | S5: 0 | T5: 0 | U5: 0 | V5: 0 | W5: 0 | X5: 0 | Y5: 0 | Z5: 0 | AA5: 0 | AB5: 0 | AC5: 0 | AD5: 0 | AE5: 0 | AF5: 0 | AG5: 0 | AH5: 0 | AI5: 0 | AJ5: 0 | AK5: 0 | AL5: 0 | AM5: 0 | AN5: 0 | AO5: 0 | AP5: 0 | AQ5: 0 | AR5: 0 | AS5: 0 | AT5: 0 | AU5: 0 | AV5: 0 | AW5: 0 | AX5: 0 | AY5: 0 | AZ5: 0
A6: heat (BTU) | B6: 0 | C6: 0 | D6: 0 | E6: 0 | F6: 0 | G6: 0 | H6: 0 | I6: 0 | J6: 0 | K6: 0 | L6: 0 | M6: 0 | N6: 0 | O6: 0 | P6: 0 | Q6: 0 | R6: 0 | S6: 0 | T6: 0 | U6: 0 | V6: 0 | W6: 0 | X6: 0 | Y6: 0 | Z6: 0 | AA6: 0 | AB6: 0 | AC6: 0 | AD6: 0 | AE6: 0 | AF6: 0 | AG6: 0 | AH6: 0 | AI6: 0 | AJ6: 0 | AK6: 0 | AL6: 0 | AM6: 0 | AN6: 0 | AO6: 0 | AP6: 0 | AQ6: 0 | AR6: 0 | AS6: 0 | AT6: 0 | AU6: 0 | AV6: 0 | AW6: 0 | AX6: 0 | AY6: 0 | AZ6: 0
A7: biomass (BTU) | B7: 0 | C7: 0 | D7: 0 | E7: 0 | F7: 0 | G7: 0 | H7: 0 | I7: 0 | J7: 0 | K7: 0 | L7: 0 | M7: 0 | N7: 0 | O7: 0 | P7: 0 | Q7: 0 | R7: 0 | S7: 0 | T7: 0 | U7: 0 | V7: 0 | W7: 0 | X7: 0 | Y7: 0 | Z7: 0 | AA7: 0 | AB7: 0 | AC7: 0 | AD7: 0 | AE7: 0 | AF7: 0 | AG7: 0 | AH7: 0 | AI7: 0 | AJ7: 0 | AK7: 0 | AL7: 0 | AM7: 0 | AN7: 0 | AO7: 0 | AP7: 0 | AQ7: 0 | AR7: 0 | AS7: 0 | AT7: 0 | AU7: 0 | AV7: 0 | AW7: 0 | AX7: 0 | AY7: 0 | AZ7: 0
A8: kerosene (BTU) | B8: 0 | C8: 0 | D8: 0 | E8: 0 | F8: 0 | G8: 0 | H8: 0 | I8: 0 | J8: 0 | K8: 0 | L8: 0 | M8: 0 | N8: 0 | O8: 0 | P8: 0 | Q8: 0 | R8: 0 | S8: 0 | T8: 0 | U8: 0 | V8: 0 | W8: 0 | X8: 0 | Y8: 0 | Z8: 0 | AA8: 0 | AB8: 0 | AC8: 0 | AD8: 0 | AE8: 0 | AF8: 0 | AG8: 0 | AH8: 0 | AI8: 0 | AJ8: 0 | AK8: 0 | AL8: 0 | AM8: 0 | AN8: 0 | AO8: 0 | AP8: 0 | AQ8: 0 | AR8: 0 | AS8: 0 | AT8: 0 | AU8: 0 | AV8: 0 | AW8: 0 | AX8: 0 | AY8: 0 | AZ8: 0
A9: heavy or residual fuel oil (BTU) | B9: 0 | C9: 0 | D9: 0 | E9: 0 | F9: 0 | G9: 0 | H9: 0 | I9: 0 | J9: 0 | K9: 0 | L9: 0 | M9: 0 | N9: 0 | O9: 0 | P9: 0 | Q9: 0 | R9: 0 | S9: 0 | T9: 0 | U9: 0 | V9: 0 | W9: 0 | X9: 0 | Y9: 0 | Z9: 0 | AA9: 0 | AB9: 0 | AC9: 0 | AD9: 0 | AE9: 0 | AF9: 0 | AG9: 0 | AH9: 0 | AI9: 0 | AJ9: 0 | AK9: 0 | AL9: 0 | AM9: 0 | AN9: 0 | AO9: 0 | AP9: 0 | AQ9: 0 | AR9: 0 | AS9: 0 | AT9: 0 | AU9: 0 | AV9: 0 | AW9: 0 | AX9: 0 | AY9: 0 | AZ9: 0
A10: LPG propane or butane (BTU) | B10: 0 | C10: 0 | D10: 0 | E10: 0 | F10: 0 | G10: 0 | H10: 0 | I10: 0 | J10: 0 | K10: 0 | L10: 0 | M10: 0 | N10: 0 | O10: 0 | P10: 0 | Q10: 0 | R10: 0 | S10: 0 | T10: 0 | U10: 0 | V10: 0 | W10: 0 | X10: 0 | Y10: 0 | Z10: 0 | AA10: 0 | AB10: 0 | AC10: 0 | AD10: 0 | AE10: 0 | AF10: 0 | AG10: 0 | AH10: 0 | AI10: 0 | AJ10: 0 | AK10: 0 | AL10: 0 | AM10: 0 | AN10: 0 | AO10: 0 | AP10: 0 | AQ10: 0 | AR10: 0 | AS10: 0 | AT10: 0 | AU10: 0 | AV10: 0 | AW10: 0 | AX10: 0 | AY10: 0 | AZ10: 0
A11: hydrogen (BTU) | B11: 0 | C11: 0 | D11: 0 | E11: 0 | F11: 0 | G11: 0 | H11: 0 | I11: 0 | J11: 0 | K11: 0 | L11: 0 | M11: 0 | N11: 0 | O11: 0 | P11: 0 | Q11: 0 | R11: 0 | S11: 0 | T11: 0 | U11: 0 | V11: 0 | W11: 0 | X11: 0 | Y11: 0 | Z11: 0 | AA11: 0 | AB11: 0 | AC11: 0 | AD11: 0 | AE11: 0 | AF11: 0 | AG11: 0 | AH11: 0 | AI11: 0 | AJ11: 0 | AK11: 0 | AL11: 0 | AM11: 0 | AN11: 0 | AO11: 0 | AP11: 0 | AQ11: 0 | AR11: 0 | AS11: 0 | AT11: 0 | AU11: 0 | AV11: 0 | AW11: 0 | AX11: 0 | AY11: 0 | AZ11: 0

Sheet BCEU-rural-residential-heating
A1: Year | B1: 2021 | C1: 2022 | D1: 2023 | E1: 2024 | F1: 2025 | G1: 2026 | H1: 2027 | I1: 2028 | J1: 2029 | K1: 2030 | L1: 2031 | M1: 2032 | N1: 2033 | O1: 2034 | P1: 2035 | Q1: 2036 | R1: 2037 | S1: 2038 | T1: 2039 | U1: 2040 | V1: 2041 | W1: 2042 | X1: 2043 | Y1: 2044 | Z1: 2045 | AA1: 2046 | AB1: 2047 | AC1: 2048 | AD1: 2049 | AE1: 2050 | AF1: 2051 | AG1: 2052 | AH1: 2053 | AI1: 2054 | AJ1: 2055 | AK1: 2056 | AL1: 2057 | AM1: 2058 | AN1: 2059 | AO1: 2060 | AP1: 2061 | AQ1: 2062 | AR1: 2063 | AS1: 2064 | AT1: 2065 | AU1: 2066 | AV1: 2067 | AW1: 2068 | AX1: 2069 | AY1: 2070
A2: electricity (BTU) | B2: 0 | C2: 0 | D2: 0 | E2: 0 | F2: 0 | G2: 0 | H2: 0 | I2: 0 | J2: 0 | K2: 0 | L2: 0 | M2: 0 | N2: 0 | O2: 0 | P2: 0 | Q2: 0 | R2: 0 | S2: 0 | T2: 0 | U2: 0 | V2: 0 | W2: 0 | X2: 0 | Y2: 0 | Z2: 0 | AA2: 0 | AB2: 0 | AC2: 0 | AD2: 0 | AE2: 0 | AF2: 0 | AG2: 0 | AH2: 0 | AI2: 0 | AJ2: 0 | AK2: 0 | AL2: 0 | AM2: 0 | AN2: 0 | AO2: 0 | AP2: 0 | AQ2: 0 | AR2: 0 | AS2: 0 | AT2: 0 | AU2: 0 | AV2: 0 | AW2: 0 | AX2: 0 | AY2: 0
A3: coal (BTU) | B3: =Calculations!H22 -> 0 | C3: =Calculations!I22 -> 0 | D3: =Calculations!J22 -> 0 | E3: =Calculations!K22 -> 0 | F3: =Calculations!L22 -> 0 | G3: =Calculations!M22 -> 0 | H3: =Calculations!N22 -> 0 | I3: =Calculations!O22 -> 0 | ... AY3: =Calculations!BE22 -> 0
A4: natural gas (BTU) | B4: 0 | C4: 0 | D4: 0 | E4: 0 | F4: 0 | G4: 0 | H4: 0 | I4: 0 | J4: 0 | K4: 0 | L4: 0 | M4: 0 | N4: 0 | O4: 0 | P4: 0 | Q4: 0 | R4: 0 | S4: 0 | T4: 0 | U4: 0 | V4: 0 | W4: 0 | X4: 0 | Y4: 0 | Z4: 0 | AA4: 0 | AB4: 0 | AC4: 0 | AD4: 0 | AE4: 0 | AF4: 0 | AG4: 0 | AH4: 0 | AI4: 0 | AJ4: 0 | AK4: 0 | AL4: 0 | AM4: 0 | AN4: 0 | AO4: 0 | AP4: 0 | AQ4: 0 | AR4: 0 | AS4: 0 | AT4: 0 | AU4: 0 | AV4: 0 | AW4: 0 | AX4: 0 | AY4: 0
A5: petroleum diesel (BTU) | B5: 0 | C5: 0 | D5: 0 | E5: 0 | F5: 0 | G5: 0 | H5: 0 | I5: 0 | J5: 0 | K5: 0 | L5: 0 | M5: 0 | N5: 0 | O5: 0 | P5: 0 | Q5: 0 | R5: 0 | S5: 0 | T5: 0 | U5: 0 | V5: 0 | W5: 0 | X5: 0 | Y5: 0 | Z5: 0 | AA5: 0 | AB5: 0 | AC5: 0 | AD5: 0 | AE5: 0 | AF5: 0 | AG5: 0 | AH5: 0 | AI5: 0 | AJ5: 0 | AK5: 0 | AL5: 0 | AM5: 0 | AN5: 0 | AO5: 0 | AP5: 0 | AQ5: 0 | AR5: 0 | AS5: 0 | AT5: 0 | AU5: 0 | AV5: 0 | AW5: 0 | AX5: 0 | AY5: 0
A6: heat (BTU) | B6: 0 | C6: 0 | D6: 0 | E6: 0 | F6: 0 | G6: 0 | H6: 0 | I6: 0 | J6: 0 | K6: 0 | L6: 0 | M6: 0 | N6: 0 | O6: 0 | P6: 0 | Q6: 0 | R6: 0 | S6: 0 | T6: 0 | U6: 0 | V6: 0 | W6: 0 | X6: 0 | Y6: 0 | Z6: 0 | AA6: 0 | AB6: 0 | AC6: 0 | AD6: 0 | AE6: 0 | AF6: 0 | AG6: 0 | AH6: 0 | AI6: 0 | AJ6: 0 | AK6: 0 | AL6: 0 | AM6: 0 | AN6: 0 | AO6: 0 | AP6: 0 | AQ6: 0 | AR6: 0 | AS6: 0 | AT6: 0 | AU6: 0 | AV6: 0 | AW6: 0 | AX6: 0 | AY6: 0
A7: biomass (BTU) | B7: =Calculations!H82 -> 0 | C7: =Calculations!I82 -> 0 | D7: =Calculations!J82 -> 0 | E7: =Calculations!K82 -> 0 | F7: =Calculations!L82 -> 0 | G7: =Calculations!M82 -> 0 | H7: =Calculations!N82 -> 0 | I7: =Calculations!O82 -> 0 | ... AY7: =Calculations!BE82 -> 0
A8: kerosene (BTU) | B8: 0 | C8: 0 | D8: 0 | E8: 0 | F8: 0 | G8: 0 | H8: 0 | I8: 0 | J8: 0 | K8: 0 | L8: 0 | M8: 0 | N8: 0 | O8: 0 | P8: 0 | Q8: 0 | R8: 0 | S8: 0 | T8: 0 | U8: 0 | V8: 0 | W8: 0 | X8: 0 | Y8: 0 | Z8: 0 | AA8: 0 | AB8: 0 | AC8: 0 | AD8: 0 | AE8: 0 | AF8: 0 | AG8: 0 | AH8: 0 | AI8: 0 | AJ8: 0 | AK8: 0 | AL8: 0 | AM8: 0 | AN8: 0 | AO8: 0 | AP8: 0 | AQ8: 0 | AR8: 0 | AS8: 0 | AT8: 0 | AU8: 0 | AV8: 0 | AW8: 0 | AX8: 0 | AY8: 0
A9: heavy or residual fuel oil (BTU) | B9: 0 | C9: 0 | D9: 0 | E9: 0 | F9: 0 | G9: 0 | H9: 0 | I9: 0 | J9: 0 | K9: 0 | L9: 0 | M9: 0 | N9: 0 | O9: 0 | P9: 0 | Q9: 0 | R9: 0 | S9: 0 | T9: 0 | U9: 0 | V9: 0 | W9: 0 | X9: 0 | Y9: 0 | Z9: 0 | AA9: 0 | AB9: 0 | AC9: 0 | AD9: 0 | AE9: 0 | AF9: 0 | AG9: 0 | AH9: 0 | AI9: 0 | AJ9: 0 | AK9: 0 | AL9: 0 | AM9: 0 | AN9: 0 | AO9: 0 | AP9: 0 | AQ9: 0 | AR9: 0 | AS9: 0 | AT9: 0 | AU9: 0 | AV9: 0 | AW9: 0 | AX9: 0 | AY9: 0
A10: LPG propane or butane (BTU) | B10: 0 | C10: 0 | D10: 0 | E10: 0 | F10: 0 | G10: 0 | H10: 0 | I10: 0 | J10: 0 | K10: 0 | L10: 0 | M10: 0 | N10: 0 | O10: 0 | P10: 0 | Q10: 0 | R10: 0 | S10: 0 | T10: 0 | U10: 0 | V10: 0 | W10: 0 | X10: 0 | Y10: 0 | Z10: 0 | AA10: 0 | AB10: 0 | AC10: 0 | AD10: 0 | AE10: 0 | AF10: 0 | AG10: 0 | AH10: 0 | AI10: 0 | AJ10: 0 | AK10: 0 | AL10: 0 | AM10: 0 | AN10: 0 | AO10: 0 | AP10: 0 | AQ10: 0 | AR10: 0 | AS10: 0 | AT10: 0 | AU10: 0 | AV10: 0 | AW10: 0 | AX10: 0 | AY10: 0
A11: hydrogen (BTU) | B11: 0 | C11: 0 | D11: 0 | E11: 0 | F11: 0 | G11: 0 | H11: 0 | I11: 0 | J11: 0 | K11: 0 | L11: 0 | M11: 0 | N11: 0 | O11: 0 | P11: 0 | Q11: 0 | R11: 0 | S11: 0 | T11: 0 | U11: 0 | V11: 0 | W11: 0 | X11: 0 | Y11: 0 | Z11: 0 | AA11: 0 | AB11: 0 | AC11: 0 | AD11: 0 | AE11: 0 | AF11: 0 | AG11: 0 | AH11: 0 | AI11: 0 | AJ11: 0 | AK11: 0 | AL11: 0 | AM11: 0 | AN11: 0 | AO11: 0 | AP11: 0 | AQ11: 0 | AR11: 0 | AS11: 0 | AT11: 0 | AU11: 0 | AV11: 0 | AW11: 0 | AX11: 0 | AY11: 0

Sheet BCEU-rural-residential-cooling
A1: Year | B1: 2021 | C1: 2022 | D1: 2023 | E1: 2024 | F1: 2025 | G1: 2026 | H1: 2027 | I1: 2028 | J1: 2029 | K1: 2030 | L1: 2031 | M1: 2032 | N1: 2033 | O1: 2034 | P1: 2035 | Q1: 2036 | R1: 2037 | S1: 2038 | T1: 2039 | U1: 2040 | V1: 2041 | W1: 2042 | X1: 2043 | Y1: 2044 | Z1: 2045 | AA1: 2046 | AB1: 2047 | AC1: 2048 | AD1: 2049 | AE1: 2050 | AF1: 2051 | AG1: 2052 | AH1: 2053 | AI1: 2054 | AJ1: 2055 | AK1: 2056 | AL1: 2057 | AM1: 2058 | AN1: 2059 | AO1: 2060 | AP1: 2061 | AQ1: 2062 | AR1: 2063 | AS1: 2064 | AT1: 2065 | AU1: 2066 | AV1: 2067 | AW1: 2068 | AX1: 2069 | AY1: 2070
A2: electricity (BTU) | B2: =Calculations!H8 -> 3.2244849e+13 | C2: =Calculations!I8 -> 2.859268e+13 | D2: =Calculations!J8 -> 3.197601e+13 | E2: =Calculations!K8 -> 3.5265462e+13 | F2: =Calculations!L8 -> 3.8488298e+13 | G2: =Calculations!M8 -> 4.1647556e+13 | H2: =Calculations!N8 -> 4.4746093e+13 | I2: =Calculations!O8 -> 4.9871578e+13 | ... AY2: =Calculations!BE8 -> 2.7613278e+14
A3: coal (BTU) | B3: 0 | C3: 0 | D3: 0 | E3: 0 | F3: 0 | G3: 0 | H3: 0 | I3: 0 | J3: 0 | K3: 0 | L3: 0 | M3: 0 | N3: 0 | O3: 0 | P3: 0 | Q3: 0 | R3: 0 | S3: 0 | T3: 0 | U3: 0 | V3: 0 | W3: 0 | X3: 0 | Y3: 0 | Z3: 0 | AA3: 0 | AB3: 0 | AC3: 0 | AD3: 0 | AE3: 0 | AF3: 0 | AG3: 0 | AH3: 0 | AI3: 0 | AJ3: 0 | AK3: 0 | AL3: 0 | AM3: 0 | AN3: 0 | AO3: 0 | AP3: 0 | AQ3: 0 | AR3: 0 | AS3: 0 | AT3: 0 | AU3: 0 | AV3: 0 | AW3: 0 | AX3: 0 | AY3: 0
A4: natural gas (BTU) | B4: 0 | C4: 0 | D4: 0 | E4: 0 | F4: 0 | G4: 0 | H4: 0 | I4: 0 | J4: 0 | K4: 0 | L4: 0 | M4: 0 | N4: 0 | O4: 0 | P4: 0 | Q4: 0 | R4: 0 | S4: 0 | T4: 0 | U4: 0 | V4: 0 | W4: 0 | X4: 0 | Y4: 0 | Z4: 0 | AA4: 0 | AB4: 0 | AC4: 0 | AD4: 0 | AE4: 0 | AF4: 0 | AG4: 0 | AH4: 0 | AI4: 0 | AJ4: 0 | AK4: 0 | AL4: 0 | AM4: 0 | AN4: 0 | AO4: 0 | AP4: 0 | AQ4: 0 | AR4: 0 | AS4: 0 | AT4: 0 | AU4: 0 | AV4: 0 | AW4: 0 | AX4: 0 | AY4: 0
A5: petroleum diesel (BTU) | B5: 0 | C5: 0 | D5: 0 | E5: 0 | F5: 0 | G5: 0 | H5: 0 | I5: 0 | J5: 0 | K5: 0 | L5: 0 | M5: 0 | N5: 0 | O5: 0 | P5: 0 | Q5: 0 | R5: 0 | S5: 0 | T5: 0 | U5: 0 | V5: 0 | W5: 0 | X5: 0 | Y5: 0 | Z5: 0 | AA5: 0 | AB5: 0 | AC5: 0 | AD5: 0 | AE5: 0 | AF5: 0 | AG5: 0 | AH5: 0 | AI5: 0 | AJ5: 0 | AK5: 0 | AL5: 0 | AM5: 0 | AN5: 0 | AO5: 0 | AP5: 0 | AQ5: 0 | AR5: 0 | AS5: 0 | AT5: 0 | AU5: 0 | AV5: 0 | AW5: 0 | AX5: 0 | AY5: 0
A6: heat (BTU) | B6: 0 | C6: 0 | D6: 0 | E6: 0 | F6: 0 | G6: 0 | H6: 0 | I6: 0 | J6: 0 | K6: 0 | L6: 0 | M6: 0 | N6: 0 | O6: 0 | P6: 0 | Q6: 0 | R6: 0 | S6: 0 | T6: 0 | U6: 0 | V6: 0 | W6: 0 | X6: 0 | Y6: 0 | Z6: 0 | AA6: 0 | AB6: 0 | AC6: 0 | AD6: 0 | AE6: 0 | AF6: 0 | AG6: 0 | AH6: 0 | AI6: 0 | AJ6: 0 | AK6: 0 | AL6: 0 | AM6: 0 | AN6: 0 | AO6: 0 | AP6: 0 | AQ6: 0 | AR6: 0 | AS6: 0 | AT6: 0 | AU6: 0 | AV6: 0 | AW6: 0 | AX6: 0 | AY6: 0
A7: biomass (BTU) | B7: 0 | C7: 0 | D7: 0 | E7: 0 | F7: 0 | G7: 0 | H7: 0 | I7: 0 | J7: 0 | K7: 0 | L7: 0 | M7: 0 | N7: 0 | O7: 0 | P7: 0 | Q7: 0 | R7: 0 | S7: 0 | T7: 0 | U7: 0 | V7: 0 | W7: 0 | X7: 0 | Y7: 0 | Z7: 0 | AA7: 0 | AB7: 0 | AC7: 0 | AD7: 0 | AE7: 0 | AF7: 0 | AG7: 0 | AH7: 0 | AI7: 0 | AJ7: 0 | AK7: 0 | AL7: 0 | AM7: 0 | AN7: 0 | AO7: 0 | AP7: 0 | AQ7: 0 | AR7: 0 | AS7: 0 | AT7: 0 | AU7: 0 | AV7: 0 | AW7: 0 | AX7: 0 | AY7: 0
A8: kerosene (BTU) | B8: 0 | C8: 0 | D8: 0 | E8: 0 | F8: 0 | G8: 0 | H8: 0 | I8: 0 | J8: 0 | K8: 0 | L8: 0 | M8: 0 | N8: 0 | O8: 0 | P8: 0 | Q8: 0 | R8: 0 | S8: 0 | T8: 0 | U8: 0 | V8: 0 | W8: 0 | X8: 0 | Y8: 0 | Z8: 0 | AA8: 0 | AB8: 0 | AC8: 0 | AD8: 0 | AE8: 0 | AF8: 0 | AG8: 0 | AH8: 0 | AI8: 0 | AJ8: 0 | AK8: 0 | AL8: 0 | AM8: 0 | AN8: 0 | AO8: 0 | AP8: 0 | AQ8: 0 | AR8: 0 | AS8: 0 | AT8: 0 | AU8: 0 | AV8: 0 | AW8: 0 | AX8: 0 | AY8: 0
A9: heavy or residual fuel oil (BTU) | B9: 0 | C9: 0 | D9: 0 | E9: 0 | F9: 0 | G9: 0 | H9: 0 | I9: 0 | J9: 0 | K9: 0 | L9: 0 | M9: 0 | N9: 0 | O9: 0 | P9: 0 | Q9: 0 | R9: 0 | S9: 0 | T9: 0 | U9: 0 | V9: 0 | W9: 0 | X9: 0 | Y9: 0 | Z9: 0 | AA9: 0 | AB9: 0 | AC9: 0 | AD9: 0 | AE9: 0 | AF9: 0 | AG9: 0 | AH9: 0 | AI9: 0 | AJ9: 0 | AK9: 0 | AL9: 0 | AM9: 0 | AN9: 0 | AO9: 0 | AP9: 0 | AQ9: 0 | AR9: 0 | AS9: 0 | AT9: 0 | AU9: 0 | AV9: 0 | AW9: 0 | AX9: 0 | AY9: 0
A10: LPG propane or butane (BTU) | B10: 0 | C10: 0 | D10: 0 | E10: 0 | F10: 0 | G10: 0 | H10: 0 | I10: 0 | J10: 0 | K10: 0 | L10: 0 | M10: 0 | N10: 0 | O10: 0 | P10: 0 | Q10: 0 | R10: 0 | S10: 0 | T10: 0 | U10: 0 | V10: 0 | W10: 0 | X10: 0 | Y10: 0 | Z10: 0 | AA10: 0 | AB10: 0 | AC10: 0 | AD10: 0 | AE10: 0 | AF10: 0 | AG10: 0 | AH10: 0 | AI10: 0 | AJ10: 0 | AK10: 0 | AL10: 0 | AM10: 0 | AN10: 0 | AO10: 0 | AP10: 0 | AQ10: 0 | AR10: 0 | AS10: 0 | AT10: 0 | AU10: 0 | AV10: 0 | AW10: 0 | AX10: 0 | AY10: 0
A11: hydrogen (BTU) | B11: 0 | C11: 0 | D11: 0 | E11: 0 | F11: 0 | G11: 0 | H11: 0 | I11: 0 | J11: 0 | K11: 0 | L11: 0 | M11: 0 | N11: 0 | O11: 0 | P11: 0 | Q11: 0 | R11: 0 | S11: 0 | T11: 0 | U11: 0 | V11: 0 | W11: 0 | X11: 0 | Y11: 0 | Z11: 0 | AA11: 0 | AB11: 0 | AC11: 0 | AD11: 0 | AE11: 0 | AF11: 0 | AG11: 0 | AH11: 0 | AI11: 0 | AJ11: 0 | AK11: 0 | AL11: 0 | AM11: 0 | AN11: 0 | AO11: 0 | AP11: 0 | AQ11: 0 | AR11: 0 | AS11: 0 | AT11: 0 | AU11: 0 | AV11: 0 | AW11: 0 | AX11: 0 | AY11: 0

Sheet BCEU-rural-residential-lighting
A1: Year | B1: 2021 | C1: 2022 | D1: 2023 | E1: 2024 | F1: 2025 | G1: 2026 | H1: 2027 | I1: 2028 | J1: 2029 | K1: 2030 | L1: 2031 | M1: 2032 | N1: 2033 | O1: 2034 | P1: 2035 | Q1: 2036 | R1: 2037 | S1: 2038 | T1: 2039 | U1: 2040 | V1: 2041 | W1: 2042 | X1: 2043 | Y1: 2044 | Z1: 2045 | AA1: 2046 | AB1: 2047 | AC1: 2048 | AD1: 2049 | AE1: 2050 | AF1: 2051 | AG1: 2052 | AH1: 2053 | AI1: 2054 | AJ1: 2055 | AK1: 2056 | AL1: 2057 | AM1: 2058 | AN1: 2059 | AO1: 2060 | AP1: 2061 | AQ1: 2062 | AR1: 2063 | AS1: 2064 | AT1: 2065 | AU1: 2066 | AV1: 2067 | AW1: 2068 | AX1: 2069 | AY1: 2070
A2: electricity (BTU) | B2: =Calculations!H9 -> 6.7273239e+13 | C2: =Calculations!I9 -> 5.8403288e+13 | D2: =Calculations!J9 -> 5.9471776e+13 | E2: =Calculations!K9 -> 6.0475315e+13 | F2: =Calculations!L9 -> 6.1463718e+13 | G2: =Calculations!M9 -> 6.2437675e+13 | H2: =Calculations!N9 -> 6.3397835e+13 | I2: =Calculations!O9 -> 6.4820323e+13 | ... AY2: =Calculations!BE9 -> 1.0366377e+14
A3: coal (BTU) | B3: 0 | C3: 0 | D3: 0 | E3: 0 | F3: 0 | G3: 0 | H3: 0 | I3: 0 | J3: 0 | K3: 0 | L3: 0 | M3: 0 | N3: 0 | O3: 0 | P3: 0 | Q3: 0 | R3: 0 | S3: 0 | T3: 0 | U3: 0 | V3: 0 | W3: 0 | X3: 0 | Y3: 0 | Z3: 0 | AA3: 0 | AB3: 0 | AC3: 0 | AD3: 0 | AE3: 0 | AF3: 0 | AG3: 0 | AH3: 0 | AI3: 0 | AJ3: 0 | AK3: 0 | AL3: 0 | AM3: 0 | AN3: 0 | AO3: 0 | AP3: 0 | AQ3: 0 | AR3: 0 | AS3: 0 | AT3: 0 | AU3: 0 | AV3: 0 | AW3: 0 | AX3: 0 | AY3: 0
A4: natural gas (BTU) | B4: 0 | C4: 0 | D4: 0 | E4: 0 | F4: 0 | G4: 0 | H4: 0 | I4: 0 | J4: 0 | K4: 0 | L4: 0 | M4: 0 | N4: 0 | O4: 0 | P4: 0 | Q4: 0 | R4: 0 | S4: 0 | T4: 0 | U4: 0 | V4: 0 | W4: 0 | X4: 0 | Y4: 0 | Z4: 0 | AA4: 0 | AB4: 0 | AC4: 0 | AD4: 0 | AE4: 0 | AF4: 0 | AG4: 0 | AH4: 0 | AI4: 0 | AJ4: 0 | AK4: 0 | AL4: 0 | AM4: 0 | AN4: 0 | AO4: 0 | AP4: 0 | AQ4: 0 | AR4: 0 | AS4: 0 | AT4: 0 | AU4: 0 | AV4: 0 | AW4: 0 | AX4: 0 | AY4: 0
A5: petroleum diesel (BTU) | B5: 0 | C5: 0 | D5: 0 | E5: 0 | F5: 0 | G5: 0 | H5: 0 | I5: 0 | J5: 0 | K5: 0 | L5: 0 | M5: 0 | N5: 0 | O5: 0 | P5: 0 | Q5: 0 | R5: 0 | S5: 0 | T5: 0 | U5: 0 | V5: 0 | W5: 0 | X5: 0 | Y5: 0 | Z5: 0 | AA5: 0 | AB5: 0 | AC5: 0 | AD5: 0 | AE5: 0 | AF5: 0 | AG5: 0 | AH5: 0 | AI5: 0 | AJ5: 0 | AK5: 0 | AL5: 0 | AM5: 0 | AN5: 0 | AO5: 0 | AP5: 0 | AQ5: 0 | AR5: 0 | AS5: 0 | AT5: 0 | AU5: 0 | AV5: 0 | AW5: 0 | AX5: 0 | AY5: 0
A6: heat (BTU) | B6: 0 | C6: 0 | D6: 0 | E6: 0 | F6: 0 | G6: 0 | H6: 0 | I6: 0 | J6: 0 | K6: 0 | L6: 0 | M6: 0 | N6: 0 | O6: 0 | P6: 0 | Q6: 0 | R6: 0 | S6: 0 | T6: 0 | U6: 0 | V6: 0 | W6: 0 | X6: 0 | Y6: 0 | Z6: 0 | AA6: 0 | AB6: 0 | AC6: 0 | AD6: 0 | AE6: 0 | AF6: 0 | AG6: 0 | AH6: 0 | AI6: 0 | AJ6: 0 | AK6: 0 | AL6: 0 | AM6: 0 | AN6: 0 | AO6: 0 | AP6: 0 | AQ6: 0 | AR6: 0 | AS6: 0 | AT6: 0 | AU6: 0 | AV6: 0 | AW6: 0 | AX6: 0 | AY6: 0
A7: biomass (BTU) | B7: 0 | C7: 0 | D7: 0 | E7: 0 | F7: 0 | G7: 0 | H7: 0 | I7: 0 | J7: 0 | K7: 0 | L7: 0 | M7: 0 | N7: 0 | O7: 0 | P7: 0 | Q7: 0 | R7: 0 | S7: 0 | T7: 0 | U7: 0 | V7: 0 | W7: 0 | X7: 0 | Y7: 0 | Z7: 0 | AA7: 0 | AB7: 0 | AC7: 0 | AD7: 0 | AE7: 0 | AF7: 0 | AG7: 0 | AH7: 0 | AI7: 0 | AJ7: 0 | AK7: 0 | AL7: 0 | AM7: 0 | AN7: 0 | AO7: 0 | AP7: 0 | AQ7: 0 | AR7: 0 | AS7: 0 | AT7: 0 | AU7: 0 | AV7: 0 | AW7: 0 | AX7: 0 | AY7: 0
A8: kerosene (BTU) | B8: =Calculations!H99 -> 0 | C8: =Calculations!I99 -> 0 | D8: =Calculations!J99 -> 0 | E8: =Calculations!K99 -> 0 | F8: =Calculations!L99 -> 0 | G8: =Calculations!M99 -> 0 | H8: =Calculations!N99 -> 0 | I8: =Calculations!O99 -> 0 | ... AY8: =Calculations!BE99 -> 0
A9: heavy or residual fuel oil (BTU) | B9: 0 | C9: 0 | D9: 0 | E9: 0 | F9: 0 | G9: 0 | H9: 0 | I9: 0 | J9: 0 | K9: 0 | L9: 0 | M9: 0 | N9: 0 | O9: 0 | P9: 0 | Q9: 0 | R9: 0 | S9: 0 | T9: 0 | U9: 0 | V9: 0 | W9: 0 | X9: 0 | Y9: 0 | Z9: 0 | AA9: 0 | AB9: 0 | AC9: 0 | AD9: 0 | AE9: 0 | AF9: 0 | AG9: 0 | AH9: 0 | AI9: 0 | AJ9: 0 | AK9: 0 | AL9: 0 | AM9: 0 | AN9: 0 | AO9: 0 | AP9: 0 | AQ9: 0 | AR9: 0 | AS9: 0 | AT9: 0 | AU9: 0 | AV9: 0 | AW9: 0 | AX9: 0 | AY9: 0
A10: LPG propane or butane (BTU) | B10: 0 | C10: 0 | D10: 0 | E10: 0 | F10: 0 | G10: 0 | H10: 0 | I10: 0 | J10: 0 | K10: 0 | L10: 0 | M10: 0 | N10: 0 | O10: 0 | P10: 0 | Q10: 0 | R10: 0 | S10: 0 | T10: 0 | U10: 0 | V10: 0 | W10: 0 | X10: 0 | Y10: 0 | Z10: 0 | AA10: 0 | AB10: 0 | AC10: 0 | AD10: 0 | AE10: 0 | AF10: 0 | AG10: 0 | AH10: 0 | AI10: 0 | AJ10: 0 | AK10: 0 | AL10: 0 | AM10: 0 | AN10: 0 | AO10: 0 | AP10: 0 | AQ10: 0 | AR10: 0 | AS10: 0 | AT10: 0 | AU10: 0 | AV10: 0 | AW10: 0 | AX10: 0 | AY10: 0
A11: hydrogen (BTU) | B11: 0 | C11: 0 | D11: 0 | E11: 0 | F11: 0 | G11: 0 | H11: 0 | I11: 0 | J11: 0 | K11: 0 | L11: 0 | M11: 0 | N11: 0 | O11: 0 | P11: 0 | Q11: 0 | R11: 0 | S11: 0 | T11: 0 | U11: 0 | V11: 0 | W11: 0 | X11: 0 | Y11: 0 | Z11: 0 | AA11: 0 | AB11: 0 | AC11: 0 | AD11: 0 | AE11: 0 | AF11: 0 | AG11: 0 | AH11: 0 | AI11: 0 | AJ11: 0 | AK11: 0 | AL11: 0 | AM11: 0 | AN11: 0 | AO11: 0 | AP11: 0 | AQ11: 0 | AR11: 0 | AS11: 0 | AT11: 0 | AU11: 0 | AV11: 0 | AW11: 0 | AX11: 0 | AY11: 0

Sheet BCEU-rural-residential-appl
A1: Year | B1: 2021 | C1: 2022 | D1: 2023 | E1: 2024 | F1: 2025 | G1: 2026 | H1: 2027 | I1: 2028 | J1: 2029 | K1: 2030 | L1: 2031 | M1: 2032 | N1: 2033 | O1: 2034 | P1: 2035 | Q1: 2036 | R1: 2037 | S1: 2038 | T1: 2039 | U1: 2040 | V1: 2041 | W1: 2042 | X1: 2043 | Y1: 2044 | Z1: 2045 | AA1: 2046 | AB1: 2047 | AC1: 2048 | AD1: 2049 | AE1: 2050 | AF1: 2051 | AG1: 2052 | AH1: 2053 | AI1: 2054 | AJ1: 2055 | AK1: 2056 | AL1: 2057 | AM1: 2058 | AN1: 2059 | AO1: 2060 | AP1: 2061 | AQ1: 2062 | AR1: 2063 | AS1: 2064 | AT1: 2065 | AU1: 2066 | AV1: 2067 | AW1: 2068 | AX1: 2069 | AY1: 2070
A2: electricity (BTU) | B2: =Calculations!H10 -> 3.5066374e+14 | C2: =Calculations!I10 -> 3.629447e+14 | D2: =Calculations!J10 -> 3.800964e+14 | E2: =Calculations!K10 -> 3.9661632e+14 | F2: =Calculations!L10 -> 4.1282459e+14 | G2: =Calculations!M10 -> 4.2873543e+14 | H2: =Calculations!N10 -> 4.4436219e+14 | I2: =Calculations!O10 -> 4.6136866e+14 | ... AY2: =Calculations!BE10 -> 7.8248621e+14
A3: coal (BTU) | B3: 0 | C3: 0 | D3: 0 | E3: 0 | F3: 0 | G3: 0 | H3: 0 | I3: 0 | J3: 0 | K3: 0 | L3: 0 | M3: 0 | N3: 0 | O3: 0 | P3: 0 | Q3: 0 | R3: 0 | S3: 0 | T3: 0 | U3: 0 | V3: 0 | W3: 0 | X3: 0 | Y3: 0 | Z3: 0 | AA3: 0 | AB3: 0 | AC3: 0 | AD3: 0 | AE3: 0 | AF3: 0 | AG3: 0 | AH3: 0 | AI3: 0 | AJ3: 0 | AK3: 0 | AL3: 0 | AM3: 0 | AN3: 0 | AO3: 0 | AP3: 0 | AQ3: 0 | AR3: 0 | AS3: 0 | AT3: 0 | AU3: 0 | AV3: 0 | AW3: 0 | AX3: 0 | AY3: 0
A4: natural gas (BTU) | B4: =Calculations!H40 -> 6.2864129e+13 | C4: =Calculations!I40 -> 66856292947929 | D4: =Calculations!J40 -> 7.013711e+13 | E4: =Calculations!K40 -> 7.3417927e+13 | F4: =Calculations!L40 -> 7.6698743e+13 | G4: =Calculations!M40 -> 7.997956e+13 | H4: =Calculations!N40 -> 8.3260377e+13 | I4: =Calculations!O40 -> 8.8330782e+13 | ... AY4: =Calculations!BE40 -> 2.7250386e+14
A5: petroleum diesel (BTU) | B5: 0 | C5: 0 | D5: 0 | E5: 0 | F5: 0 | G5: 0 | H5: 0 | I5: 0 | J5: 0 | K5: 0 | L5: 0 | M5: 0 | N5: 0 | O5: 0 | P5: 0 | Q5: 0 | R5: 0 | S5: 0 | T5: 0 | U5: 0 | V5: 0 | W5: 0 | X5: 0 | Y5: 0 | Z5: 0 | AA5: 0 | AB5: 0 | AC5: 0 | AD5: 0 | AE5: 0 | AF5: 0 | AG5: 0 | AH5: 0 | AI5: 0 | AJ5: 0 | AK5: 0 | AL5: 0 | AM5: 0 | AN5: 0 | AO5: 0 | AP5: 0 | AQ5: 0 | AR5: 0 | AS5: 0 | AT5: 0 | AU5: 0 | AV5: 0 | AW5: 0 | AX5: 0 | AY5: 0
A6: heat (BTU) | B6: 0 | C6: 0 | D6: 0 | E6: 0 | F6: 0 | G6: 0 | H6: 0 | I6: 0 | J6: 0 | K6: 0 | L6: 0 | M6: 0 | N6: 0 | O6: 0 | P6: 0 | Q6: 0 | R6: 0 | S6: 0 | T6: 0 | U6: 0 | V6: 0 | W6: 0 | X6: 0 | Y6: 0 | Z6: 0 | AA6: 0 | AB6: 0 | AC6: 0 | AD6: 0 | AE6: 0 | AF6: 0 | AG6: 0 | AH6: 0 | AI6: 0 | AJ6: 0 | AK6: 0 | AL6: 0 | AM6: 0 | AN6: 0 | AO6: 0 | AP6: 0 | AQ6: 0 | AR6: 0 | AS6: 0 | AT6: 0 | AU6: 0 | AV6: 0 | AW6: 0 | AX6: 0 | AY6: 0
A7: biomass (BTU) | B7: =Calculations!H85 -> 2.6601454e+15 | C7: =Calculations!I85 -> 2.4699023e+15 | D7: =Calculations!J85 -> 2.3020828e+15 | E7: =Calculations!K85 -> 2.1342632e+15 | F7: =Calculations!L85 -> 1.9664437e+15 | G7: =Calculations!M85 -> 1.7986241e+15 | H7: =Calculations!N85 -> 1.6308046e+15 | I7: =Calculations!O85 -> 1.5071375e+15 | ... AY7: =Calculations!BE85 -> -1.5470749e+14
A8: kerosene (BTU) | B8: =Calculations!H100 -> 4.4635129e+12 | C8: =Calculations!I100 -> 0 | D8: =Calculations!J100 -> 0 | E8: =Calculations!K100 -> 0 | F8: =Calculations!L100 -> 0 | G8: =Calculations!M100 -> 0 | H8: =Calculations!N100 -> 0 | I8: =Calculations!O100 -> 0 | ... AY8: =Calculations!BE100 -> 0
A9: heavy or residual fuel oil (BTU) | B9: 0 | C9: 0 | D9: 0 | E9: 0 | F9: 0 | G9: 0 | H9: 0 | I9: 0 | J9: 0 | K9: 0 | L9: 0 | M9: 0 | N9: 0 | O9: 0 | P9: 0 | Q9: 0 | R9: 0 | S9: 0 | T9: 0 | U9: 0 | V9: 0 | W9: 0 | X9: 0 | Y9: 0 | Z9: 0 | AA9: 0 | AB9: 0 | AC9: 0 | AD9: 0 | AE9: 0 | AF9: 1 | AG9: 2 | AH9: 3 | AI9: 4 | AJ9: 5 | AK9: 6 | AL9: 7 | AM9: 8 | AN9: 9 | AO9: 10 | AP9: 11 | AQ9: 12 | AR9: 13 | AS9: 14 | AT9: 15 | AU9: 16 | AV9: 17 | AW9: 18 | AX9: 19 | AY9: 20
A10: LPG propane or butane (BTU) | B10: =Calculations!H130 -> 4.5204152e+14 | C10: =Calculations!I130 -> 4.7627132e+14 | D10: =Calculations!J130 -> 4.9113956e+14 | E10: =Calculations!K130 -> 5.060078e+14 | F10: =Calculations!L130 -> 5.2087604e+14 | G10: =Calculations!M130 -> 5.3574428e+14 | H10: =Calculations!N130 -> 5.5061251e+14 | I10: =Calculations!O130 -> 586035235436608 | ... AY10: =Calculations!BE130 -> 6.3716401e+14
A11: hydrogen (BTU) | B11: 0 | C11: 0 | D11: 0 | E11: 0 | F11: 0 | G11: 0 | H11: 0 | I11: 0 | J11: 0 | K11: 0 | L11: 0 | M11: 0 | N11: 0 | O11: 0 | P11: 0 | Q11: 0 | R11: 0 | S11: 0 | T11: 0 | U11: 0 | V11: 0 | W11: 0 | X11: 0 | Y11: 0 | Z11: 0 | AA11: 0 | AB11: 0 | AC11: 0 | AD11: 0 | AE11: 0 | AF11: 0 | AG11: 0 | AH11: 0 | AI11: 0 | AJ11: 0 | AK11: 0 | AL11: 0 | AM11: 0 | AN11: 0 | AO11: 0 | AP11: 0 | AQ11: 0 | AR11: 0 | AS11: 0 | AT11: 0 | AU11: 0 | AV11: 0 | AW11: 0 | AX11: 0 | AY11: 0

Sheet BCEU-rural-residential-other
A1: Year | B1: 2021 | C1: 2022 | D1: 2023 | E1: 2024 | F1: 2025 | G1: 2026 | H1: 2027 | I1: 2028 | J1: 2029 | K1: 2030 | L1: 2031 | M1: 2032 | N1: 2033 | O1: 2034 | P1: 2035 | Q1: 2036 | R1: 2037 | S1: 2038 | T1: 2039 | U1: 2040 | V1: 2041 | W1: 2042 | X1: 2043 | Y1: 2044 | Z1: 2045 | AA1: 2046 | AB1: 2047 | AC1: 2048 | AD1: 2049 | AE1: 2050 | AF1: 2051 | AG1: 2052 | AH1: 2053 | AI1: 2054 | AJ1: 2055 | AK1: 2056 | AL1: 2057 | AM1: 2058 | AN1: 2059 | AO1: 2060 | AP1: 2061 | AQ1: 2062 | AR1: 2063 | AS1: 2064 | AT1: 2065 | AU1: 2066 | AV1: 2067 | AW1: 2068 | AX1: 2069 | AY1: 2070
A2: electricity (BTU) | B2: =Calculations!H6 -> 4.0962765e+13 | C2: =Calculations!I6 -> 3.6324884e+13 | D2: =Calculations!J6 -> 4.1509962e+13 | E2: =Calculations!K6 -> 4.6883517e+13 | F2: =Calculations!L6 -> 5.2388893e+13 | G2: =Calculations!M6 -> 5.8020078e+13 | H2: =Calculations!N6 -> 6.3771419e+13 | I2: =Calculations!O6 -> 7.2465809e+13 | ... AY2: =Calculations!BE6 -> 9.3536722e+14
