Workbook
Name income: Calculations!$B$10
Name Range_EV: Calculations!$B$9
Name range_ICE: Calculations!$B$8

Sheet About
A1: BRAaCTSC BAU Range Anxiety Shadow Cost
A3: Source: | B3: Median Indian Income
B4: Statista
B5: 2021
B6: Share of households by gross annual income across India in financial year 2021
B7: https://www.statista.com/statistics/482584/india-households-by-annual-income/
B8: Bar chart
B10: Range and Fueling Availability 'Costs'
B11: US Department of Energy
B12: 2013
B13: https://www.nrel.gov/docs/fy13osti/55639.pdf
B15: Gasoline vehicle range
B16: US Department of Energy
B17: 2016
B18: All-Electric Vehicle Ranges Can Exceed Those of Some Gasoline Vehicles
B19: https://www.energy.gov/eere/vehicles/fact-939-august-22-2016-all-electric-vehicle-ranges-can-exceed-those-some-gasoline
B20: First Figure
B22: EV range
B23: Tata Motors EV
B24: 2024
B25: Driving Range Declaration
B26: https://ev.tatamotors.com/articles/press-releases/driving-range-declaration.html
A28: Notes
A29: This variable represents the perceived cost of range anxiety - the fear (or inconvenience around) that
A30: the vehicle has insufficient range to reach its destination.
A32: In the US, we use a DOE study to calculate a Range Compensating Value and a Fuel Availability Value.
A33: The Range Compensating Value uses parameters from the DOE study, the median household income,
A34: and the median ranges of ICE and EV vehicles. For EV vehicles, the current median range has nearly reached
A35: 200 miles and is forecasted to continue improving. Therefore, we start with today's median range, and assume
A36: the range is assumed to reach ICE vehicle range by 2070.
A38: Currency Conversion
A39: 2019 to 2012 USD | B39: 0.89805482
A40: 2022 INR to USD | B40: 82.79

Sheet Calculations
A1: Range Compensating Value | H1: EV Range
A2: b1 | B2: -0.361 | H2: Model | I2: Urban+Extra Urban (P1+P2) (kms) [MoRTH declaration mandate. Simulates city and highway driving]
A3: b2 | H3: Curvv EV 55 kWh | I3: 502
A4: b3 | B4: 1.268 | H4: Curvv.ev 45 kWh | I4: 430
A5: b4 | B5: -0.116 | H5: Nexon.ev 40.5 kWh | I5: 390
H6: Nexon.ev 30 kWh | I6: 275
B7: 2020 | C7: 2030 | D7: 2050 | E7: 2070 | H7: Punch.ev 35 kWh | I7: 365
A8: median range ice (hundred miles) | B8: 4.12 | C8: 4.12 | D8: =B8 -> 4.12 | E8: 4.12 | H8: Punch.ev 25 kWh | I8: 265
A9: range ev (hundred miles) | B9: =I11/1.609/100 -> 1.9888129 | C9: =3*1.99/2.59 -> 2.3050193 | D9: =4.12*1.99/2.59 -> 3.1655598 | E9: 4.12 | H9: Tiago.ev 24 kWh | I9: 275
A10: income (thousand USD) | B10: =((125+500)/52*35)/About!B40 -> 5.0812064 | C10: =income -> 5.0812064 | D10: =B10 -> 5.0812064 | E10: =income -> 5.0812064 | H10: Tiago.ev 19.2 kWh | I10: 221
A11: *2020 median range taken from historical data. 2030 and 2050 are estimated, with the 2050 | H11: Median | I11: =MEDIAN(I3:I10) -> 320
A12: range roughly corresponding to today's maximum range
A14: cv (thousand USD) | B14: =($B$4/$B$2*B9*(1-B8/B9)+$B$5/$B$2*B9^2*(1-B8^2/B9^2))*LN(income)*About!$B$39 -> 4.820836 | C14: =($B$4/$B$2*C9*(1-C8/C9)+$B$5/$B$2*C9^2*(1-C8^2/C9^2))*LN(income)*About!$B$39 -> 3.8363505 | D14: =($B$4/$B$2*D9*(1-D8/D9)+$B$5/$B$2*D9^2*(1-D8^2/D9^2))*LN(income)*About!$B$39 -> 1.6321362 | E14: =($B$4/$B$2*E9*(1-E8/E9)+$B$5/$B$2*E9^2*(1-E8^2/E9^2))*LN(income)*About!$B$39 -> 0

Sheet BRASC
A1: Cost ($/vehicle) | B1: 2020 | C1: 2021 | D1: 2022 | E1: 2023 | F1: 2024 | G1: 2025 | H1: 2026 | I1: 2027 | J1: 2028 | K1: 2029 | L1: 2030 | M1: 2031 | N1: 2032 | O1: 2033 | P1: 2034 | Q1: 2035 | R1: 2036 | S1: 2037 | T1: 2038 | U1: 2039 | V1: 2040 | W1: 2041 | X1: 2042 | Y1: 2043 | Z1: 2044 | AA1: 2045 | AB1: 2046 | AC1: 2047 | AD1: 2048 | AE1: 2049 | AF1: 2050 | AG1: 2051 | AH1: 2052 | AI1: 2053 | AJ1: 2054 | AK1: 2055 | AL1: 2056 | AM1: 2057 | AN1: 2058 | AO1: 2059 | AP1: 2060 | AQ1: 2061 | AR1: 2062 | AS1: 2063 | AT1: 2064 | AU1: 2065 | AV1: 2066 | AW1: 2067 | AX1: 2068 | AY1: 2069 | AZ1: 2070
A2: Shadow cost | B2: {=TREND(Calculations!$B$14:$C$14,Calculations!$B$7:$C$7,B1)*1000*About!$B$39} -> 4329.375 | C2: {=TREND(Calculations!$B$14:$C$14,Calculations!$B$7:$C$7,C1)*1000*About!$B$39} -> 4240.9628 | D2: {=TREND(Calculations!$B$14:$C$14,Calculations!$B$7:$C$7,D1)*1000*About!$B$39} -> 4152.5506 | E2: {=TREND(Calculations!$B$14:$C$14,Calculations!$B$7:$C$7,E1)*1000*About!$B$39} -> 4064.1384 | F2: {=TREND(Calculations!$B$14:$C$14,Calculations!$B$7:$C$7,F1)*1000*About!$B$39} -> 3975.7262 | G2: {=TREND(Calculations!$B$14:$C$14,Calculations!$B$7:$C$7,G1)*1000*About!$B$39} -> 3887.314 | H2: {=TREND(Calculations!$B$14:$C$14,Calculations!$B$7:$C$7,H1)*1000*About!$B$39} -> 3798.9018 | I2: {=TREND(Calculations!$B$14:$C$14,Calculations!$B$7:$C$7,I1)*1000*About!$B$39} -> 3710.4896 | ... L2: {=TREND(Calculations!$B$14:$C$14,Calculations!$B$7:$C$7,L1)*1000*About!$B$39} -> 3445.2531 | M2: {=TREND(Calculations!$C$14:$D$14,Calculations!$C$7:$D$7,M1)*1000*About!$B$39} -> 3346.2778 | N2: {=TREND(Calculations!$C$14:$D$14,Calculations!$C$7:$D$7,N1)*1000*About!$B$39} -> 3247.3025 | O2: {=TREND(Calculations!$C$14:$D$14,Calculations!$C$7:$D$7,O1)*1000*About!$B$39} -> 3148.3273 | P2: {=TREND(Calculations!$C$14:$D$14,Calculations!$C$7:$D$7,P1)*1000*About!$B$39} -> 3049.352 | Q2: {=TREND(Calculations!$C$14:$D$14,Calculations!$C$7:$D$7,Q1)*1000*About!$B$39} -> 2950.3767 | R2: {=TREND(Calculations!$C$14:$D$14,Calculations!$C$7:$D$7,R1)*1000*About!$B$39} -> 2851.4015 | S2: {=TREND(Calculations!$C$14:$D$14,Calculations!$C$7:$D$7,S1)*1000*About!$B$39} -> 2752.4262 | T2: {=TREND(Calculations!$C$14:$D$14,Calculations!$C$7:$D$7,T1)*1000*About!$B$39} -> 2653.451 | ... AT2: {=TREND(Calculations!$C$14:$D$14,Calculations!$C$7:$D$7,AT1)*1000*About!$B$39} -> 80.094114 | AU2: 0 | AV2: 0 | AW2: 0 | AX2: 0 | AY2: 0 | AZ2: 0
